The system is: Linux - 4.4.0-19041-Microsoft - x86_64
Compiling the C compiler identification source file "CMakeCCompilerId.c" succeeded.
Compiler: /usr/bin/cc 
Build flags: 
Id flags:  

The output was:
0


Compilation of the C compiler identification source "CMakeCCompilerId.c" produced "a.out"

The C compiler identification is GNU, found in "/home/dachuo/build/CMakeFiles/3.16.3/CompilerIdC/a.out"

Compiling the CXX compiler identification source file "CMakeCXXCompilerId.cpp" succeeded.
Compiler: /usr/bin/c++ 
Build flags: 
Id flags:  

The output was:
0


Compilation of the CXX compiler identification source "CMakeCXXCompilerId.cpp" produced "a.out"

The CXX compiler identification is GNU, found in "/home/dachuo/build/CMakeFiles/3.16.3/CompilerIdCXX/a.out"

Determining if the C compiler works passed with the following output:
Change Dir: /home/dachuo/build/CMakeFiles/CMakeTmp

Run Build Command(s):/usr/bin/make cmTC_c2034/fast && /usr/bin/make -f CMakeFiles/cmTC_c2034.dir/build.make CMakeFiles/cmTC_c2034.dir/build
make[1]: Entering directory '/home/dachuo/build/CMakeFiles/CMakeTmp'
Building C object CMakeFiles/cmTC_c2034.dir/testCCompiler.c.o
/usr/bin/cc    -o CMakeFiles/cmTC_c2034.dir/testCCompiler.c.o   -c /home/dachuo/build/CMakeFiles/CMakeTmp/testCCompiler.c
Linking C executable cmTC_c2034
/usr/bin/cmake -E cmake_link_script CMakeFiles/cmTC_c2034.dir/link.txt --verbose=1
/usr/bin/cc      CMakeFiles/cmTC_c2034.dir/testCCompiler.c.o  -o cmTC_c2034 
make[1]: Leaving directory '/home/dachuo/build/CMakeFiles/CMakeTmp'



Detecting C compiler ABI info compiled with the following output:
Change Dir: /home/dachuo/build/CMakeFiles/CMakeTmp

Run Build Command(s):/usr/bin/make cmTC_7cbe4/fast && /usr/bin/make -f CMakeFiles/cmTC_7cbe4.dir/build.make CMakeFiles/cmTC_7cbe4.dir/build
make[1]: Entering directory '/home/dachuo/build/CMakeFiles/CMakeTmp'
Building C object CMakeFiles/cmTC_7cbe4.dir/CMakeCCompilerABI.c.o
/usr/bin/cc   -v -o CMakeFiles/cmTC_7cbe4.dir/CMakeCCompilerABI.c.o   -c /usr/share/cmake-3.16/Modules/CMakeCCompilerABI.c
Using built-in specs.
COLLECT_GCC=/usr/bin/cc
Target: x86_64-linux-gnu
Configured with: ../src/configure -v --with-pkgversion='Ubuntu 13.1.0-8ubuntu1~20.04.2' --with-bugurl=file:///usr/share/doc/gcc-13/README.Bugs --enable-languages=c,ada,c++,go,d,fortran,objc,obj-c++,m2,rust --prefix=/usr --with-gcc-major-version-only --program-suffix=-13 --program-prefix=x86_64-linux-gnu- --enable-shared --enable-linker-build-id --libexecdir=/usr/libexec --without-included-gettext --enable-threads=posix --libdir=/usr/lib --enable-nls --enable-clocale=gnu --enable-libstdcxx-debug --enable-libstdcxx-time=yes --with-default-libstdcxx-abi=new --enable-gnu-unique-object --disable-vtable-verify --enable-plugin --enable-default-pie --with-system-zlib --enable-libphobos-checking=release --with-target-system-zlib=auto --enable-objc-gc=auto --enable-multiarch --disable-werror --enable-cet --with-arch-32=i686 --with-abi=m64 --with-multilib-list=m32,m64,mx32 --enable-multilib --with-tune=generic --enable-checking=release --build=x86_64-linux-gnu --host=x86_64-linux-gnu --target=x86_64-linux-gnu
Thread model: posix
Supported LTO compression algorithms: zlib zstd
gcc version 13.1.0 (Ubuntu 13.1.0-8ubuntu1~20.04.2) 
COLLECT_GCC_OPTIONS='-v' '-o' 'CMakeFiles/cmTC_7cbe4.dir/CMakeCCompilerABI.c.o' '-c' '-mtune=generic' '-march=x86-64' '-dumpdir' 'CMakeFiles/cmTC_7cbe4.dir/'
 /usr/libexec/gcc/x86_64-linux-gnu/13/cc1 -quiet -v -imultiarch x86_64-linux-gnu /usr/share/cmake-3.16/Modules/CMakeCCompilerABI.c -quiet -dumpdir CMakeFiles/cmTC_7cbe4.dir/ -dumpbase CMakeCCompilerABI.c.c -dumpbase-ext .c -mtune=generic -march=x86-64 -version -fasynchronous-unwind-tables -fstack-protector-strong -Wformat -Wformat-security -fstack-clash-protection -fcf-protection -o /tmp/ccZDB05s.s
GNU C17 (Ubuntu 13.1.0-8ubuntu1~20.04.2) version 13.1.0 (x86_64-linux-gnu)
	compiled by GNU C version 13.1.0, GMP version 6.2.0, MPFR version 4.0.2, MPC version 1.1.0, isl version isl-0.22.1-GMP

GGC heuristics: --param ggc-min-expand=100 --param ggc-min-heapsize=131072
ignoring nonexistent directory "/usr/local/include/x86_64-linux-gnu"
ignoring nonexistent directory "/usr/lib/gcc/x86_64-linux-gnu/13/include-fixed/x86_64-linux-gnu"
ignoring nonexistent directory "/usr/lib/gcc/x86_64-linux-gnu/13/include-fixed"
ignoring nonexistent directory "/usr/lib/gcc/x86_64-linux-gnu/13/../../../../x86_64-linux-gnu/include"
#include "..." search starts here:
#include <...> search starts here:
 /usr/lib/gcc/x86_64-linux-gnu/13/include
 /usr/local/include
 /usr/include/x86_64-linux-gnu
 /usr/include
End of search list.
Compiler executable checksum: f0b3c90e0f11c3d406d33a12053911f6
COLLECT_GCC_OPTIONS='-v' '-o' 'CMakeFiles/cmTC_7cbe4.dir/CMakeCCompilerABI.c.o' '-c' '-mtune=generic' '-march=x86-64' '-dumpdir' 'CMakeFiles/cmTC_7cbe4.dir/'
 as -v --64 -o CMakeFiles/cmTC_7cbe4.dir/CMakeCCompilerABI.c.o /tmp/ccZDB05s.s
GNU assembler version 2.34 (x86_64-linux-gnu) using BFD version (GNU Binutils for Ubuntu) 2.34
COMPILER_PATH=/usr/libexec/gcc/x86_64-linux-gnu/13/:/usr/libexec/gcc/x86_64-linux-gnu/13/:/usr/libexec/gcc/x86_64-linux-gnu/:/usr/lib/gcc/x86_64-linux-gnu/13/:/usr/lib/gcc/x86_64-linux-gnu/
LIBRARY_PATH=/usr/lib/gcc/x86_64-linux-gnu/13/:/usr/lib/gcc/x86_64-linux-gnu/13/../../../x86_64-linux-gnu/:/usr/lib/gcc/x86_64-linux-gnu/13/../../../../lib/:/lib/x86_64-linux-gnu/:/lib/../lib/:/usr/lib/x86_64-linux-gnu/:/usr/lib/../lib/:/usr/lib/gcc/x86_64-linux-gnu/13/../../../:/lib/:/usr/lib/
COLLECT_GCC_OPTIONS='-v' '-o' 'CMakeFiles/cmTC_7cbe4.dir/CMakeCCompilerABI.c.o' '-c' '-mtune=generic' '-march=x86-64' '-dumpdir' 'CMakeFiles/cmTC_7cbe4.dir/CMakeCCompilerABI.c.'
Linking C executable cmTC_7cbe4
/usr/bin/cmake -E cmake_link_script CMakeFiles/cmTC_7cbe4.dir/link.txt --verbose=1
/usr/bin/cc     -v CMakeFiles/cmTC_7cbe4.dir/CMakeCCompilerABI.c.o  -o cmTC_7cbe4 
Using built-in specs.
COLLECT_GCC=/usr/bin/cc
COLLECT_LTO_WRAPPER=/usr/libexec/gcc/x86_64-linux-gnu/13/lto-wrapper
Target: x86_64-linux-gnu
Configured with: ../src/configure -v --with-pkgversion='Ubuntu 13.1.0-8ubuntu1~20.04.2' --with-bugurl=file:///usr/share/doc/gcc-13/README.Bugs --enable-languages=c,ada,c++,go,d,fortran,objc,obj-c++,m2,rust --prefix=/usr --with-gcc-major-version-only --program-suffix=-13 --program-prefix=x86_64-linux-gnu- --enable-shared --enable-linker-build-id --libexecdir=/usr/libexec --without-included-gettext --enable-threads=posix --libdir=/usr/lib --enable-nls --enable-clocale=gnu --enable-libstdcxx-debug --enable-libstdcxx-time=yes --with-default-libstdcxx-abi=new --enable-gnu-unique-object --disable-vtable-verify --enable-plugin --enable-default-pie --with-system-zlib --enable-libphobos-checking=release --with-target-system-zlib=auto --enable-objc-gc=auto --enable-multiarch --disable-werror --enable-cet --with-arch-32=i686 --with-abi=m64 --with-multilib-list=m32,m64,mx32 --enable-multilib --with-tune=generic --enable-checking=release --build=x86_64-linux-gnu --host=x86_64-linux-gnu --target=x86_64-linux-gnu
Thread model: posix
Supported LTO compression algorithms: zlib zstd
gcc version 13.1.0 (Ubuntu 13.1.0-8ubuntu1~20.04.2) 
COMPILER_PATH=/usr/libexec/gcc/x86_64-linux-gnu/13/:/usr/libexec/gcc/x86_64-linux-gnu/13/:/usr/libexec/gcc/x86_64-linux-gnu/:/usr/lib/gcc/x86_64-linux-gnu/13/:/usr/lib/gcc/x86_64-linux-gnu/
LIBRARY_PATH=/usr/lib/gcc/x86_64-linux-gnu/13/:/usr/lib/gcc/x86_64-linux-gnu/13/../../../x86_64-linux-gnu/:/usr/lib/gcc/x86_64-linux-gnu/13/../../../../lib/:/lib/x86_64-linux-gnu/:/lib/../lib/:/usr/lib/x86_64-linux-gnu/:/usr/lib/../lib/:/usr/lib/gcc/x86_64-linux-gnu/13/../../../:/lib/:/usr/lib/
COLLECT_GCC_OPTIONS='-v' '-o' 'cmTC_7cbe4' '-mtune=generic' '-march=x86-64' '-dumpdir' 'cmTC_7cbe4.'
 /usr/libexec/gcc/x86_64-linux-gnu/13/collect2 -plugin /usr/libexec/gcc/x86_64-linux-gnu/13/liblto_plugin.so -plugin-opt=/usr/libexec/gcc/x86_64-linux-gnu/13/lto-wrapper -plugin-opt=-fresolution=/tmp/ccZn7bEX.res -plugin-opt=-pass-through=-lgcc -plugin-opt=-pass-through=-lgcc_s -plugin-opt=-pass-through=-lc -plugin-opt=-pass-through=-lgcc -plugin-opt=-pass-through=-lgcc_s --build-id --eh-frame-hdr -m elf_x86_64 --hash-style=gnu --as-needed -dynamic-linker /lib64/ld-linux-x86-64.so.2 -pie -z now -z relro -o cmTC_7cbe4 /usr/lib/gcc/x86_64-linux-gnu/13/../../../x86_64-linux-gnu/Scrt1.o /usr/lib/gcc/x86_64-linux-gnu/13/../../../x86_64-linux-gnu/crti.o /usr/lib/gcc/x86_64-linux-gnu/13/crtbeginS.o -L/usr/lib/gcc/x86_64-linux-gnu/13 -L/usr/lib/gcc/x86_64-linux-gnu/13/../../../x86_64-linux-gnu -L/usr/lib/gcc/x86_64-linux-gnu/13/../../../../lib -L/lib/x86_64-linux-gnu -L/lib/../lib -L/usr/lib/x86_64-linux-gnu -L/usr/lib/../lib -L/usr/lib/gcc/x86_64-linux-gnu/13/../../.. CMakeFiles/cmTC_7cbe4.dir/CMakeCCompilerABI.c.o -lgcc --push-state --as-needed -lgcc_s --pop-state -lc -lgcc --push-state --as-needed -lgcc_s --pop-state /usr/lib/gcc/x86_64-linux-gnu/13/crtendS.o /usr/lib/gcc/x86_64-linux-gnu/13/../../../x86_64-linux-gnu/crtn.o
COLLECT_GCC_OPTIONS='-v' '-o' 'cmTC_7cbe4' '-mtune=generic' '-march=x86-64' '-dumpdir' 'cmTC_7cbe4.'
make[1]: Leaving directory '/home/dachuo/build/CMakeFiles/CMakeTmp'



Parsed C implicit include dir info from above output: rv=done
  found start of include info
  found start of implicit include info
    add: [/usr/lib/gcc/x86_64-linux-gnu/13/include]
    add: [/usr/local/include]
    add: [/usr/include/x86_64-linux-gnu]
    add: [/usr/include]
  end of search list found
  collapse include dir [/usr/lib/gcc/x86_64-linux-gnu/13/include] ==> [/usr/lib/gcc/x86_64-linux-gnu/13/include]
  collapse include dir [/usr/local/include] ==> [/usr/local/include]
  collapse include dir [/usr/include/x86_64-linux-gnu] ==> [/usr/include/x86_64-linux-gnu]
  collapse include dir [/usr/include] ==> [/usr/include]
  implicit include dirs: [/usr/lib/gcc/x86_64-linux-gnu/13/include;/usr/local/include;/usr/include/x86_64-linux-gnu;/usr/include]


Parsed C implicit link information from above output:
  link line regex: [^( *|.*[/\])(ld|CMAKE_LINK_STARTFILE-NOTFOUND|([^/\]+-)?ld|collect2)[^/\]*( |$)]
  ignore line: [Change Dir: /home/dachuo/build/CMakeFiles/CMakeTmp]
  ignore line: []
  ignore line: [Run Build Command(s):/usr/bin/make cmTC_7cbe4/fast && /usr/bin/make -f CMakeFiles/cmTC_7cbe4.dir/build.make CMakeFiles/cmTC_7cbe4.dir/build]
  ignore line: [make[1]: Entering directory '/home/dachuo/build/CMakeFiles/CMakeTmp']
  ignore line: [Building C object CMakeFiles/cmTC_7cbe4.dir/CMakeCCompilerABI.c.o]
  ignore line: [/usr/bin/cc   -v -o CMakeFiles/cmTC_7cbe4.dir/CMakeCCompilerABI.c.o   -c /usr/share/cmake-3.16/Modules/CMakeCCompilerABI.c]
  ignore line: [Using built-in specs.]
  ignore line: [COLLECT_GCC=/usr/bin/cc]
  ignore line: [Target: x86_64-linux-gnu]
  ignore line: [Configured with: ../src/configure -v --with-pkgversion='Ubuntu 13.1.0-8ubuntu1~20.04.2' --with-bugurl=file:///usr/share/doc/gcc-13/README.Bugs --enable-languages=c ada c++ go d fortran objc obj-c++ m2 rust --prefix=/usr --with-gcc-major-version-only --program-suffix=-13 --program-prefix=x86_64-linux-gnu- --enable-shared --enable-linker-build-id --libexecdir=/usr/libexec --without-included-gettext --enable-threads=posix --libdir=/usr/lib --enable-nls --enable-clocale=gnu --enable-libstdcxx-debug --enable-libstdcxx-time=yes --with-default-libstdcxx-abi=new --enable-gnu-unique-object --disable-vtable-verify --enable-plugin --enable-default-pie --with-system-zlib --enable-libphobos-checking=release --with-target-system-zlib=auto --enable-objc-gc=auto --enable-multiarch --disable-werror --enable-cet --with-arch-32=i686 --with-abi=m64 --with-multilib-list=m32 m64 mx32 --enable-multilib --with-tune=generic --enable-checking=release --build=x86_64-linux-gnu --host=x86_64-linux-gnu --target=x86_64-linux-gnu]
  ignore line: [Thread model: posix]
  ignore line: [Supported LTO compression algorithms: zlib zstd]
  ignore line: [gcc version 13.1.0 (Ubuntu 13.1.0-8ubuntu1~20.04.2) ]
  ignore line: [COLLECT_GCC_OPTIONS='-v' '-o' 'CMakeFiles/cmTC_7cbe4.dir/CMakeCCompilerABI.c.o' '-c' '-mtune=generic' '-march=x86-64' '-dumpdir' 'CMakeFiles/cmTC_7cbe4.dir/']
  ignore line: [ /usr/libexec/gcc/x86_64-linux-gnu/13/cc1 -quiet -v -imultiarch x86_64-linux-gnu /usr/share/cmake-3.16/Modules/CMakeCCompilerABI.c -quiet -dumpdir CMakeFiles/cmTC_7cbe4.dir/ -dumpbase CMakeCCompilerABI.c.c -dumpbase-ext .c -mtune=generic -march=x86-64 -version -fasynchronous-unwind-tables -fstack-protector-strong -Wformat -Wformat-security -fstack-clash-protection -fcf-protection -o /tmp/ccZDB05s.s]
  ignore line: [GNU C17 (Ubuntu 13.1.0-8ubuntu1~20.04.2) version 13.1.0 (x86_64-linux-gnu)]
  ignore line: [	compiled by GNU C version 13.1.0  GMP version 6.2.0  MPFR version 4.0.2  MPC version 1.1.0  isl version isl-0.22.1-GMP]
  ignore line: []
  ignore line: [GGC heuristics: --param ggc-min-expand=100 --param ggc-min-heapsize=131072]
  ignore line: [ignoring nonexistent directory "/usr/local/include/x86_64-linux-gnu"]
  ignore line: [ignoring nonexistent directory "/usr/lib/gcc/x86_64-linux-gnu/13/include-fixed/x86_64-linux-gnu"]
  ignore line: [ignoring nonexistent directory "/usr/lib/gcc/x86_64-linux-gnu/13/include-fixed"]
  ignore line: [ignoring nonexistent directory "/usr/lib/gcc/x86_64-linux-gnu/13/../../../../x86_64-linux-gnu/include"]
  ignore line: [#include "..." search starts here:]
  ignore line: [#include <...> search starts here:]
  ignore line: [ /usr/lib/gcc/x86_64-linux-gnu/13/include]
  ignore line: [ /usr/local/include]
  ignore line: [ /usr/include/x86_64-linux-gnu]
  ignore line: [ /usr/include]
  ignore line: [End of search list.]
  ignore line: [Compiler executable checksum: f0b3c90e0f11c3d406d33a12053911f6]
  ignore line: [COLLECT_GCC_OPTIONS='-v' '-o' 'CMakeFiles/cmTC_7cbe4.dir/CMakeCCompilerABI.c.o' '-c' '-mtune=generic' '-march=x86-64' '-dumpdir' 'CMakeFiles/cmTC_7cbe4.dir/']
  ignore line: [ as -v --64 -o CMakeFiles/cmTC_7cbe4.dir/CMakeCCompilerABI.c.o /tmp/ccZDB05s.s]
  ignore line: [GNU assembler version 2.34 (x86_64-linux-gnu) using BFD version (GNU Binutils for Ubuntu) 2.34]
  ignore line: [COMPILER_PATH=/usr/libexec/gcc/x86_64-linux-gnu/13/:/usr/libexec/gcc/x86_64-linux-gnu/13/:/usr/libexec/gcc/x86_64-linux-gnu/:/usr/lib/gcc/x86_64-linux-gnu/13/:/usr/lib/gcc/x86_64-linux-gnu/]
  ignore line: [LIBRARY_PATH=/usr/lib/gcc/x86_64-linux-gnu/13/:/usr/lib/gcc/x86_64-linux-gnu/13/../../../x86_64-linux-gnu/:/usr/lib/gcc/x86_64-linux-gnu/13/../../../../lib/:/lib/x86_64-linux-gnu/:/lib/../lib/:/usr/lib/x86_64-linux-gnu/:/usr/lib/../lib/:/usr/lib/gcc/x86_64-linux-gnu/13/../../../:/lib/:/usr/lib/]
  ignore line: [COLLECT_GCC_OPTIONS='-v' '-o' 'CMakeFiles/cmTC_7cbe4.dir/CMakeCCompilerABI.c.o' '-c' '-mtune=generic' '-march=x86-64' '-dumpdir' 'CMakeFiles/cmTC_7cbe4.dir/CMakeCCompilerABI.c.']
  ignore line: [Linking C executable cmTC_7cbe4]
  ignore line: [/usr/bin/cmake -E cmake_link_script CMakeFiles/cmTC_7cbe4.dir/link.txt --verbose=1]
  ignore line: [/usr/bin/cc     -v CMakeFiles/cmTC_7cbe4.dir/CMakeCCompilerABI.c.o  -o cmTC_7cbe4 ]
  ignore line: [Using built-in specs.]
  ignore line: [COLLECT_GCC=/usr/bin/cc]
  ignore line: [COLLECT_LTO_WRAPPER=/usr/libexec/gcc/x86_64-linux-gnu/13/lto-wrapper]
  ignore line: [Target: x86_64-linux-gnu]
  ignore line: [Configured with: ../src/configure -v --with-pkgversion='Ubuntu 13.1.0-8ubuntu1~20.04.2' --with-bugurl=file:///usr/share/doc/gcc-13/README.Bugs --enable-languages=c ada c++ go d fortran objc obj-c++ m2 rust --prefix=/usr --with-gcc-major-version-only --program-suffix=-13 --program-prefix=x86_64-linux-gnu- --enable-shared --enable-linker-build-id --libexecdir=/usr/libexec --without-included-gettext --enable-threads=posix --libdir=/usr/lib --enable-nls --enable-clocale=gnu --enable-libstdcxx-debug --enable-libstdcxx-time=yes --with-default-libstdcxx-abi=new --enable-gnu-unique-object --disable-vtable-verify --enable-plugin --enable-default-pie --with-system-zlib --enable-libphobos-checking=release --with-target-system-zlib=auto --enable-objc-gc=auto --enable-multiarch --disable-werror --enable-cet --with-arch-32=i686 --with-abi=m64 --with-multilib-list=m32 m64 mx32 --enable-multilib --with-tune=generic --enable-checking=release --build=x86_64-linux-gnu --host=x86_64-linux-gnu --target=x86_64-linux-gnu]
  ignore line: [Thread model: posix]
  ignore line: [Supported LTO compression algorithms: zlib zstd]
  ignore line: [gcc version 13.1.0 (Ubuntu 13.1.0-8ubuntu1~20.04.2) ]
  ignore line: [COMPILER_PATH=/usr/libexec/gcc/x86_64-linux-gnu/13/:/usr/libexec/gcc/x86_64-linux-gnu/13/:/usr/libexec/gcc/x86_64-linux-gnu/:/usr/lib/gcc/x86_64-linux-gnu/13/:/usr/lib/gcc/x86_64-linux-gnu/]
  ignore line: [LIBRARY_PATH=/usr/lib/gcc/x86_64-linux-gnu/13/:/usr/lib/gcc/x86_64-linux-gnu/13/../../../x86_64-linux-gnu/:/usr/lib/gcc/x86_64-linux-gnu/13/../../../../lib/:/lib/x86_64-linux-gnu/:/lib/../lib/:/usr/lib/x86_64-linux-gnu/:/usr/lib/../lib/:/usr/lib/gcc/x86_64-linux-gnu/13/../../../:/lib/:/usr/lib/]
  ignore line: [COLLECT_GCC_OPTIONS='-v' '-o' 'cmTC_7cbe4' '-mtune=generic' '-march=x86-64' '-dumpdir' 'cmTC_7cbe4.']
  link line: [ /usr/libexec/gcc/x86_64-linux-gnu/13/collect2 -plugin /usr/libexec/gcc/x86_64-linux-gnu/13/liblto_plugin.so -plugin-opt=/usr/libexec/gcc/x86_64-linux-gnu/13/lto-wrapper -plugin-opt=-fresolution=/tmp/ccZn7bEX.res -plugin-opt=-pass-through=-lgcc -plugin-opt=-pass-through=-lgcc_s -plugin-opt=-pass-through=-lc -plugin-opt=-pass-through=-lgcc -plugin-opt=-pass-through=-lgcc_s --build-id --eh-frame-hdr -m elf_x86_64 --hash-style=gnu --as-needed -dynamic-linker /lib64/ld-linux-x86-64.so.2 -pie -z now -z relro -o cmTC_7cbe4 /usr/lib/gcc/x86_64-linux-gnu/13/../../../x86_64-linux-gnu/Scrt1.o /usr/lib/gcc/x86_64-linux-gnu/13/../../../x86_64-linux-gnu/crti.o /usr/lib/gcc/x86_64-linux-gnu/13/crtbeginS.o -L/usr/lib/gcc/x86_64-linux-gnu/13 -L/usr/lib/gcc/x86_64-linux-gnu/13/../../../x86_64-linux-gnu -L/usr/lib/gcc/x86_64-linux-gnu/13/../../../../lib -L/lib/x86_64-linux-gnu -L/lib/../lib -L/usr/lib/x86_64-linux-gnu -L/usr/lib/../lib -L/usr/lib/gcc/x86_64-linux-gnu/13/../../.. CMakeFiles/cmTC_7cbe4.dir/CMakeCCompilerABI.c.o -lgcc --push-state --as-needed -lgcc_s --pop-state -lc -lgcc --push-state --as-needed -lgcc_s --pop-state /usr/lib/gcc/x86_64-linux-gnu/13/crtendS.o /usr/lib/gcc/x86_64-linux-gnu/13/../../../x86_64-linux-gnu/crtn.o]
    arg [/usr/libexec/gcc/x86_64-linux-gnu/13/collect2] ==> ignore
    arg [-plugin] ==> ignore
    arg [/usr/libexec/gcc/x86_64-linux-gnu/13/liblto_plugin.so] ==> ignore
    arg [-plugin-opt=/usr/libexec/gcc/x86_64-linux-gnu/13/lto-wrapper] ==> ignore
    arg [-plugin-opt=-fresolution=/tmp/ccZn7bEX.res] ==> ignore
    arg [-plugin-opt=-pass-through=-lgcc] ==> ignore
    arg [-plugin-opt=-pass-through=-lgcc_s] ==> ignore
    arg [-plugin-opt=-pass-through=-lc] ==> ignore
    arg [-plugin-opt=-pass-through=-lgcc] ==> ignore
    arg [-plugin-opt=-pass-through=-lgcc_s] ==> ignore
    arg [--build-id] ==> ignore
    arg [--eh-frame-hdr] ==> ignore
    arg [-m] ==> ignore
    arg [elf_x86_64] ==> ignore
    arg [--hash-style=gnu] ==> ignore
    arg [--as-needed] ==> ignore
    arg [-dynamic-linker] ==> ignore
    arg [/lib64/ld-linux-x86-64.so.2] ==> ignore
    arg [-pie] ==> ignore
    arg [-znow] ==> ignore
    arg [-zrelro] ==> ignore
    arg [-o] ==> ignore
    arg [cmTC_7cbe4] ==> ignore
    arg [/usr/lib/gcc/x86_64-linux-gnu/13/../../../x86_64-linux-gnu/Scrt1.o] ==> ignore
    arg [/usr/lib/gcc/x86_64-linux-gnu/13/../../../x86_64-linux-gnu/crti.o] ==> ignore
    arg [/usr/lib/gcc/x86_64-linux-gnu/13/crtbeginS.o] ==> ignore
    arg [-L/usr/lib/gcc/x86_64-linux-gnu/13] ==> dir [/usr/lib/gcc/x86_64-linux-gnu/13]
    arg [-L/usr/lib/gcc/x86_64-linux-gnu/13/../../../x86_64-linux-gnu] ==> dir [/usr/lib/gcc/x86_64-linux-gnu/13/../../../x86_64-linux-gnu]
    arg [-L/usr/lib/gcc/x86_64-linux-gnu/13/../../../../lib] ==> dir [/usr/lib/gcc/x86_64-linux-gnu/13/../../../../lib]
    arg [-L/lib/x86_64-linux-gnu] ==> dir [/lib/x86_64-linux-gnu]
    arg [-L/lib/../lib] ==> dir [/lib/../lib]
    arg [-L/usr/lib/x86_64-linux-gnu] ==> dir [/usr/lib/x86_64-linux-gnu]
    arg [-L/usr/lib/../lib] ==> dir [/usr/lib/../lib]
    arg [-L/usr/lib/gcc/x86_64-linux-gnu/13/../../..] ==> dir [/usr/lib/gcc/x86_64-linux-gnu/13/../../..]
    arg [CMakeFiles/cmTC_7cbe4.dir/CMakeCCompilerABI.c.o] ==> ignore
    arg [-lgcc] ==> lib [gcc]
    arg [--push-state] ==> ignore
    arg [--as-needed] ==> ignore
    arg [-lgcc_s] ==> lib [gcc_s]
    arg [--pop-state] ==> ignore
    arg [-lc] ==> lib [c]
    arg [-lgcc] ==> lib [gcc]
    arg [--push-state] ==> ignore
    arg [--as-needed] ==> ignore
    arg [-lgcc_s] ==> lib [gcc_s]
    arg [--pop-state] ==> ignore
    arg [/usr/lib/gcc/x86_64-linux-gnu/13/crtendS.o] ==> ignore
    arg [/usr/lib/gcc/x86_64-linux-gnu/13/../../../x86_64-linux-gnu/crtn.o] ==> ignore
  collapse library dir [/usr/lib/gcc/x86_64-linux-gnu/13] ==> [/usr/lib/gcc/x86_64-linux-gnu/13]
  collapse library dir [/usr/lib/gcc/x86_64-linux-gnu/13/../../../x86_64-linux-gnu] ==> [/usr/lib/x86_64-linux-gnu]
  collapse library dir [/usr/lib/gcc/x86_64-linux-gnu/13/../../../../lib] ==> [/usr/lib]
  collapse library dir [/lib/x86_64-linux-gnu] ==> [/lib/x86_64-linux-gnu]
  collapse library dir [/lib/../lib] ==> [/lib]
  collapse library dir [/usr/lib/x86_64-linux-gnu] ==> [/usr/lib/x86_64-linux-gnu]
  collapse library dir [/usr/lib/../lib] ==> [/usr/lib]
  collapse library dir [/usr/lib/gcc/x86_64-linux-gnu/13/../../..] ==> [/usr/lib]
  implicit libs: [gcc;gcc_s;c;gcc;gcc_s]
  implicit dirs: [/usr/lib/gcc/x86_64-linux-gnu/13;/usr/lib/x86_64-linux-gnu;/usr/lib;/lib/x86_64-linux-gnu;/lib]
  implicit fwks: []


Determining if the CXX compiler works passed with the following output:
Change Dir: /home/dachuo/build/CMakeFiles/CMakeTmp

Run Build Command(s):/usr/bin/make cmTC_c3253/fast && /usr/bin/make -f CMakeFiles/cmTC_c3253.dir/build.make CMakeFiles/cmTC_c3253.dir/build
make[1]: Entering directory '/home/dachuo/build/CMakeFiles/CMakeTmp'
Building CXX object CMakeFiles/cmTC_c3253.dir/testCXXCompiler.cxx.o
/usr/bin/c++    -std=gnu++2a -o CMakeFiles/cmTC_c3253.dir/testCXXCompiler.cxx.o -c /home/dachuo/build/CMakeFiles/CMakeTmp/testCXXCompiler.cxx
Linking CXX executable cmTC_c3253
/usr/bin/cmake -E cmake_link_script CMakeFiles/cmTC_c3253.dir/link.txt --verbose=1
/usr/bin/c++       CMakeFiles/cmTC_c3253.dir/testCXXCompiler.cxx.o  -o cmTC_c3253 
make[1]: Leaving directory '/home/dachuo/build/CMakeFiles/CMakeTmp'



Detecting CXX compiler ABI info compiled with the following output:
Change Dir: /home/dachuo/build/CMakeFiles/CMakeTmp

Run Build Command(s):/usr/bin/make cmTC_886fb/fast && /usr/bin/make -f CMakeFiles/cmTC_886fb.dir/build.make CMakeFiles/cmTC_886fb.dir/build
make[1]: Entering directory '/home/dachuo/build/CMakeFiles/CMakeTmp'
Building CXX object CMakeFiles/cmTC_886fb.dir/CMakeCXXCompilerABI.cpp.o
/usr/bin/c++    -v -std=gnu++2a -o CMakeFiles/cmTC_886fb.dir/CMakeCXXCompilerABI.cpp.o -c /usr/share/cmake-3.16/Modules/CMakeCXXCompilerABI.cpp
Using built-in specs.
COLLECT_GCC=/usr/bin/c++
Target: x86_64-linux-gnu
Configured with: ../src/configure -v --with-pkgversion='Ubuntu 13.1.0-8ubuntu1~20.04.2' --with-bugurl=file:///usr/share/doc/gcc-13/README.Bugs --enable-languages=c,ada,c++,go,d,fortran,objc,obj-c++,m2,rust --prefix=/usr --with-gcc-major-version-only --program-suffix=-13 --program-prefix=x86_64-linux-gnu- --enable-shared --enable-linker-build-id --libexecdir=/usr/libexec --without-included-gettext --enable-threads=posix --libdir=/usr/lib --enable-nls --enable-clocale=gnu --enable-libstdcxx-debug --enable-libstdcxx-time=yes --with-default-libstdcxx-abi=new --enable-gnu-unique-object --disable-vtable-verify --enable-plugin --enable-default-pie --with-system-zlib --enable-libphobos-checking=release --with-target-system-zlib=auto --enable-objc-gc=auto --enable-multiarch --disable-werror --enable-cet --with-arch-32=i686 --with-abi=m64 --with-multilib-list=m32,m64,mx32 --enable-multilib --with-tune=generic --enable-checking=release --build=x86_64-linux-gnu --host=x86_64-linux-gnu --target=x86_64-linux-gnu
Thread model: posix
Supported LTO compression algorithms: zlib zstd
gcc version 13.1.0 (Ubuntu 13.1.0-8ubuntu1~20.04.2) 
COLLECT_GCC_OPTIONS='-v' '-std=gnu++20' '-o' 'CMakeFiles/cmTC_886fb.dir/CMakeCXXCompilerABI.cpp.o' '-c' '-shared-libgcc' '-mtune=generic' '-march=x86-64' '-dumpdir' 'CMakeFiles/cmTC_886fb.dir/'
 /usr/libexec/gcc/x86_64-linux-gnu/13/cc1plus -quiet -v -imultiarch x86_64-linux-gnu -D_GNU_SOURCE /usr/share/cmake-3.16/Modules/CMakeCXXCompilerABI.cpp -quiet -dumpdir CMakeFiles/cmTC_886fb.dir/ -dumpbase CMakeCXXCompilerABI.cpp.cpp -dumpbase-ext .cpp -mtune=generic -march=x86-64 -std=gnu++20 -version -fasynchronous-unwind-tables -fstack-protector-strong -Wformat -Wformat-security -fstack-clash-protection -fcf-protection -o /tmp/ccUCfqvr.s
GNU C++20 (Ubuntu 13.1.0-8ubuntu1~20.04.2) version 13.1.0 (x86_64-linux-gnu)
	compiled by GNU C version 13.1.0, GMP version 6.2.0, MPFR version 4.0.2, MPC version 1.1.0, isl version isl-0.22.1-GMP

GGC heuristics: --param ggc-min-expand=100 --param ggc-min-heapsize=131072
ignoring duplicate directory "/usr/include/x86_64-linux-gnu/c++/13"
ignoring nonexistent directory "/usr/local/include/x86_64-linux-gnu"
ignoring nonexistent directory "/usr/lib/gcc/x86_64-linux-gnu/13/include-fixed/x86_64-linux-gnu"
ignoring nonexistent directory "/usr/lib/gcc/x86_64-linux-gnu/13/include-fixed"
ignoring nonexistent directory "/usr/lib/gcc/x86_64-linux-gnu/13/../../../../x86_64-linux-gnu/include"
#include "..." search starts here:
#include <...> search starts here:
 /usr/include/c++/13
 /usr/include/x86_64-linux-gnu/c++/13
 /usr/include/c++/13/backward
 /usr/lib/gcc/x86_64-linux-gnu/13/include
 /usr/local/include
 /usr/include/x86_64-linux-gnu
 /usr/include
End of search list.
Compiler executable checksum: 391880e3be75f4e1ac78bddcb50fff0c
COLLECT_GCC_OPTIONS='-v' '-std=gnu++20' '-o' 'CMakeFiles/cmTC_886fb.dir/CMakeCXXCompilerABI.cpp.o' '-c' '-shared-libgcc' '-mtune=generic' '-march=x86-64' '-dumpdir' 'CMakeFiles/cmTC_886fb.dir/'
 as -v --64 -o CMakeFiles/cmTC_886fb.dir/CMakeCXXCompilerABI.cpp.o /tmp/ccUCfqvr.s
GNU assembler version 2.34 (x86_64-linux-gnu) using BFD version (GNU Binutils for Ubuntu) 2.34
COMPILER_PATH=/usr/libexec/gcc/x86_64-linux-gnu/13/:/usr/libexec/gcc/x86_64-linux-gnu/13/:/usr/libexec/gcc/x86_64-linux-gnu/:/usr/lib/gcc/x86_64-linux-gnu/13/:/usr/lib/gcc/x86_64-linux-gnu/
LIBRARY_PATH=/usr/lib/gcc/x86_64-linux-gnu/13/:/usr/lib/gcc/x86_64-linux-gnu/13/../../../x86_64-linux-gnu/:/usr/lib/gcc/x86_64-linux-gnu/13/../../../../lib/:/lib/x86_64-linux-gnu/:/lib/../lib/:/usr/lib/x86_64-linux-gnu/:/usr/lib/../lib/:/usr/lib/gcc/x86_64-linux-gnu/13/../../../:/lib/:/usr/lib/
COLLECT_GCC_OPTIONS='-v' '-std=gnu++20' '-o' 'CMakeFiles/cmTC_886fb.dir/CMakeCXXCompilerABI.cpp.o' '-c' '-shared-libgcc' '-mtune=generic' '-march=x86-64' '-dumpdir' 'CMakeFiles/cmTC_886fb.dir/CMakeCXXCompilerABI.cpp.'
Linking CXX executable cmTC_886fb
/usr/bin/cmake -E cmake_link_script CMakeFiles/cmTC_886fb.dir/link.txt --verbose=1
/usr/bin/c++      -v CMakeFiles/cmTC_886fb.dir/CMakeCXXCompilerABI.cpp.o  -o cmTC_886fb 
Using built-in specs.
COLLECT_GCC=/usr/bin/c++
COLLECT_LTO_WRAPPER=/usr/libexec/gcc/x86_64-linux-gnu/13/lto-wrapper
Target: x86_64-linux-gnu
Configured with: ../src/configure -v --with-pkgversion='Ubuntu 13.1.0-8ubuntu1~20.04.2' --with-bugurl=file:///usr/share/doc/gcc-13/README.Bugs --enable-languages=c,ada,c++,go,d,fortran,objc,obj-c++,m2,rust --prefix=/usr --with-gcc-major-version-only --program-suffix=-13 --program-prefix=x86_64-linux-gnu- --enable-shared --enable-linker-build-id --libexecdir=/usr/libexec --without-included-gettext --enable-threads=posix --libdir=/usr/lib --enable-nls --enable-clocale=gnu --enable-libstdcxx-debug --enable-libstdcxx-time=yes --with-default-libstdcxx-abi=new --enable-gnu-unique-object --disable-vtable-verify --enable-plugin --enable-default-pie --with-system-zlib --enable-libphobos-checking=release --with-target-system-zlib=auto --enable-objc-gc=auto --enable-multiarch --disable-werror --enable-cet --with-arch-32=i686 --with-abi=m64 --with-multilib-list=m32,m64,mx32 --enable-multilib --with-tune=generic --enable-checking=release --build=x86_64-linux-gnu --host=x86_64-linux-gnu --target=x86_64-linux-gnu
Thread model: posix
Supported LTO compression algorithms: zlib zstd
gcc version 13.1.0 (Ubuntu 13.1.0-8ubuntu1~20.04.2) 
COMPILER_PATH=/usr/libexec/gcc/x86_64-linux-gnu/13/:/usr/libexec/gcc/x86_64-linux-gnu/13/:/usr/libexec/gcc/x86_64-linux-gnu/:/usr/lib/gcc/x86_64-linux-gnu/13/:/usr/lib/gcc/x86_64-linux-gnu/
LIBRARY_PATH=/usr/lib/gcc/x86_64-linux-gnu/13/:/usr/lib/gcc/x86_64-linux-gnu/13/../../../x86_64-linux-gnu/:/usr/lib/gcc/x86_64-linux-gnu/13/../../../../lib/:/lib/x86_64-linux-gnu/:/lib/../lib/:/usr/lib/x86_64-linux-gnu/:/usr/lib/../lib/:/usr/lib/gcc/x86_64-linux-gnu/13/../../../:/lib/:/usr/lib/
COLLECT_GCC_OPTIONS='-v' '-o' 'cmTC_886fb' '-shared-libgcc' '-mtune=generic' '-march=x86-64' '-dumpdir' 'cmTC_886fb.'
 /usr/libexec/gcc/x86_64-linux-gnu/13/collect2 -plugin /usr/libexec/gcc/x86_64-linux-gnu/13/liblto_plugin.so -plugin-opt=/usr/libexec/gcc/x86_64-linux-gnu/13/lto-wrapper -plugin-opt=-fresolution=/tmp/cc4YHN2V.res -plugin-opt=-pass-through=-lgcc_s -plugin-opt=-pass-through=-lgcc -plugin-opt=-pass-through=-lc -plugin-opt=-pass-through=-lgcc_s -plugin-opt=-pass-through=-lgcc --build-id --eh-frame-hdr -m elf_x86_64 --hash-style=gnu --as-needed -dynamic-linker /lib64/ld-linux-x86-64.so.2 -pie -z now -z relro -o cmTC_886fb /usr/lib/gcc/x86_64-linux-gnu/13/../../../x86_64-linux-gnu/Scrt1.o /usr/lib/gcc/x86_64-linux-gnu/13/../../../x86_64-linux-gnu/crti.o /usr/lib/gcc/x86_64-linux-gnu/13/crtbeginS.o -L/usr/lib/gcc/x86_64-linux-gnu/13 -L/usr/lib/gcc/x86_64-linux-gnu/13/../../../x86_64-linux-gnu -L/usr/lib/gcc/x86_64-linux-gnu/13/../../../../lib -L/lib/x86_64-linux-gnu -L/lib/../lib -L/usr/lib/x86_64-linux-gnu -L/usr/lib/../lib -L/usr/lib/gcc/x86_64-linux-gnu/13/../../.. CMakeFiles/cmTC_886fb.dir/CMakeCXXCompilerABI.cpp.o -lstdc++ -lm -lgcc_s -lgcc -lc -lgcc_s -lgcc /usr/lib/gcc/x86_64-linux-gnu/13/crtendS.o /usr/lib/gcc/x86_64-linux-gnu/13/../../../x86_64-linux-gnu/crtn.o
COLLECT_GCC_OPTIONS='-v' '-o' 'cmTC_886fb' '-shared-libgcc' '-mtune=generic' '-march=x86-64' '-dumpdir' 'cmTC_886fb.'
make[1]: Leaving directory '/home/dachuo/build/CMakeFiles/CMakeTmp'



Parsed CXX implicit include dir info from above output: rv=done
  found start of include info
  found start of implicit include info
    add: [/usr/include/c++/13]
    add: [/usr/include/x86_64-linux-gnu/c++/13]
    add: [/usr/include/c++/13/backward]
    add: [/usr/lib/gcc/x86_64-linux-gnu/13/include]
    add: [/usr/local/include]
    add: [/usr/include/x86_64-linux-gnu]
    add: [/usr/include]
  end of search list found
  collapse include dir [/usr/include/c++/13] ==> [/usr/include/c++/13]
  collapse include dir [/usr/include/x86_64-linux-gnu/c++/13] ==> [/usr/include/x86_64-linux-gnu/c++/13]
  collapse include dir [/usr/include/c++/13/backward] ==> [/usr/include/c++/13/backward]
  collapse include dir [/usr/lib/gcc/x86_64-linux-gnu/13/include] ==> [/usr/lib/gcc/x86_64-linux-gnu/13/include]
  collapse include dir [/usr/local/include] ==> [/usr/local/include]
  collapse include dir [/usr/include/x86_64-linux-gnu] ==> [/usr/include/x86_64-linux-gnu]
  collapse include dir [/usr/include] ==> [/usr/include]
  implicit include dirs: [/usr/include/c++/13;/usr/include/x86_64-linux-gnu/c++/13;/usr/include/c++/13/backward;/usr/lib/gcc/x86_64-linux-gnu/13/include;/usr/local/include;/usr/include/x86_64-linux-gnu;/usr/include]


Parsed CXX implicit link information from above output:
  link line regex: [^( *|.*[/\])(ld|CMAKE_LINK_STARTFILE-NOTFOUND|([^/\]+-)?ld|collect2)[^/\]*( |$)]
  ignore line: [Change Dir: /home/dachuo/build/CMakeFiles/CMakeTmp]
  ignore line: []
  ignore line: [Run Build Command(s):/usr/bin/make cmTC_886fb/fast && /usr/bin/make -f CMakeFiles/cmTC_886fb.dir/build.make CMakeFiles/cmTC_886fb.dir/build]
  ignore line: [make[1]: Entering directory '/home/dachuo/build/CMakeFiles/CMakeTmp']
  ignore line: [Building CXX object CMakeFiles/cmTC_886fb.dir/CMakeCXXCompilerABI.cpp.o]
  ignore line: [/usr/bin/c++    -v -std=gnu++2a -o CMakeFiles/cmTC_886fb.dir/CMakeCXXCompilerABI.cpp.o -c /usr/share/cmake-3.16/Modules/CMakeCXXCompilerABI.cpp]
  ignore line: [Using built-in specs.]
  ignore line: [COLLECT_GCC=/usr/bin/c++]
  ignore line: [Target: x86_64-linux-gnu]
  ignore line: [Configured with: ../src/configure -v --with-pkgversion='Ubuntu 13.1.0-8ubuntu1~20.04.2' --with-bugurl=file:///usr/share/doc/gcc-13/README.Bugs --enable-languages=c ada c++ go d fortran objc obj-c++ m2 rust --prefix=/usr --with-gcc-major-version-only --program-suffix=-13 --program-prefix=x86_64-linux-gnu- --enable-shared --enable-linker-build-id --libexecdir=/usr/libexec --without-included-gettext --enable-threads=posix --libdir=/usr/lib --enable-nls --enable-clocale=gnu --enable-libstdcxx-debug --enable-libstdcxx-time=yes --with-default-libstdcxx-abi=new --enable-gnu-unique-object --disable-vtable-verify --enable-plugin --enable-default-pie --with-system-zlib --enable-libphobos-checking=release --with-target-system-zlib=auto --enable-objc-gc=auto --enable-multiarch --disable-werror --enable-cet --with-arch-32=i686 --with-abi=m64 --with-multilib-list=m32 m64 mx32 --enable-multilib --with-tune=generic --enable-checking=release --build=x86_64-linux-gnu --host=x86_64-linux-gnu --target=x86_64-linux-gnu]
  ignore line: [Thread model: posix]
  ignore line: [Supported LTO compression algorithms: zlib zstd]
  ignore line: [gcc version 13.1.0 (Ubuntu 13.1.0-8ubuntu1~20.04.2) ]
  ignore line: [COLLECT_GCC_OPTIONS='-v' '-std=gnu++20' '-o' 'CMakeFiles/cmTC_886fb.dir/CMakeCXXCompilerABI.cpp.o' '-c' '-shared-libgcc' '-mtune=generic' '-march=x86-64' '-dumpdir' 'CMakeFiles/cmTC_886fb.dir/']
  ignore line: [ /usr/libexec/gcc/x86_64-linux-gnu/13/cc1plus -quiet -v -imultiarch x86_64-linux-gnu -D_GNU_SOURCE /usr/share/cmake-3.16/Modules/CMakeCXXCompilerABI.cpp -quiet -dumpdir CMakeFiles/cmTC_886fb.dir/ -dumpbase CMakeCXXCompilerABI.cpp.cpp -dumpbase-ext .cpp -mtune=generic -march=x86-64 -std=gnu++20 -version -fasynchronous-unwind-tables -fstack-protector-strong -Wformat -Wformat-security -fstack-clash-protection -fcf-protection -o /tmp/ccUCfqvr.s]
  ignore line: [GNU C++20 (Ubuntu 13.1.0-8ubuntu1~20.04.2) version 13.1.0 (x86_64-linux-gnu)]
  ignore line: [	compiled by GNU C version 13.1.0  GMP version 6.2.0  MPFR version 4.0.2  MPC version 1.1.0  isl version isl-0.22.1-GMP]
  ignore line: []
  ignore line: [GGC heuristics: --param ggc-min-expand=100 --param ggc-min-heapsize=131072]
  ignore line: [ignoring duplicate directory "/usr/include/x86_64-linux-gnu/c++/13"]
  ignore line: [ignoring nonexistent directory "/usr/local/include/x86_64-linux-gnu"]
  ignore line: [ignoring nonexistent directory "/usr/lib/gcc/x86_64-linux-gnu/13/include-fixed/x86_64-linux-gnu"]
  ignore line: [ignoring nonexistent directory "/usr/lib/gcc/x86_64-linux-gnu/13/include-fixed"]
  ignore line: [ignoring nonexistent directory "/usr/lib/gcc/x86_64-linux-gnu/13/../../../../x86_64-linux-gnu/include"]
  ignore line: [#include "..." search starts here:]
  ignore line: [#include <...> search starts here:]
  ignore line: [ /usr/include/c++/13]
  ignore line: [ /usr/include/x86_64-linux-gnu/c++/13]
  ignore line: [ /usr/include/c++/13/backward]
  ignore line: [ /usr/lib/gcc/x86_64-linux-gnu/13/include]
  ignore line: [ /usr/local/include]
  ignore line: [ /usr/include/x86_64-linux-gnu]
  ignore line: [ /usr/include]
  ignore line: [End of search list.]
  ignore line: [Compiler executable checksum: 391880e3be75f4e1ac78bddcb50fff0c]
  ignore line: [COLLECT_GCC_OPTIONS='-v' '-std=gnu++20' '-o' 'CMakeFiles/cmTC_886fb.dir/CMakeCXXCompilerABI.cpp.o' '-c' '-shared-libgcc' '-mtune=generic' '-march=x86-64' '-dumpdir' 'CMakeFiles/cmTC_886fb.dir/']
  ignore line: [ as -v --64 -o CMakeFiles/cmTC_886fb.dir/CMakeCXXCompilerABI.cpp.o /tmp/ccUCfqvr.s]
  ignore line: [GNU assembler version 2.34 (x86_64-linux-gnu) using BFD version (GNU Binutils for Ubuntu) 2.34]
  ignore line: [COMPILER_PATH=/usr/libexec/gcc/x86_64-linux-gnu/13/:/usr/libexec/gcc/x86_64-linux-gnu/13/:/usr/libexec/gcc/x86_64-linux-gnu/:/usr/lib/gcc/x86_64-linux-gnu/13/:/usr/lib/gcc/x86_64-linux-gnu/]
  ignore line: [LIBRARY_PATH=/usr/lib/gcc/x86_64-linux-gnu/13/:/usr/lib/gcc/x86_64-linux-gnu/13/../../../x86_64-linux-gnu/:/usr/lib/gcc/x86_64-linux-gnu/13/../../../../lib/:/lib/x86_64-linux-gnu/:/lib/../lib/:/usr/lib/x86_64-linux-gnu/:/usr/lib/../lib/:/usr/lib/gcc/x86_64-linux-gnu/13/../../../:/lib/:/usr/lib/]
  ignore line: [COLLECT_GCC_OPTIONS='-v' '-std=gnu++20' '-o' 'CMakeFiles/cmTC_886fb.dir/CMakeCXXCompilerABI.cpp.o' '-c' '-shared-libgcc' '-mtune=generic' '-march=x86-64' '-dumpdir' 'CMakeFiles/cmTC_886fb.dir/CMakeCXXCompilerABI.cpp.']
  ignore line: [Linking CXX executable cmTC_886fb]
  ignore line: [/usr/bin/cmake -E cmake_link_script CMakeFiles/cmTC_886fb.dir/link.txt --verbose=1]
  ignore line: [/usr/bin/c++      -v CMakeFiles/cmTC_886fb.dir/CMakeCXXCompilerABI.cpp.o  -o cmTC_886fb ]
  ignore line: [Using built-in specs.]
  ignore line: [COLLECT_GCC=/usr/bin/c++]
  ignore line: [COLLECT_LTO_WRAPPER=/usr/libexec/gcc/x86_64-linux-gnu/13/lto-wrapper]
  ignore line: [Target: x86_64-linux-gnu]
  ignore line: [Configured with: ../src/configure -v --with-pkgversion='Ubuntu 13.1.0-8ubuntu1~20.04.2' --with-bugurl=file:///usr/share/doc/gcc-13/README.Bugs --enable-languages=c ada c++ go d fortran objc obj-c++ m2 rust --prefix=/usr --with-gcc-major-version-only --program-suffix=-13 --program-prefix=x86_64-linux-gnu- --enable-shared --enable-linker-build-id --libexecdir=/usr/libexec --without-included-gettext --enable-threads=posix --libdir=/usr/lib --enable-nls --enable-clocale=gnu --enable-libstdcxx-debug --enable-libstdcxx-time=yes --with-default-libstdcxx-abi=new --enable-gnu-unique-object --disable-vtable-verify --enable-plugin --enable-default-pie --with-system-zlib --enable-libphobos-checking=release --with-target-system-zlib=auto --enable-objc-gc=auto --enable-multiarch --disable-werror --enable-cet --with-arch-32=i686 --with-abi=m64 --with-multilib-list=m32 m64 mx32 --enable-multilib --with-tune=generic --enable-checking=release --build=x86_64-linux-gnu --host=x86_64-linux-gnu --target=x86_64-linux-gnu]
  ignore line: [Thread model: posix]
  ignore line: [Supported LTO compression algorithms: zlib zstd]
  ignore line: [gcc version 13.1.0 (Ubuntu 13.1.0-8ubuntu1~20.04.2) ]
  ignore line: [COMPILER_PATH=/usr/libexec/gcc/x86_64-linux-gnu/13/:/usr/libexec/gcc/x86_64-linux-gnu/13/:/usr/libexec/gcc/x86_64-linux-gnu/:/usr/lib/gcc/x86_64-linux-gnu/13/:/usr/lib/gcc/x86_64-linux-gnu/]
  ignore line: [LIBRARY_PATH=/usr/lib/gcc/x86_64-linux-gnu/13/:/usr/lib/gcc/x86_64-linux-gnu/13/../../../x86_64-linux-gnu/:/usr/lib/gcc/x86_64-linux-gnu/13/../../../../lib/:/lib/x86_64-linux-gnu/:/lib/../lib/:/usr/lib/x86_64-linux-gnu/:/usr/lib/../lib/:/usr/lib/gcc/x86_64-linux-gnu/13/../../../:/lib/:/usr/lib/]
  ignore line: [COLLECT_GCC_OPTIONS='-v' '-o' 'cmTC_886fb' '-shared-libgcc' '-mtune=generic' '-march=x86-64' '-dumpdir' 'cmTC_886fb.']
  link line: [ /usr/libexec/gcc/x86_64-linux-gnu/13/collect2 -plugin /usr/libexec/gcc/x86_64-linux-gnu/13/liblto_plugin.so -plugin-opt=/usr/libexec/gcc/x86_64-linux-gnu/13/lto-wrapper -plugin-opt=-fresolution=/tmp/cc4YHN2V.res -plugin-opt=-pass-through=-lgcc_s -plugin-opt=-pass-through=-lgcc -plugin-opt=-pass-through=-lc -plugin-opt=-pass-through=-lgcc_s -plugin-opt=-pass-through=-lgcc --build-id --eh-frame-hdr -m elf_x86_64 --hash-style=gnu --as-needed -dynamic-linker /lib64/ld-linux-x86-64.so.2 -pie -z now -z relro -o cmTC_886fb /usr/lib/gcc/x86_64-linux-gnu/13/../../../x86_64-linux-gnu/Scrt1.o /usr/lib/gcc/x86_64-linux-gnu/13/../../../x86_64-linux-gnu/crti.o /usr/lib/gcc/x86_64-linux-gnu/13/crtbeginS.o -L/usr/lib/gcc/x86_64-linux-gnu/13 -L/usr/lib/gcc/x86_64-linux-gnu/13/../../../x86_64-linux-gnu -L/usr/lib/gcc/x86_64-linux-gnu/13/../../../../lib -L/lib/x86_64-linux-gnu -L/lib/../lib -L/usr/lib/x86_64-linux-gnu -L/usr/lib/../lib -L/usr/lib/gcc/x86_64-linux-gnu/13/../../.. CMakeFiles/cmTC_886fb.dir/CMakeCXXCompilerABI.cpp.o -lstdc++ -lm -lgcc_s -lgcc -lc -lgcc_s -lgcc /usr/lib/gcc/x86_64-linux-gnu/13/crtendS.o /usr/lib/gcc/x86_64-linux-gnu/13/../../../x86_64-linux-gnu/crtn.o]
    arg [/usr/libexec/gcc/x86_64-linux-gnu/13/collect2] ==> ignore
    arg [-plugin] ==> ignore
    arg [/usr/libexec/gcc/x86_64-linux-gnu/13/liblto_plugin.so] ==> ignore
    arg [-plugin-opt=/usr/libexec/gcc/x86_64-linux-gnu/13/lto-wrapper] ==> ignore
    arg [-plugin-opt=-fresolution=/tmp/cc4YHN2V.res] ==> ignore
    arg [-plugin-opt=-pass-through=-lgcc_s] ==> ignore
    arg [-plugin-opt=-pass-through=-lgcc] ==> ignore
    arg [-plugin-opt=-pass-through=-lc] ==> ignore
    arg [-plugin-opt=-pass-through=-lgcc_s] ==> ignore
    arg [-plugin-opt=-pass-through=-lgcc] ==> ignore
    arg [--build-id] ==> ignore
    arg [--eh-frame-hdr] ==> ignore
    arg [-m] ==> ignore
    arg [elf_x86_64] ==> ignore
    arg [--hash-style=gnu] ==> ignore
    arg [--as-needed] ==> ignore
    arg [-dynamic-linker] ==> ignore
    arg [/lib64/ld-linux-x86-64.so.2] ==> ignore
    arg [-pie] ==> ignore
    arg [-znow] ==> ignore
    arg [-zrelro] ==> ignore
    arg [-o] ==> ignore
    arg [cmTC_886fb] ==> ignore
    arg [/usr/lib/gcc/x86_64-linux-gnu/13/../../../x86_64-linux-gnu/Scrt1.o] ==> ignore
    arg [/usr/lib/gcc/x86_64-linux-gnu/13/../../../x86_64-linux-gnu/crti.o] ==> ignore
    arg [/usr/lib/gcc/x86_64-linux-gnu/13/crtbeginS.o] ==> ignore
    arg [-L/usr/lib/gcc/x86_64-linux-gnu/13] ==> dir [/usr/lib/gcc/x86_64-linux-gnu/13]
    arg [-L/usr/lib/gcc/x86_64-linux-gnu/13/../../../x86_64-linux-gnu] ==> dir [/usr/lib/gcc/x86_64-linux-gnu/13/../../../x86_64-linux-gnu]
    arg [-L/usr/lib/gcc/x86_64-linux-gnu/13/../../../../lib] ==> dir [/usr/lib/gcc/x86_64-linux-gnu/13/../../../../lib]
    arg [-L/lib/x86_64-linux-gnu] ==> dir [/lib/x86_64-linux-gnu]
    arg [-L/lib/../lib] ==> dir [/lib/../lib]
    arg [-L/usr/lib/x86_64-linux-gnu] ==> dir [/usr/lib/x86_64-linux-gnu]
    arg [-L/usr/lib/../lib] ==> dir [/usr/lib/../lib]
    arg [-L/usr/lib/gcc/x86_64-linux-gnu/13/../../..] ==> dir [/usr/lib/gcc/x86_64-linux-gnu/13/../../..]
    arg [CMakeFiles/cmTC_886fb.dir/CMakeCXXCompilerABI.cpp.o] ==> ignore
    arg [-lstdc++] ==> lib [stdc++]
    arg [-lm] ==> lib [m]
    arg [-lgcc_s] ==> lib [gcc_s]
    arg [-lgcc] ==> lib [gcc]
    arg [-lc] ==> lib [c]
    arg [-lgcc_s] ==> lib [gcc_s]
    arg [-lgcc] ==> lib [gcc]
    arg [/usr/lib/gcc/x86_64-linux-gnu/13/crtendS.o] ==> ignore
    arg [/usr/lib/gcc/x86_64-linux-gnu/13/../../../x86_64-linux-gnu/crtn.o] ==> ignore
  collapse library dir [/usr/lib/gcc/x86_64-linux-gnu/13] ==> [/usr/lib/gcc/x86_64-linux-gnu/13]
  collapse library dir [/usr/lib/gcc/x86_64-linux-gnu/13/../../../x86_64-linux-gnu] ==> [/usr/lib/x86_64-linux-gnu]
  collapse library dir [/usr/lib/gcc/x86_64-linux-gnu/13/../../../../lib] ==> [/usr/lib]
  collapse library dir [/lib/x86_64-linux-gnu] ==> [/lib/x86_64-linux-gnu]
  collapse library dir [/lib/../lib] ==> [/lib]
  collapse library dir [/usr/lib/x86_64-linux-gnu] ==> [/usr/lib/x86_64-linux-gnu]
  collapse library dir [/usr/lib/../lib] ==> [/usr/lib]
  collapse library dir [/usr/lib/gcc/x86_64-linux-gnu/13/../../..] ==> [/usr/lib]
  implicit libs: [stdc++;m;gcc_s;gcc;c;gcc_s;gcc]
  implicit dirs: [/usr/lib/gcc/x86_64-linux-gnu/13;/usr/lib/x86_64-linux-gnu;/usr/lib;/lib/x86_64-linux-gnu;/lib]
  implicit fwks: []


The system is: Linux - 4.4.0-19041-Microsoft - x86_64
Compiling the C compiler identification source file "CMakeCCompilerId.c" succeeded.
Compiler: /usr/bin/cc 
Build flags: 
Id flags:  

The output was:
0


Compilation of the C compiler identification source "CMakeCCompilerId.c" produced "a.out"

The C compiler identification is GNU, found in "/home/dachuo/build/CMakeFiles/3.16.3/CompilerIdC/a.out"

Compiling the CXX compiler identification source file "CMakeCXXCompilerId.cpp" succeeded.
Compiler: /usr/bin/c++ 
Build flags: 
Id flags:  

The output was:
0


Compilation of the CXX compiler identification source "CMakeCXXCompilerId.cpp" produced "a.out"

The CXX compiler identification is GNU, found in "/home/dachuo/build/CMakeFiles/3.16.3/CompilerIdCXX/a.out"

Determining if the C compiler works passed with the following output:
Change Dir: /home/dachuo/build/CMakeFiles/CMakeTmp

Run Build Command(s):/usr/bin/make cmTC_b715b/fast && /usr/bin/make -f CMakeFiles/cmTC_b715b.dir/build.make CMakeFiles/cmTC_b715b.dir/build
make[1]: Entering directory '/home/dachuo/build/CMakeFiles/CMakeTmp'
Building C object CMakeFiles/cmTC_b715b.dir/testCCompiler.c.o
/usr/bin/cc    -o CMakeFiles/cmTC_b715b.dir/testCCompiler.c.o   -c /home/dachuo/build/CMakeFiles/CMakeTmp/testCCompiler.c
Linking C executable cmTC_b715b
/usr/bin/cmake -E cmake_link_script CMakeFiles/cmTC_b715b.dir/link.txt --verbose=1
/usr/bin/cc      CMakeFiles/cmTC_b715b.dir/testCCompiler.c.o  -o cmTC_b715b 
make[1]: Leaving directory '/home/dachuo/build/CMakeFiles/CMakeTmp'



Detecting C compiler ABI info compiled with the following output:
Change Dir: /home/dachuo/build/CMakeFiles/CMakeTmp

Run Build Command(s):/usr/bin/make cmTC_ed139/fast && /usr/bin/make -f CMakeFiles/cmTC_ed139.dir/build.make CMakeFiles/cmTC_ed139.dir/build
make[1]: Entering directory '/home/dachuo/build/CMakeFiles/CMakeTmp'
Building C object CMakeFiles/cmTC_ed139.dir/CMakeCCompilerABI.c.o
/usr/bin/cc   -v -o CMakeFiles/cmTC_ed139.dir/CMakeCCompilerABI.c.o   -c /usr/share/cmake-3.16/Modules/CMakeCCompilerABI.c
Using built-in specs.
COLLECT_GCC=/usr/bin/cc
Target: x86_64-linux-gnu
Configured with: ../src/configure -v --with-pkgversion='Ubuntu 13.1.0-8ubuntu1~20.04.2' --with-bugurl=file:///usr/share/doc/gcc-13/README.Bugs --enable-languages=c,ada,c++,go,d,fortran,objc,obj-c++,m2,rust --prefix=/usr --with-gcc-major-version-only --program-suffix=-13 --program-prefix=x86_64-linux-gnu- --enable-shared --enable-linker-build-id --libexecdir=/usr/libexec --without-included-gettext --enable-threads=posix --libdir=/usr/lib --enable-nls --enable-clocale=gnu --enable-libstdcxx-debug --enable-libstdcxx-time=yes --with-default-libstdcxx-abi=new --enable-gnu-unique-object --disable-vtable-verify --enable-plugin --enable-default-pie --with-system-zlib --enable-libphobos-checking=release --with-target-system-zlib=auto --enable-objc-gc=auto --enable-multiarch --disable-werror --enable-cet --with-arch-32=i686 --with-abi=m64 --with-multilib-list=m32,m64,mx32 --enable-multilib --with-tune=generic --enable-checking=release --build=x86_64-linux-gnu --host=x86_64-linux-gnu --target=x86_64-linux-gnu
Thread model: posix
Supported LTO compression algorithms: zlib zstd
gcc version 13.1.0 (Ubuntu 13.1.0-8ubuntu1~20.04.2) 
COLLECT_GCC_OPTIONS='-v' '-o' 'CMakeFiles/cmTC_ed139.dir/CMakeCCompilerABI.c.o' '-c' '-mtune=generic' '-march=x86-64' '-dumpdir' 'CMakeFiles/cmTC_ed139.dir/'
 /usr/libexec/gcc/x86_64-linux-gnu/13/cc1 -quiet -v -imultiarch x86_64-linux-gnu /usr/share/cmake-3.16/Modules/CMakeCCompilerABI.c -quiet -dumpdir CMakeFiles/cmTC_ed139.dir/ -dumpbase CMakeCCompilerABI.c.c -dumpbase-ext .c -mtune=generic -march=x86-64 -version -fasynchronous-unwind-tables -fstack-protector-strong -Wformat -Wformat-security -fstack-clash-protection -fcf-protection -o /tmp/ccxlHj2j.s
GNU C17 (Ubuntu 13.1.0-8ubuntu1~20.04.2) version 13.1.0 (x86_64-linux-gnu)
	compiled by GNU C version 13.1.0, GMP version 6.2.0, MPFR version 4.0.2, MPC version 1.1.0, isl version isl-0.22.1-GMP

GGC heuristics: --param ggc-min-expand=100 --param ggc-min-heapsize=131072
ignoring nonexistent directory "/usr/local/include/x86_64-linux-gnu"
ignoring nonexistent directory "/usr/lib/gcc/x86_64-linux-gnu/13/include-fixed/x86_64-linux-gnu"
ignoring nonexistent directory "/usr/lib/gcc/x86_64-linux-gnu/13/include-fixed"
ignoring nonexistent directory "/usr/lib/gcc/x86_64-linux-gnu/13/../../../../x86_64-linux-gnu/include"
#include "..." search starts here:
#include <...> search starts here:
 /usr/lib/gcc/x86_64-linux-gnu/13/include
 /usr/local/include
 /usr/include/x86_64-linux-gnu
 /usr/include
End of search list.
Compiler executable checksum: f0b3c90e0f11c3d406d33a12053911f6
COLLECT_GCC_OPTIONS='-v' '-o' 'CMakeFiles/cmTC_ed139.dir/CMakeCCompilerABI.c.o' '-c' '-mtune=generic' '-march=x86-64' '-dumpdir' 'CMakeFiles/cmTC_ed139.dir/'
 as -v --64 -o CMakeFiles/cmTC_ed139.dir/CMakeCCompilerABI.c.o /tmp/ccxlHj2j.s
GNU assembler version 2.34 (x86_64-linux-gnu) using BFD version (GNU Binutils for Ubuntu) 2.34
COMPILER_PATH=/usr/libexec/gcc/x86_64-linux-gnu/13/:/usr/libexec/gcc/x86_64-linux-gnu/13/:/usr/libexec/gcc/x86_64-linux-gnu/:/usr/lib/gcc/x86_64-linux-gnu/13/:/usr/lib/gcc/x86_64-linux-gnu/
LIBRARY_PATH=/usr/lib/gcc/x86_64-linux-gnu/13/:/usr/lib/gcc/x86_64-linux-gnu/13/../../../x86_64-linux-gnu/:/usr/lib/gcc/x86_64-linux-gnu/13/../../../../lib/:/lib/x86_64-linux-gnu/:/lib/../lib/:/usr/lib/x86_64-linux-gnu/:/usr/lib/../lib/:/usr/lib/gcc/x86_64-linux-gnu/13/../../../:/lib/:/usr/lib/
COLLECT_GCC_OPTIONS='-v' '-o' 'CMakeFiles/cmTC_ed139.dir/CMakeCCompilerABI.c.o' '-c' '-mtune=generic' '-march=x86-64' '-dumpdir' 'CMakeFiles/cmTC_ed139.dir/CMakeCCompilerABI.c.'
Linking C executable cmTC_ed139
/usr/bin/cmake -E cmake_link_script CMakeFiles/cmTC_ed139.dir/link.txt --verbose=1
/usr/bin/cc     -v CMakeFiles/cmTC_ed139.dir/CMakeCCompilerABI.c.o  -o cmTC_ed139 
Using built-in specs.
COLLECT_GCC=/usr/bin/cc
COLLECT_LTO_WRAPPER=/usr/libexec/gcc/x86_64-linux-gnu/13/lto-wrapper
Target: x86_64-linux-gnu
Configured with: ../src/configure -v --with-pkgversion='Ubuntu 13.1.0-8ubuntu1~20.04.2' --with-bugurl=file:///usr/share/doc/gcc-13/README.Bugs --enable-languages=c,ada,c++,go,d,fortran,objc,obj-c++,m2,rust --prefix=/usr --with-gcc-major-version-only --program-suffix=-13 --program-prefix=x86_64-linux-gnu- --enable-shared --enable-linker-build-id --libexecdir=/usr/libexec --without-included-gettext --enable-threads=posix --libdir=/usr/lib --enable-nls --enable-clocale=gnu --enable-libstdcxx-debug --enable-libstdcxx-time=yes --with-default-libstdcxx-abi=new --enable-gnu-unique-object --disable-vtable-verify --enable-plugin --enable-default-pie --with-system-zlib --enable-libphobos-checking=release --with-target-system-zlib=auto --enable-objc-gc=auto --enable-multiarch --disable-werror --enable-cet --with-arch-32=i686 --with-abi=m64 --with-multilib-list=m32,m64,mx32 --enable-multilib --with-tune=generic --enable-checking=release --build=x86_64-linux-gnu --host=x86_64-linux-gnu --target=x86_64-linux-gnu
Thread model: posix
Supported LTO compression algorithms: zlib zstd
gcc version 13.1.0 (Ubuntu 13.1.0-8ubuntu1~20.04.2) 
COMPILER_PATH=/usr/libexec/gcc/x86_64-linux-gnu/13/:/usr/libexec/gcc/x86_64-linux-gnu/13/:/usr/libexec/gcc/x86_64-linux-gnu/:/usr/lib/gcc/x86_64-linux-gnu/13/:/usr/lib/gcc/x86_64-linux-gnu/
LIBRARY_PATH=/usr/lib/gcc/x86_64-linux-gnu/13/:/usr/lib/gcc/x86_64-linux-gnu/13/../../../x86_64-linux-gnu/:/usr/lib/gcc/x86_64-linux-gnu/13/../../../../lib/:/lib/x86_64-linux-gnu/:/lib/../lib/:/usr/lib/x86_64-linux-gnu/:/usr/lib/../lib/:/usr/lib/gcc/x86_64-linux-gnu/13/../../../:/lib/:/usr/lib/
COLLECT_GCC_OPTIONS='-v' '-o' 'cmTC_ed139' '-mtune=generic' '-march=x86-64' '-dumpdir' 'cmTC_ed139.'
 /usr/libexec/gcc/x86_64-linux-gnu/13/collect2 -plugin /usr/libexec/gcc/x86_64-linux-gnu/13/liblto_plugin.so -plugin-opt=/usr/libexec/gcc/x86_64-linux-gnu/13/lto-wrapper -plugin-opt=-fresolution=/tmp/cciwMlON.res -plugin-opt=-pass-through=-lgcc -plugin-opt=-pass-through=-lgcc_s -plugin-opt=-pass-through=-lc -plugin-opt=-pass-through=-lgcc -plugin-opt=-pass-through=-lgcc_s --build-id --eh-frame-hdr -m elf_x86_64 --hash-style=gnu --as-needed -dynamic-linker /lib64/ld-linux-x86-64.so.2 -pie -z now -z relro -o cmTC_ed139 /usr/lib/gcc/x86_64-linux-gnu/13/../../../x86_64-linux-gnu/Scrt1.o /usr/lib/gcc/x86_64-linux-gnu/13/../../../x86_64-linux-gnu/crti.o /usr/lib/gcc/x86_64-linux-gnu/13/crtbeginS.o -L/usr/lib/gcc/x86_64-linux-gnu/13 -L/usr/lib/gcc/x86_64-linux-gnu/13/../../../x86_64-linux-gnu -L/usr/lib/gcc/x86_64-linux-gnu/13/../../../../lib -L/lib/x86_64-linux-gnu -L/lib/../lib -L/usr/lib/x86_64-linux-gnu -L/usr/lib/../lib -L/usr/lib/gcc/x86_64-linux-gnu/13/../../.. CMakeFiles/cmTC_ed139.dir/CMakeCCompilerABI.c.o -lgcc --push-state --as-needed -lgcc_s --pop-state -lc -lgcc --push-state --as-needed -lgcc_s --pop-state /usr/lib/gcc/x86_64-linux-gnu/13/crtendS.o /usr/lib/gcc/x86_64-linux-gnu/13/../../../x86_64-linux-gnu/crtn.o
COLLECT_GCC_OPTIONS='-v' '-o' 'cmTC_ed139' '-mtune=generic' '-march=x86-64' '-dumpdir' 'cmTC_ed139.'
make[1]: Leaving directory '/home/dachuo/build/CMakeFiles/CMakeTmp'



Parsed C implicit include dir info from above output: rv=done
  found start of include info
  found start of implicit include info
    add: [/usr/lib/gcc/x86_64-linux-gnu/13/include]
    add: [/usr/local/include]
    add: [/usr/include/x86_64-linux-gnu]
    add: [/usr/include]
  end of search list found
  collapse include dir [/usr/lib/gcc/x86_64-linux-gnu/13/include] ==> [/usr/lib/gcc/x86_64-linux-gnu/13/include]
  collapse include dir [/usr/local/include] ==> [/usr/local/include]
  collapse include dir [/usr/include/x86_64-linux-gnu] ==> [/usr/include/x86_64-linux-gnu]
  collapse include dir [/usr/include] ==> [/usr/include]
  implicit include dirs: [/usr/lib/gcc/x86_64-linux-gnu/13/include;/usr/local/include;/usr/include/x86_64-linux-gnu;/usr/include]


Parsed C implicit link information from above output:
  link line regex: [^( *|.*[/\])(ld|CMAKE_LINK_STARTFILE-NOTFOUND|([^/\]+-)?ld|collect2)[^/\]*( |$)]
  ignore line: [Change Dir: /home/dachuo/build/CMakeFiles/CMakeTmp]
  ignore line: []
  ignore line: [Run Build Command(s):/usr/bin/make cmTC_ed139/fast && /usr/bin/make -f CMakeFiles/cmTC_ed139.dir/build.make CMakeFiles/cmTC_ed139.dir/build]
  ignore line: [make[1]: Entering directory '/home/dachuo/build/CMakeFiles/CMakeTmp']
  ignore line: [Building C object CMakeFiles/cmTC_ed139.dir/CMakeCCompilerABI.c.o]
  ignore line: [/usr/bin/cc   -v -o CMakeFiles/cmTC_ed139.dir/CMakeCCompilerABI.c.o   -c /usr/share/cmake-3.16/Modules/CMakeCCompilerABI.c]
  ignore line: [Using built-in specs.]
  ignore line: [COLLECT_GCC=/usr/bin/cc]
  ignore line: [Target: x86_64-linux-gnu]
  ignore line: [Configured with: ../src/configure -v --with-pkgversion='Ubuntu 13.1.0-8ubuntu1~20.04.2' --with-bugurl=file:///usr/share/doc/gcc-13/README.Bugs --enable-languages=c ada c++ go d fortran objc obj-c++ m2 rust --prefix=/usr --with-gcc-major-version-only --program-suffix=-13 --program-prefix=x86_64-linux-gnu- --enable-shared --enable-linker-build-id --libexecdir=/usr/libexec --without-included-gettext --enable-threads=posix --libdir=/usr/lib --enable-nls --enable-clocale=gnu --enable-libstdcxx-debug --enable-libstdcxx-time=yes --with-default-libstdcxx-abi=new --enable-gnu-unique-object --disable-vtable-verify --enable-plugin --enable-default-pie --with-system-zlib --enable-libphobos-checking=release --with-target-system-zlib=auto --enable-objc-gc=auto --enable-multiarch --disable-werror --enable-cet --with-arch-32=i686 --with-abi=m64 --with-multilib-list=m32 m64 mx32 --enable-multilib --with-tune=generic --enable-checking=release --build=x86_64-linux-gnu --host=x86_64-linux-gnu --target=x86_64-linux-gnu]
  ignore line: [Thread model: posix]
  ignore line: [Supported LTO compression algorithms: zlib zstd]
  ignore line: [gcc version 13.1.0 (Ubuntu 13.1.0-8ubuntu1~20.04.2) ]
  ignore line: [COLLECT_GCC_OPTIONS='-v' '-o' 'CMakeFiles/cmTC_ed139.dir/CMakeCCompilerABI.c.o' '-c' '-mtune=generic' '-march=x86-64' '-dumpdir' 'CMakeFiles/cmTC_ed139.dir/']
  ignore line: [ /usr/libexec/gcc/x86_64-linux-gnu/13/cc1 -quiet -v -imultiarch x86_64-linux-gnu /usr/share/cmake-3.16/Modules/CMakeCCompilerABI.c -quiet -dumpdir CMakeFiles/cmTC_ed139.dir/ -dumpbase CMakeCCompilerABI.c.c -dumpbase-ext .c -mtune=generic -march=x86-64 -version -fasynchronous-unwind-tables -fstack-protector-strong -Wformat -Wformat-security -fstack-clash-protection -fcf-protection -o /tmp/ccxlHj2j.s]
  ignore line: [GNU C17 (Ubuntu 13.1.0-8ubuntu1~20.04.2) version 13.1.0 (x86_64-linux-gnu)]
  ignore line: [	compiled by GNU C version 13.1.0  GMP version 6.2.0  MPFR version 4.0.2  MPC version 1.1.0  isl version isl-0.22.1-GMP]
  ignore line: []
  ignore line: [GGC heuristics: --param ggc-min-expand=100 --param ggc-min-heapsize=131072]
  ignore line: [ignoring nonexistent directory "/usr/local/include/x86_64-linux-gnu"]
  ignore line: [ignoring nonexistent directory "/usr/lib/gcc/x86_64-linux-gnu/13/include-fixed/x86_64-linux-gnu"]
  ignore line: [ignoring nonexistent directory "/usr/lib/gcc/x86_64-linux-gnu/13/include-fixed"]
  ignore line: [ignoring nonexistent directory "/usr/lib/gcc/x86_64-linux-gnu/13/../../../../x86_64-linux-gnu/include"]
  ignore line: [#include "..." search starts here:]
  ignore line: [#include <...> search starts here:]
  ignore line: [ /usr/lib/gcc/x86_64-linux-gnu/13/include]
  ignore line: [ /usr/local/include]
  ignore line: [ /usr/include/x86_64-linux-gnu]
  ignore line: [ /usr/include]
  ignore line: [End of search list.]
  ignore line: [Compiler executable checksum: f0b3c90e0f11c3d406d33a12053911f6]
  ignore line: [COLLECT_GCC_OPTIONS='-v' '-o' 'CMakeFiles/cmTC_ed139.dir/CMakeCCompilerABI.c.o' '-c' '-mtune=generic' '-march=x86-64' '-dumpdir' 'CMakeFiles/cmTC_ed139.dir/']
  ignore line: [ as -v --64 -o CMakeFiles/cmTC_ed139.dir/CMakeCCompilerABI.c.o /tmp/ccxlHj2j.s]
  ignore line: [GNU assembler version 2.34 (x86_64-linux-gnu) using BFD version (GNU Binutils for Ubuntu) 2.34]
  ignore line: [COMPILER_PATH=/usr/libexec/gcc/x86_64-linux-gnu/13/:/usr/libexec/gcc/x86_64-linux-gnu/13/:/usr/libexec/gcc/x86_64-linux-gnu/:/usr/lib/gcc/x86_64-linux-gnu/13/:/usr/lib/gcc/x86_64-linux-gnu/]
  ignore line: [LIBRARY_PATH=/usr/lib/gcc/x86_64-linux-gnu/13/:/usr/lib/gcc/x86_64-linux-gnu/13/../../../x86_64-linux-gnu/:/usr/lib/gcc/x86_64-linux-gnu/13/../../../../lib/:/lib/x86_64-linux-gnu/:/lib/../lib/:/usr/lib/x86_64-linux-gnu/:/usr/lib/../lib/:/usr/lib/gcc/x86_64-linux-gnu/13/../../../:/lib/:/usr/lib/]
  ignore line: [COLLECT_GCC_OPTIONS='-v' '-o' 'CMakeFiles/cmTC_ed139.dir/CMakeCCompilerABI.c.o' '-c' '-mtune=generic' '-march=x86-64' '-dumpdir' 'CMakeFiles/cmTC_ed139.dir/CMakeCCompilerABI.c.']
  ignore line: [Linking C executable cmTC_ed139]
  ignore line: [/usr/bin/cmake -E cmake_link_script CMakeFiles/cmTC_ed139.dir/link.txt --verbose=1]
  ignore line: [/usr/bin/cc     -v CMakeFiles/cmTC_ed139.dir/CMakeCCompilerABI.c.o  -o cmTC_ed139 ]
  ignore line: [Using built-in specs.]
  ignore line: [COLLECT_GCC=/usr/bin/cc]
  ignore line: [COLLECT_LTO_WRAPPER=/usr/libexec/gcc/x86_64-linux-gnu/13/lto-wrapper]
  ignore line: [Target: x86_64-linux-gnu]
  ignore line: [Configured with: ../src/configure -v --with-pkgversion='Ubuntu 13.1.0-8ubuntu1~20.04.2' --with-bugurl=file:///usr/share/doc/gcc-13/README.Bugs --enable-languages=c ada c++ go d fortran objc obj-c++ m2 rust --prefix=/usr --with-gcc-major-version-only --program-suffix=-13 --program-prefix=x86_64-linux-gnu- --enable-shared --enable-linker-build-id --libexecdir=/usr/libexec --without-included-gettext --enable-threads=posix --libdir=/usr/lib --enable-nls --enable-clocale=gnu --enable-libstdcxx-debug --enable-libstdcxx-time=yes --with-default-libstdcxx-abi=new --enable-gnu-unique-object --disable-vtable-verify --enable-plugin --enable-default-pie --with-system-zlib --enable-libphobos-checking=release --with-target-system-zlib=auto --enable-objc-gc=auto --enable-multiarch --disable-werror --enable-cet --with-arch-32=i686 --with-abi=m64 --with-multilib-list=m32 m64 mx32 --enable-multilib --with-tune=generic --enable-checking=release --build=x86_64-linux-gnu --host=x86_64-linux-gnu --target=x86_64-linux-gnu]
  ignore line: [Thread model: posix]
  ignore line: [Supported LTO compression algorithms: zlib zstd]
  ignore line: [gcc version 13.1.0 (Ubuntu 13.1.0-8ubuntu1~20.04.2) ]
  ignore line: [COMPILER_PATH=/usr/libexec/gcc/x86_64-linux-gnu/13/:/usr/libexec/gcc/x86_64-linux-gnu/13/:/usr/libexec/gcc/x86_64-linux-gnu/:/usr/lib/gcc/x86_64-linux-gnu/13/:/usr/lib/gcc/x86_64-linux-gnu/]
  ignore line: [LIBRARY_PATH=/usr/lib/gcc/x86_64-linux-gnu/13/:/usr/lib/gcc/x86_64-linux-gnu/13/../../../x86_64-linux-gnu/:/usr/lib/gcc/x86_64-linux-gnu/13/../../../../lib/:/lib/x86_64-linux-gnu/:/lib/../lib/:/usr/lib/x86_64-linux-gnu/:/usr/lib/../lib/:/usr/lib/gcc/x86_64-linux-gnu/13/../../../:/lib/:/usr/lib/]
  ignore line: [COLLECT_GCC_OPTIONS='-v' '-o' 'cmTC_ed139' '-mtune=generic' '-march=x86-64' '-dumpdir' 'cmTC_ed139.']
  link line: [ /usr/libexec/gcc/x86_64-linux-gnu/13/collect2 -plugin /usr/libexec/gcc/x86_64-linux-gnu/13/liblto_plugin.so -plugin-opt=/usr/libexec/gcc/x86_64-linux-gnu/13/lto-wrapper -plugin-opt=-fresolution=/tmp/cciwMlON.res -plugin-opt=-pass-through=-lgcc -plugin-opt=-pass-through=-lgcc_s -plugin-opt=-pass-through=-lc -plugin-opt=-pass-through=-lgcc -plugin-opt=-pass-through=-lgcc_s --build-id --eh-frame-hdr -m elf_x86_64 --hash-style=gnu --as-needed -dynamic-linker /lib64/ld-linux-x86-64.so.2 -pie -z now -z relro -o cmTC_ed139 /usr/lib/gcc/x86_64-linux-gnu/13/../../../x86_64-linux-gnu/Scrt1.o /usr/lib/gcc/x86_64-linux-gnu/13/../../../x86_64-linux-gnu/crti.o /usr/lib/gcc/x86_64-linux-gnu/13/crtbeginS.o -L/usr/lib/gcc/x86_64-linux-gnu/13 -L/usr/lib/gcc/x86_64-linux-gnu/13/../../../x86_64-linux-gnu -L/usr/lib/gcc/x86_64-linux-gnu/13/../../../../lib -L/lib/x86_64-linux-gnu -L/lib/../lib -L/usr/lib/x86_64-linux-gnu -L/usr/lib/../lib -L/usr/lib/gcc/x86_64-linux-gnu/13/../../.. CMakeFiles/cmTC_ed139.dir/CMakeCCompilerABI.c.o -lgcc --push-state --as-needed -lgcc_s --pop-state -lc -lgcc --push-state --as-needed -lgcc_s --pop-state /usr/lib/gcc/x86_64-linux-gnu/13/crtendS.o /usr/lib/gcc/x86_64-linux-gnu/13/../../../x86_64-linux-gnu/crtn.o]
    arg [/usr/libexec/gcc/x86_64-linux-gnu/13/collect2] ==> ignore
    arg [-plugin] ==> ignore
    arg [/usr/libexec/gcc/x86_64-linux-gnu/13/liblto_plugin.so] ==> ignore
    arg [-plugin-opt=/usr/libexec/gcc/x86_64-linux-gnu/13/lto-wrapper] ==> ignore
    arg [-plugin-opt=-fresolution=/tmp/cciwMlON.res] ==> ignore
    arg [-plugin-opt=-pass-through=-lgcc] ==> ignore
    arg [-plugin-opt=-pass-through=-lgcc_s] ==> ignore
    arg [-plugin-opt=-pass-through=-lc] ==> ignore
    arg [-plugin-opt=-pass-through=-lgcc] ==> ignore
    arg [-plugin-opt=-pass-through=-lgcc_s] ==> ignore
    arg [--build-id] ==> ignore
    arg [--eh-frame-hdr] ==> ignore
    arg [-m] ==> ignore
    arg [elf_x86_64] ==> ignore
    arg [--hash-style=gnu] ==> ignore
    arg [--as-needed] ==> ignore
    arg [-dynamic-linker] ==> ignore
    arg [/lib64/ld-linux-x86-64.so.2] ==> ignore
    arg [-pie] ==> ignore
    arg [-znow] ==> ignore
    arg [-zrelro] ==> ignore
    arg [-o] ==> ignore
    arg [cmTC_ed139] ==> ignore
    arg [/usr/lib/gcc/x86_64-linux-gnu/13/../../../x86_64-linux-gnu/Scrt1.o] ==> ignore
    arg [/usr/lib/gcc/x86_64-linux-gnu/13/../../../x86_64-linux-gnu/crti.o] ==> ignore
    arg [/usr/lib/gcc/x86_64-linux-gnu/13/crtbeginS.o] ==> ignore
    arg [-L/usr/lib/gcc/x86_64-linux-gnu/13] ==> dir [/usr/lib/gcc/x86_64-linux-gnu/13]
    arg [-L/usr/lib/gcc/x86_64-linux-gnu/13/../../../x86_64-linux-gnu] ==> dir [/usr/lib/gcc/x86_64-linux-gnu/13/../../../x86_64-linux-gnu]
    arg [-L/usr/lib/gcc/x86_64-linux-gnu/13/../../../../lib] ==> dir [/usr/lib/gcc/x86_64-linux-gnu/13/../../../../lib]
    arg [-L/lib/x86_64-linux-gnu] ==> dir [/lib/x86_64-linux-gnu]
    arg [-L/lib/../lib] ==> dir [/lib/../lib]
    arg [-L/usr/lib/x86_64-linux-gnu] ==> dir [/usr/lib/x86_64-linux-gnu]
    arg [-L/usr/lib/../lib] ==> dir [/usr/lib/../lib]
    arg [-L/usr/lib/gcc/x86_64-linux-gnu/13/../../..] ==> dir [/usr/lib/gcc/x86_64-linux-gnu/13/../../..]
    arg [CMakeFiles/cmTC_ed139.dir/CMakeCCompilerABI.c.o] ==> ignore
    arg [-lgcc] ==> lib [gcc]
    arg [--push-state] ==> ignore
    arg [--as-needed] ==> ignore
    arg [-lgcc_s] ==> lib [gcc_s]
    arg [--pop-state] ==> ignore
    arg [-lc] ==> lib [c]
    arg [-lgcc] ==> lib [gcc]
    arg [--push-state] ==> ignore
    arg [--as-needed] ==> ignore
    arg [-lgcc_s] ==> lib [gcc_s]
    arg [--pop-state] ==> ignore
    arg [/usr/lib/gcc/x86_64-linux-gnu/13/crtendS.o] ==> ignore
    arg [/usr/lib/gcc/x86_64-linux-gnu/13/../../../x86_64-linux-gnu/crtn.o] ==> ignore
  collapse library dir [/usr/lib/gcc/x86_64-linux-gnu/13] ==> [/usr/lib/gcc/x86_64-linux-gnu/13]
  collapse library dir [/usr/lib/gcc/x86_64-linux-gnu/13/../../../x86_64-linux-gnu] ==> [/usr/lib/x86_64-linux-gnu]
  collapse library dir [/usr/lib/gcc/x86_64-linux-gnu/13/../../../../lib] ==> [/usr/lib]
  collapse library dir [/lib/x86_64-linux-gnu] ==> [/lib/x86_64-linux-gnu]
  collapse library dir [/lib/../lib] ==> [/lib]
  collapse library dir [/usr/lib/x86_64-linux-gnu] ==> [/usr/lib/x86_64-linux-gnu]
  collapse library dir [/usr/lib/../lib] ==> [/usr/lib]
  collapse library dir [/usr/lib/gcc/x86_64-linux-gnu/13/../../..] ==> [/usr/lib]
  implicit libs: [gcc;gcc_s;c;gcc;gcc_s]
  implicit dirs: [/usr/lib/gcc/x86_64-linux-gnu/13;/usr/lib/x86_64-linux-gnu;/usr/lib;/lib/x86_64-linux-gnu;/lib]
  implicit fwks: []


Determining if the CXX compiler works passed with the following output:
Change Dir: /home/dachuo/build/CMakeFiles/CMakeTmp

Run Build Command(s):/usr/bin/make cmTC_e911f/fast && /usr/bin/make -f CMakeFiles/cmTC_e911f.dir/build.make CMakeFiles/cmTC_e911f.dir/build
make[1]: Entering directory '/home/dachuo/build/CMakeFiles/CMakeTmp'
Building CXX object CMakeFiles/cmTC_e911f.dir/testCXXCompiler.cxx.o
/usr/bin/c++    -std=gnu++2a -o CMakeFiles/cmTC_e911f.dir/testCXXCompiler.cxx.o -c /home/dachuo/build/CMakeFiles/CMakeTmp/testCXXCompiler.cxx
Linking CXX executable cmTC_e911f
/usr/bin/cmake -E cmake_link_script CMakeFiles/cmTC_e911f.dir/link.txt --verbose=1
/usr/bin/c++       CMakeFiles/cmTC_e911f.dir/testCXXCompiler.cxx.o  -o cmTC_e911f 
make[1]: Leaving directory '/home/dachuo/build/CMakeFiles/CMakeTmp'



Detecting CXX compiler ABI info compiled with the following output:
Change Dir: /home/dachuo/build/CMakeFiles/CMakeTmp

Run Build Command(s):/usr/bin/make cmTC_3c86f/fast && /usr/bin/make -f CMakeFiles/cmTC_3c86f.dir/build.make CMakeFiles/cmTC_3c86f.dir/build
make[1]: Entering directory '/home/dachuo/build/CMakeFiles/CMakeTmp'
Building CXX object CMakeFiles/cmTC_3c86f.dir/CMakeCXXCompilerABI.cpp.o
/usr/bin/c++    -v -std=gnu++2a -o CMakeFiles/cmTC_3c86f.dir/CMakeCXXCompilerABI.cpp.o -c /usr/share/cmake-3.16/Modules/CMakeCXXCompilerABI.cpp
Using built-in specs.
COLLECT_GCC=/usr/bin/c++
Target: x86_64-linux-gnu
Configured with: ../src/configure -v --with-pkgversion='Ubuntu 13.1.0-8ubuntu1~20.04.2' --with-bugurl=file:///usr/share/doc/gcc-13/README.Bugs --enable-languages=c,ada,c++,go,d,fortran,objc,obj-c++,m2,rust --prefix=/usr --with-gcc-major-version-only --program-suffix=-13 --program-prefix=x86_64-linux-gnu- --enable-shared --enable-linker-build-id --libexecdir=/usr/libexec --without-included-gettext --enable-threads=posix --libdir=/usr/lib --enable-nls --enable-clocale=gnu --enable-libstdcxx-debug --enable-libstdcxx-time=yes --with-default-libstdcxx-abi=new --enable-gnu-unique-object --disable-vtable-verify --enable-plugin --enable-default-pie --with-system-zlib --enable-libphobos-checking=release --with-target-system-zlib=auto --enable-objc-gc=auto --enable-multiarch --disable-werror --enable-cet --with-arch-32=i686 --with-abi=m64 --with-multilib-list=m32,m64,mx32 --enable-multilib --with-tune=generic --enable-checking=release --build=x86_64-linux-gnu --host=x86_64-linux-gnu --target=x86_64-linux-gnu
Thread model: posix
Supported LTO compression algorithms: zlib zstd
gcc version 13.1.0 (Ubuntu 13.1.0-8ubuntu1~20.04.2) 
COLLECT_GCC_OPTIONS='-v' '-std=gnu++20' '-o' 'CMakeFiles/cmTC_3c86f.dir/CMakeCXXCompilerABI.cpp.o' '-c' '-shared-libgcc' '-mtune=generic' '-march=x86-64' '-dumpdir' 'CMakeFiles/cmTC_3c86f.dir/'
 /usr/libexec/gcc/x86_64-linux-gnu/13/cc1plus -quiet -v -imultiarch x86_64-linux-gnu -D_GNU_SOURCE /usr/share/cmake-3.16/Modules/CMakeCXXCompilerABI.cpp -quiet -dumpdir CMakeFiles/cmTC_3c86f.dir/ -dumpbase CMakeCXXCompilerABI.cpp.cpp -dumpbase-ext .cpp -mtune=generic -march=x86-64 -std=gnu++20 -version -fasynchronous-unwind-tables -fstack-protector-strong -Wformat -Wformat-security -fstack-clash-protection -fcf-protection -o /tmp/ccqMZLBx.s
GNU C++20 (Ubuntu 13.1.0-8ubuntu1~20.04.2) version 13.1.0 (x86_64-linux-gnu)
	compiled by GNU C version 13.1.0, GMP version 6.2.0, MPFR version 4.0.2, MPC version 1.1.0, isl version isl-0.22.1-GMP

GGC heuristics: --param ggc-min-expand=100 --param ggc-min-heapsize=131072
ignoring duplicate directory "/usr/include/x86_64-linux-gnu/c++/13"
ignoring nonexistent directory "/usr/local/include/x86_64-linux-gnu"
ignoring nonexistent directory "/usr/lib/gcc/x86_64-linux-gnu/13/include-fixed/x86_64-linux-gnu"
ignoring nonexistent directory "/usr/lib/gcc/x86_64-linux-gnu/13/include-fixed"
ignoring nonexistent directory "/usr/lib/gcc/x86_64-linux-gnu/13/../../../../x86_64-linux-gnu/include"
#include "..." search starts here:
#include <...> search starts here:
 /usr/include/c++/13
 /usr/include/x86_64-linux-gnu/c++/13
 /usr/include/c++/13/backward
 /usr/lib/gcc/x86_64-linux-gnu/13/include
 /usr/local/include
 /usr/include/x86_64-linux-gnu
 /usr/include
End of search list.
Compiler executable checksum: 391880e3be75f4e1ac78bddcb50fff0c
COLLECT_GCC_OPTIONS='-v' '-std=gnu++20' '-o' 'CMakeFiles/cmTC_3c86f.dir/CMakeCXXCompilerABI.cpp.o' '-c' '-shared-libgcc' '-mtune=generic' '-march=x86-64' '-dumpdir' 'CMakeFiles/cmTC_3c86f.dir/'
 as -v --64 -o CMakeFiles/cmTC_3c86f.dir/CMakeCXXCompilerABI.cpp.o /tmp/ccqMZLBx.s
GNU assembler version 2.34 (x86_64-linux-gnu) using BFD version (GNU Binutils for Ubuntu) 2.34
COMPILER_PATH=/usr/libexec/gcc/x86_64-linux-gnu/13/:/usr/libexec/gcc/x86_64-linux-gnu/13/:/usr/libexec/gcc/x86_64-linux-gnu/:/usr/lib/gcc/x86_64-linux-gnu/13/:/usr/lib/gcc/x86_64-linux-gnu/
LIBRARY_PATH=/usr/lib/gcc/x86_64-linux-gnu/13/:/usr/lib/gcc/x86_64-linux-gnu/13/../../../x86_64-linux-gnu/:/usr/lib/gcc/x86_64-linux-gnu/13/../../../../lib/:/lib/x86_64-linux-gnu/:/lib/../lib/:/usr/lib/x86_64-linux-gnu/:/usr/lib/../lib/:/usr/lib/gcc/x86_64-linux-gnu/13/../../../:/lib/:/usr/lib/
COLLECT_GCC_OPTIONS='-v' '-std=gnu++20' '-o' 'CMakeFiles/cmTC_3c86f.dir/CMakeCXXCompilerABI.cpp.o' '-c' '-shared-libgcc' '-mtune=generic' '-march=x86-64' '-dumpdir' 'CMakeFiles/cmTC_3c86f.dir/CMakeCXXCompilerABI.cpp.'
Linking CXX executable cmTC_3c86f
/usr/bin/cmake -E cmake_link_script CMakeFiles/cmTC_3c86f.dir/link.txt --verbose=1
/usr/bin/c++      -v CMakeFiles/cmTC_3c86f.dir/CMakeCXXCompilerABI.cpp.o  -o cmTC_3c86f 
Using built-in specs.
COLLECT_GCC=/usr/bin/c++
COLLECT_LTO_WRAPPER=/usr/libexec/gcc/x86_64-linux-gnu/13/lto-wrapper
Target: x86_64-linux-gnu
Configured with: ../src/configure -v --with-pkgversion='Ubuntu 13.1.0-8ubuntu1~20.04.2' --with-bugurl=file:///usr/share/doc/gcc-13/README.Bugs --enable-languages=c,ada,c++,go,d,fortran,objc,obj-c++,m2,rust --prefix=/usr --with-gcc-major-version-only --program-suffix=-13 --program-prefix=x86_64-linux-gnu- --enable-shared --enable-linker-build-id --libexecdir=/usr/libexec --without-included-gettext --enable-threads=posix --libdir=/usr/lib --enable-nls --enable-clocale=gnu --enable-libstdcxx-debug --enable-libstdcxx-time=yes --with-default-libstdcxx-abi=new --enable-gnu-unique-object --disable-vtable-verify --enable-plugin --enable-default-pie --with-system-zlib --enable-libphobos-checking=release --with-target-system-zlib=auto --enable-objc-gc=auto --enable-multiarch --disable-werror --enable-cet --with-arch-32=i686 --with-abi=m64 --with-multilib-list=m32,m64,mx32 --enable-multilib --with-tune=generic --enable-checking=release --build=x86_64-linux-gnu --host=x86_64-linux-gnu --target=x86_64-linux-gnu
Thread model: posix
Supported LTO compression algorithms: zlib zstd
gcc version 13.1.0 (Ubuntu 13.1.0-8ubuntu1~20.04.2) 
COMPILER_PATH=/usr/libexec/gcc/x86_64-linux-gnu/13/:/usr/libexec/gcc/x86_64-linux-gnu/13/:/usr/libexec/gcc/x86_64-linux-gnu/:/usr/lib/gcc/x86_64-linux-gnu/13/:/usr/lib/gcc/x86_64-linux-gnu/
LIBRARY_PATH=/usr/lib/gcc/x86_64-linux-gnu/13/:/usr/lib/gcc/x86_64-linux-gnu/13/../../../x86_64-linux-gnu/:/usr/lib/gcc/x86_64-linux-gnu/13/../../../../lib/:/lib/x86_64-linux-gnu/:/lib/../lib/:/usr/lib/x86_64-linux-gnu/:/usr/lib/../lib/:/usr/lib/gcc/x86_64-linux-gnu/13/../../../:/lib/:/usr/lib/
COLLECT_GCC_OPTIONS='-v' '-o' 'cmTC_3c86f' '-shared-libgcc' '-mtune=generic' '-march=x86-64' '-dumpdir' 'cmTC_3c86f.'
 /usr/libexec/gcc/x86_64-linux-gnu/13/collect2 -plugin /usr/libexec/gcc/x86_64-linux-gnu/13/liblto_plugin.so -plugin-opt=/usr/libexec/gcc/x86_64-linux-gnu/13/lto-wrapper -plugin-opt=-fresolution=/tmp/cc5QFwmZ.res -plugin-opt=-pass-through=-lgcc_s -plugin-opt=-pass-through=-lgcc -plugin-opt=-pass-through=-lc -plugin-opt=-pass-through=-lgcc_s -plugin-opt=-pass-through=-lgcc --build-id --eh-frame-hdr -m elf_x86_64 --hash-style=gnu --as-needed -dynamic-linker /lib64/ld-linux-x86-64.so.2 -pie -z now -z relro -o cmTC_3c86f /usr/lib/gcc/x86_64-linux-gnu/13/../../../x86_64-linux-gnu/Scrt1.o /usr/lib/gcc/x86_64-linux-gnu/13/../../../x86_64-linux-gnu/crti.o /usr/lib/gcc/x86_64-linux-gnu/13/crtbeginS.o -L/usr/lib/gcc/x86_64-linux-gnu/13 -L/usr/lib/gcc/x86_64-linux-gnu/13/../../../x86_64-linux-gnu -L/usr/lib/gcc/x86_64-linux-gnu/13/../../../../lib -L/lib/x86_64-linux-gnu -L/lib/../lib -L/usr/lib/x86_64-linux-gnu -L/usr/lib/../lib -L/usr/lib/gcc/x86_64-linux-gnu/13/../../.. CMakeFiles/cmTC_3c86f.dir/CMakeCXXCompilerABI.cpp.o -lstdc++ -lm -lgcc_s -lgcc -lc -lgcc_s -lgcc /usr/lib/gcc/x86_64-linux-gnu/13/crtendS.o /usr/lib/gcc/x86_64-linux-gnu/13/../../../x86_64-linux-gnu/crtn.o
COLLECT_GCC_OPTIONS='-v' '-o' 'cmTC_3c86f' '-shared-libgcc' '-mtune=generic' '-march=x86-64' '-dumpdir' 'cmTC_3c86f.'
make[1]: Leaving directory '/home/dachuo/build/CMakeFiles/CMakeTmp'



Parsed CXX implicit include dir info from above output: rv=done
  found start of include info
  found start of implicit include info
    add: [/usr/include/c++/13]
    add: [/usr/include/x86_64-linux-gnu/c++/13]
    add: [/usr/include/c++/13/backward]
    add: [/usr/lib/gcc/x86_64-linux-gnu/13/include]
    add: [/usr/local/include]
    add: [/usr/include/x86_64-linux-gnu]
    add: [/usr/include]
  end of search list found
  collapse include dir [/usr/include/c++/13] ==> [/usr/include/c++/13]
  collapse include dir [/usr/include/x86_64-linux-gnu/c++/13] ==> [/usr/include/x86_64-linux-gnu/c++/13]
  collapse include dir [/usr/include/c++/13/backward] ==> [/usr/include/c++/13/backward]
  collapse include dir [/usr/lib/gcc/x86_64-linux-gnu/13/include] ==> [/usr/lib/gcc/x86_64-linux-gnu/13/include]
  collapse include dir [/usr/local/include] ==> [/usr/local/include]
  collapse include dir [/usr/include/x86_64-linux-gnu] ==> [/usr/include/x86_64-linux-gnu]
  collapse include dir [/usr/include] ==> [/usr/include]
  implicit include dirs: [/usr/include/c++/13;/usr/include/x86_64-linux-gnu/c++/13;/usr/include/c++/13/backward;/usr/lib/gcc/x86_64-linux-gnu/13/include;/usr/local/include;/usr/include/x86_64-linux-gnu;/usr/include]


Parsed CXX implicit link information from above output:
  link line regex: [^( *|.*[/\])(ld|CMAKE_LINK_STARTFILE-NOTFOUND|([^/\]+-)?ld|collect2)[^/\]*( |$)]
  ignore line: [Change Dir: /home/dachuo/build/CMakeFiles/CMakeTmp]
  ignore line: []
  ignore line: [Run Build Command(s):/usr/bin/make cmTC_3c86f/fast && /usr/bin/make -f CMakeFiles/cmTC_3c86f.dir/build.make CMakeFiles/cmTC_3c86f.dir/build]
  ignore line: [make[1]: Entering directory '/home/dachuo/build/CMakeFiles/CMakeTmp']
  ignore line: [Building CXX object CMakeFiles/cmTC_3c86f.dir/CMakeCXXCompilerABI.cpp.o]
  ignore line: [/usr/bin/c++    -v -std=gnu++2a -o CMakeFiles/cmTC_3c86f.dir/CMakeCXXCompilerABI.cpp.o -c /usr/share/cmake-3.16/Modules/CMakeCXXCompilerABI.cpp]
  ignore line: [Using built-in specs.]
  ignore line: [COLLECT_GCC=/usr/bin/c++]
  ignore line: [Target: x86_64-linux-gnu]
  ignore line: [Configured with: ../src/configure -v --with-pkgversion='Ubuntu 13.1.0-8ubuntu1~20.04.2' --with-bugurl=file:///usr/share/doc/gcc-13/README.Bugs --enable-languages=c ada c++ go d fortran objc obj-c++ m2 rust --prefix=/usr --with-gcc-major-version-only --program-suffix=-13 --program-prefix=x86_64-linux-gnu- --enable-shared --enable-linker-build-id --libexecdir=/usr/libexec --without-included-gettext --enable-threads=posix --libdir=/usr/lib --enable-nls --enable-clocale=gnu --enable-libstdcxx-debug --enable-libstdcxx-time=yes --with-default-libstdcxx-abi=new --enable-gnu-unique-object --disable-vtable-verify --enable-plugin --enable-default-pie --with-system-zlib --enable-libphobos-checking=release --with-target-system-zlib=auto --enable-objc-gc=auto --enable-multiarch --disable-werror --enable-cet --with-arch-32=i686 --with-abi=m64 --with-multilib-list=m32 m64 mx32 --enable-multilib --with-tune=generic --enable-checking=release --build=x86_64-linux-gnu --host=x86_64-linux-gnu --target=x86_64-linux-gnu]
  ignore line: [Thread model: posix]
  ignore line: [Supported LTO compression algorithms: zlib zstd]
  ignore line: [gcc version 13.1.0 (Ubuntu 13.1.0-8ubuntu1~20.04.2) ]
  ignore line: [COLLECT_GCC_OPTIONS='-v' '-std=gnu++20' '-o' 'CMakeFiles/cmTC_3c86f.dir/CMakeCXXCompilerABI.cpp.o' '-c' '-shared-libgcc' '-mtune=generic' '-march=x86-64' '-dumpdir' 'CMakeFiles/cmTC_3c86f.dir/']
  ignore line: [ /usr/libexec/gcc/x86_64-linux-gnu/13/cc1plus -quiet -v -imultiarch x86_64-linux-gnu -D_GNU_SOURCE /usr/share/cmake-3.16/Modules/CMakeCXXCompilerABI.cpp -quiet -dumpdir CMakeFiles/cmTC_3c86f.dir/ -dumpbase CMakeCXXCompilerABI.cpp.cpp -dumpbase-ext .cpp -mtune=generic -march=x86-64 -std=gnu++20 -version -fasynchronous-unwind-tables -fstack-protector-strong -Wformat -Wformat-security -fstack-clash-protection -fcf-protection -o /tmp/ccqMZLBx.s]
  ignore line: [GNU C++20 (Ubuntu 13.1.0-8ubuntu1~20.04.2) version 13.1.0 (x86_64-linux-gnu)]
  ignore line: [	compiled by GNU C version 13.1.0  GMP version 6.2.0  MPFR version 4.0.2  MPC version 1.1.0  isl version isl-0.22.1-GMP]
  ignore line: []
  ignore line: [GGC heuristics: --param ggc-min-expand=100 --param ggc-min-heapsize=131072]
  ignore line: [ignoring duplicate directory "/usr/include/x86_64-linux-gnu/c++/13"]
  ignore line: [ignoring nonexistent directory "/usr/local/include/x86_64-linux-gnu"]
  ignore line: [ignoring nonexistent directory "/usr/lib/gcc/x86_64-linux-gnu/13/include-fixed/x86_64-linux-gnu"]
  ignore line: [ignoring nonexistent directory "/usr/lib/gcc/x86_64-linux-gnu/13/include-fixed"]
  ignore line: [ignoring nonexistent directory "/usr/lib/gcc/x86_64-linux-gnu/13/../../../../x86_64-linux-gnu/include"]
  ignore line: [#include "..." search starts here:]
  ignore line: [#include <...> search starts here:]
  ignore line: [ /usr/include/c++/13]
  ignore line: [ /usr/include/x86_64-linux-gnu/c++/13]
  ignore line: [ /usr/include/c++/13/backward]
  ignore line: [ /usr/lib/gcc/x86_64-linux-gnu/13/include]
  ignore line: [ /usr/local/include]
  ignore line: [ /usr/include/x86_64-linux-gnu]
  ignore line: [ /usr/include]
  ignore line: [End of search list.]
  ignore line: [Compiler executable checksum: 391880e3be75f4e1ac78bddcb50fff0c]
  ignore line: [COLLECT_GCC_OPTIONS='-v' '-std=gnu++20' '-o' 'CMakeFiles/cmTC_3c86f.dir/CMakeCXXCompilerABI.cpp.o' '-c' '-shared-libgcc' '-mtune=generic' '-march=x86-64' '-dumpdir' 'CMakeFiles/cmTC_3c86f.dir/']
  ignore line: [ as -v --64 -o CMakeFiles/cmTC_3c86f.dir/CMakeCXXCompilerABI.cpp.o /tmp/ccqMZLBx.s]
  ignore line: [GNU assembler version 2.34 (x86_64-linux-gnu) using BFD version (GNU Binutils for Ubuntu) 2.34]
  ignore line: [COMPILER_PATH=/usr/libexec/gcc/x86_64-linux-gnu/13/:/usr/libexec/gcc/x86_64-linux-gnu/13/:/usr/libexec/gcc/x86_64-linux-gnu/:/usr/lib/gcc/x86_64-linux-gnu/13/:/usr/lib/gcc/x86_64-linux-gnu/]
  ignore line: [LIBRARY_PATH=/usr/lib/gcc/x86_64-linux-gnu/13/:/usr/lib/gcc/x86_64-linux-gnu/13/../../../x86_64-linux-gnu/:/usr/lib/gcc/x86_64-linux-gnu/13/../../../../lib/:/lib/x86_64-linux-gnu/:/lib/../lib/:/usr/lib/x86_64-linux-gnu/:/usr/lib/../lib/:/usr/lib/gcc/x86_64-linux-gnu/13/../../../:/lib/:/usr/lib/]
  ignore line: [COLLECT_GCC_OPTIONS='-v' '-std=gnu++20' '-o' 'CMakeFiles/cmTC_3c86f.dir/CMakeCXXCompilerABI.cpp.o' '-c' '-shared-libgcc' '-mtune=generic' '-march=x86-64' '-dumpdir' 'CMakeFiles/cmTC_3c86f.dir/CMakeCXXCompilerABI.cpp.']
  ignore line: [Linking CXX executable cmTC_3c86f]
  ignore line: [/usr/bin/cmake -E cmake_link_script CMakeFiles/cmTC_3c86f.dir/link.txt --verbose=1]
  ignore line: [/usr/bin/c++      -v CMakeFiles/cmTC_3c86f.dir/CMakeCXXCompilerABI.cpp.o  -o cmTC_3c86f ]
  ignore line: [Using built-in specs.]
  ignore line: [COLLECT_GCC=/usr/bin/c++]
  ignore line: [COLLECT_LTO_WRAPPER=/usr/libexec/gcc/x86_64-linux-gnu/13/lto-wrapper]
  ignore line: [Target: x86_64-linux-gnu]
  ignore line: [Configured with: ../src/configure -v --with-pkgversion='Ubuntu 13.1.0-8ubuntu1~20.04.2' --with-bugurl=file:///usr/share/doc/gcc-13/README.Bugs --enable-languages=c ada c++ go d fortran objc obj-c++ m2 rust --prefix=/usr --with-gcc-major-version-only --program-suffix=-13 --program-prefix=x86_64-linux-gnu- --enable-shared --enable-linker-build-id --libexecdir=/usr/libexec --without-included-gettext --enable-threads=posix --libdir=/usr/lib --enable-nls --enable-clocale=gnu --enable-libstdcxx-debug --enable-libstdcxx-time=yes --with-default-libstdcxx-abi=new --enable-gnu-unique-object --disable-vtable-verify --enable-plugin --enable-default-pie --with-system-zlib --enable-libphobos-checking=release --with-target-system-zlib=auto --enable-objc-gc=auto --enable-multiarch --disable-werror --enable-cet --with-arch-32=i686 --with-abi=m64 --with-multilib-list=m32 m64 mx32 --enable-multilib --with-tune=generic --enable-checking=release --build=x86_64-linux-gnu --host=x86_64-linux-gnu --target=x86_64-linux-gnu]
  ignore line: [Thread model: posix]
  ignore line: [Supported LTO compression algorithms: zlib zstd]
  ignore line: [gcc version 13.1.0 (Ubuntu 13.1.0-8ubuntu1~20.04.2) ]
  ignore line: [COMPILER_PATH=/usr/libexec/gcc/x86_64-linux-gnu/13/:/usr/libexec/gcc/x86_64-linux-gnu/13/:/usr/libexec/gcc/x86_64-linux-gnu/:/usr/lib/gcc/x86_64-linux-gnu/13/:/usr/lib/gcc/x86_64-linux-gnu/]
  ignore line: [LIBRARY_PATH=/usr/lib/gcc/x86_64-linux-gnu/13/:/usr/lib/gcc/x86_64-linux-gnu/13/../../../x86_64-linux-gnu/:/usr/lib/gcc/x86_64-linux-gnu/13/../../../../lib/:/lib/x86_64-linux-gnu/:/lib/../lib/:/usr/lib/x86_64-linux-gnu/:/usr/lib/../lib/:/usr/lib/gcc/x86_64-linux-gnu/13/../../../:/lib/:/usr/lib/]
  ignore line: [COLLECT_GCC_OPTIONS='-v' '-o' 'cmTC_3c86f' '-shared-libgcc' '-mtune=generic' '-march=x86-64' '-dumpdir' 'cmTC_3c86f.']
  link line: [ /usr/libexec/gcc/x86_64-linux-gnu/13/collect2 -plugin /usr/libexec/gcc/x86_64-linux-gnu/13/liblto_plugin.so -plugin-opt=/usr/libexec/gcc/x86_64-linux-gnu/13/lto-wrapper -plugin-opt=-fresolution=/tmp/cc5QFwmZ.res -plugin-opt=-pass-through=-lgcc_s -plugin-opt=-pass-through=-lgcc -plugin-opt=-pass-through=-lc -plugin-opt=-pass-through=-lgcc_s -plugin-opt=-pass-through=-lgcc --build-id --eh-frame-hdr -m elf_x86_64 --hash-style=gnu --as-needed -dynamic-linker /lib64/ld-linux-x86-64.so.2 -pie -z now -z relro -o cmTC_3c86f /usr/lib/gcc/x86_64-linux-gnu/13/../../../x86_64-linux-gnu/Scrt1.o /usr/lib/gcc/x86_64-linux-gnu/13/../../../x86_64-linux-gnu/crti.o /usr/lib/gcc/x86_64-linux-gnu/13/crtbeginS.o -L/usr/lib/gcc/x86_64-linux-gnu/13 -L/usr/lib/gcc/x86_64-linux-gnu/13/../../../x86_64-linux-gnu -L/usr/lib/gcc/x86_64-linux-gnu/13/../../../../lib -L/lib/x86_64-linux-gnu -L/lib/../lib -L/usr/lib/x86_64-linux-gnu -L/usr/lib/../lib -L/usr/lib/gcc/x86_64-linux-gnu/13/../../.. CMakeFiles/cmTC_3c86f.dir/CMakeCXXCompilerABI.cpp.o -lstdc++ -lm -lgcc_s -lgcc -lc -lgcc_s -lgcc /usr/lib/gcc/x86_64-linux-gnu/13/crtendS.o /usr/lib/gcc/x86_64-linux-gnu/13/../../../x86_64-linux-gnu/crtn.o]
    arg [/usr/libexec/gcc/x86_64-linux-gnu/13/collect2] ==> ignore
    arg [-plugin] ==> ignore
    arg [/usr/libexec/gcc/x86_64-linux-gnu/13/liblto_plugin.so] ==> ignore
    arg [-plugin-opt=/usr/libexec/gcc/x86_64-linux-gnu/13/lto-wrapper] ==> ignore
    arg [-plugin-opt=-fresolution=/tmp/cc5QFwmZ.res] ==> ignore
    arg [-plugin-opt=-pass-through=-lgcc_s] ==> ignore
    arg [-plugin-opt=-pass-through=-lgcc] ==> ignore
    arg [-plugin-opt=-pass-through=-lc] ==> ignore
    arg [-plugin-opt=-pass-through=-lgcc_s] ==> ignore
    arg [-plugin-opt=-pass-through=-lgcc] ==> ignore
    arg [--build-id] ==> ignore
    arg [--eh-frame-hdr] ==> ignore
    arg [-m] ==> ignore
    arg [elf_x86_64] ==> ignore
    arg [--hash-style=gnu] ==> ignore
    arg [--as-needed] ==> ignore
    arg [-dynamic-linker] ==> ignore
    arg [/lib64/ld-linux-x86-64.so.2] ==> ignore
    arg [-pie] ==> ignore
    arg [-znow] ==> ignore
    arg [-zrelro] ==> ignore
    arg [-o] ==> ignore
    arg [cmTC_3c86f] ==> ignore
    arg [/usr/lib/gcc/x86_64-linux-gnu/13/../../../x86_64-linux-gnu/Scrt1.o] ==> ignore
    arg [/usr/lib/gcc/x86_64-linux-gnu/13/../../../x86_64-linux-gnu/crti.o] ==> ignore
    arg [/usr/lib/gcc/x86_64-linux-gnu/13/crtbeginS.o] ==> ignore
    arg [-L/usr/lib/gcc/x86_64-linux-gnu/13] ==> dir [/usr/lib/gcc/x86_64-linux-gnu/13]
    arg [-L/usr/lib/gcc/x86_64-linux-gnu/13/../../../x86_64-linux-gnu] ==> dir [/usr/lib/gcc/x86_64-linux-gnu/13/../../../x86_64-linux-gnu]
    arg [-L/usr/lib/gcc/x86_64-linux-gnu/13/../../../../lib] ==> dir [/usr/lib/gcc/x86_64-linux-gnu/13/../../../../lib]
    arg [-L/lib/x86_64-linux-gnu] ==> dir [/lib/x86_64-linux-gnu]
    arg [-L/lib/../lib] ==> dir [/lib/../lib]
    arg [-L/usr/lib/x86_64-linux-gnu] ==> dir [/usr/lib/x86_64-linux-gnu]
    arg [-L/usr/lib/../lib] ==> dir [/usr/lib/../lib]
    arg [-L/usr/lib/gcc/x86_64-linux-gnu/13/../../..] ==> dir [/usr/lib/gcc/x86_64-linux-gnu/13/../../..]
    arg [CMakeFiles/cmTC_3c86f.dir/CMakeCXXCompilerABI.cpp.o] ==> ignore
    arg [-lstdc++] ==> lib [stdc++]
    arg [-lm] ==> lib [m]
    arg [-lgcc_s] ==> lib [gcc_s]
    arg [-lgcc] ==> lib [gcc]
    arg [-lc] ==> lib [c]
    arg [-lgcc_s] ==> lib [gcc_s]
    arg [-lgcc] ==> lib [gcc]
    arg [/usr/lib/gcc/x86_64-linux-gnu/13/crtendS.o] ==> ignore
    arg [/usr/lib/gcc/x86_64-linux-gnu/13/../../../x86_64-linux-gnu/crtn.o] ==> ignore
  collapse library dir [/usr/lib/gcc/x86_64-linux-gnu/13] ==> [/usr/lib/gcc/x86_64-linux-gnu/13]
  collapse library dir [/usr/lib/gcc/x86_64-linux-gnu/13/../../../x86_64-linux-gnu] ==> [/usr/lib/x86_64-linux-gnu]
  collapse library dir [/usr/lib/gcc/x86_64-linux-gnu/13/../../../../lib] ==> [/usr/lib]
  collapse library dir [/lib/x86_64-linux-gnu] ==> [/lib/x86_64-linux-gnu]
  collapse library dir [/lib/../lib] ==> [/lib]
  collapse library dir [/usr/lib/x86_64-linux-gnu] ==> [/usr/lib/x86_64-linux-gnu]
  collapse library dir [/usr/lib/../lib] ==> [/usr/lib]
  collapse library dir [/usr/lib/gcc/x86_64-linux-gnu/13/../../..] ==> [/usr/lib]
  implicit libs: [stdc++;m;gcc_s;gcc;c;gcc_s;gcc]
  implicit dirs: [/usr/lib/gcc/x86_64-linux-gnu/13;/usr/lib/x86_64-linux-gnu;/usr/lib;/lib/x86_64-linux-gnu;/lib]
  implicit fwks: []


The system is: Linux - 4.4.0-19041-Microsoft - x86_64
Compiling the C compiler identification source file "CMakeCCompilerId.c" succeeded.
Compiler: /usr/bin/cc 
Build flags: 
Id flags:  

The output was:
0


Compilation of the C compiler identification source "CMakeCCompilerId.c" produced "a.out"

The C compiler identification is GNU, found in "/home/dachuo/build/CMakeFiles/3.16.3/CompilerIdC/a.out"

Compiling the CXX compiler identification source file "CMakeCXXCompilerId.cpp" succeeded.
Compiler: /usr/bin/c++ 
Build flags: 
Id flags:  

The output was:
0


Compilation of the CXX compiler identification source "CMakeCXXCompilerId.cpp" produced "a.out"

The CXX compiler identification is GNU, found in "/home/dachuo/build/CMakeFiles/3.16.3/CompilerIdCXX/a.out"

Determining if the C compiler works passed with the following output:
Change Dir: /home/dachuo/build/CMakeFiles/CMakeTmp

Run Build Command(s):/usr/bin/make cmTC_ea1da/fast && /usr/bin/make -f CMakeFiles/cmTC_ea1da.dir/build.make CMakeFiles/cmTC_ea1da.dir/build
make[1]: Entering directory '/home/dachuo/build/CMakeFiles/CMakeTmp'
Building C object CMakeFiles/cmTC_ea1da.dir/testCCompiler.c.o
/usr/bin/cc    -o CMakeFiles/cmTC_ea1da.dir/testCCompiler.c.o   -c /home/dachuo/build/CMakeFiles/CMakeTmp/testCCompiler.c
Linking C executable cmTC_ea1da
/usr/bin/cmake -E cmake_link_script CMakeFiles/cmTC_ea1da.dir/link.txt --verbose=1
/usr/bin/cc      CMakeFiles/cmTC_ea1da.dir/testCCompiler.c.o  -o cmTC_ea1da 
make[1]: Leaving directory '/home/dachuo/build/CMakeFiles/CMakeTmp'



Detecting C compiler ABI info compiled with the following output:
Change Dir: /home/dachuo/build/CMakeFiles/CMakeTmp

Run Build Command(s):/usr/bin/make cmTC_cc482/fast && /usr/bin/make -f CMakeFiles/cmTC_cc482.dir/build.make CMakeFiles/cmTC_cc482.dir/build
make[1]: Entering directory '/home/dachuo/build/CMakeFiles/CMakeTmp'
Building C object CMakeFiles/cmTC_cc482.dir/CMakeCCompilerABI.c.o
/usr/bin/cc   -v -o CMakeFiles/cmTC_cc482.dir/CMakeCCompilerABI.c.o   -c /usr/share/cmake-3.16/Modules/CMakeCCompilerABI.c
Using built-in specs.
COLLECT_GCC=/usr/bin/cc
Target: x86_64-linux-gnu
Configured with: ../src/configure -v --with-pkgversion='Ubuntu 13.1.0-8ubuntu1~20.04.2' --with-bugurl=file:///usr/share/doc/gcc-13/README.Bugs --enable-languages=c,ada,c++,go,d,fortran,objc,obj-c++,m2,rust --prefix=/usr --with-gcc-major-version-only --program-suffix=-13 --program-prefix=x86_64-linux-gnu- --enable-shared --enable-linker-build-id --libexecdir=/usr/libexec --without-included-gettext --enable-threads=posix --libdir=/usr/lib --enable-nls --enable-clocale=gnu --enable-libstdcxx-debug --enable-libstdcxx-time=yes --with-default-libstdcxx-abi=new --enable-gnu-unique-object --disable-vtable-verify --enable-plugin --enable-default-pie --with-system-zlib --enable-libphobos-checking=release --with-target-system-zlib=auto --enable-objc-gc=auto --enable-multiarch --disable-werror --enable-cet --with-arch-32=i686 --with-abi=m64 --with-multilib-list=m32,m64,mx32 --enable-multilib --with-tune=generic --enable-checking=release --build=x86_64-linux-gnu --host=x86_64-linux-gnu --target=x86_64-linux-gnu
Thread model: posix
Supported LTO compression algorithms: zlib zstd
gcc version 13.1.0 (Ubuntu 13.1.0-8ubuntu1~20.04.2) 
COLLECT_GCC_OPTIONS='-v' '-o' 'CMakeFiles/cmTC_cc482.dir/CMakeCCompilerABI.c.o' '-c' '-mtune=generic' '-march=x86-64' '-dumpdir' 'CMakeFiles/cmTC_cc482.dir/'
 /usr/libexec/gcc/x86_64-linux-gnu/13/cc1 -quiet -v -imultiarch x86_64-linux-gnu /usr/share/cmake-3.16/Modules/CMakeCCompilerABI.c -quiet -dumpdir CMakeFiles/cmTC_cc482.dir/ -dumpbase CMakeCCompilerABI.c.c -dumpbase-ext .c -mtune=generic -march=x86-64 -version -fasynchronous-unwind-tables -fstack-protector-strong -Wformat -Wformat-security -fstack-clash-protection -fcf-protection -o /tmp/cctigBj7.s
GNU C17 (Ubuntu 13.1.0-8ubuntu1~20.04.2) version 13.1.0 (x86_64-linux-gnu)
	compiled by GNU C version 13.1.0, GMP version 6.2.0, MPFR version 4.0.2, MPC version 1.1.0, isl version isl-0.22.1-GMP

GGC heuristics: --param ggc-min-expand=100 --param ggc-min-heapsize=131072
ignoring nonexistent directory "/usr/local/include/x86_64-linux-gnu"
ignoring nonexistent directory "/usr/lib/gcc/x86_64-linux-gnu/13/include-fixed/x86_64-linux-gnu"
ignoring nonexistent directory "/usr/lib/gcc/x86_64-linux-gnu/13/include-fixed"
ignoring nonexistent directory "/usr/lib/gcc/x86_64-linux-gnu/13/../../../../x86_64-linux-gnu/include"
#include "..." search starts here:
#include <...> search starts here:
 /usr/lib/gcc/x86_64-linux-gnu/13/include
 /usr/local/include
 /usr/include/x86_64-linux-gnu
 /usr/include
End of search list.
Compiler executable checksum: f0b3c90e0f11c3d406d33a12053911f6
COLLECT_GCC_OPTIONS='-v' '-o' 'CMakeFiles/cmTC_cc482.dir/CMakeCCompilerABI.c.o' '-c' '-mtune=generic' '-march=x86-64' '-dumpdir' 'CMakeFiles/cmTC_cc482.dir/'
 as -v --64 -o CMakeFiles/cmTC_cc482.dir/CMakeCCompilerABI.c.o /tmp/cctigBj7.s
GNU assembler version 2.34 (x86_64-linux-gnu) using BFD version (GNU Binutils for Ubuntu) 2.34
COMPILER_PATH=/usr/libexec/gcc/x86_64-linux-gnu/13/:/usr/libexec/gcc/x86_64-linux-gnu/13/:/usr/libexec/gcc/x86_64-linux-gnu/:/usr/lib/gcc/x86_64-linux-gnu/13/:/usr/lib/gcc/x86_64-linux-gnu/
LIBRARY_PATH=/usr/lib/gcc/x86_64-linux-gnu/13/:/usr/lib/gcc/x86_64-linux-gnu/13/../../../x86_64-linux-gnu/:/usr/lib/gcc/x86_64-linux-gnu/13/../../../../lib/:/lib/x86_64-linux-gnu/:/lib/../lib/:/usr/lib/x86_64-linux-gnu/:/usr/lib/../lib/:/usr/lib/gcc/x86_64-linux-gnu/13/../../../:/lib/:/usr/lib/
COLLECT_GCC_OPTIONS='-v' '-o' 'CMakeFiles/cmTC_cc482.dir/CMakeCCompilerABI.c.o' '-c' '-mtune=generic' '-march=x86-64' '-dumpdir' 'CMakeFiles/cmTC_cc482.dir/CMakeCCompilerABI.c.'
Linking C executable cmTC_cc482
/usr/bin/cmake -E cmake_link_script CMakeFiles/cmTC_cc482.dir/link.txt --verbose=1
/usr/bin/cc     -v CMakeFiles/cmTC_cc482.dir/CMakeCCompilerABI.c.o  -o cmTC_cc482 
Using built-in specs.
COLLECT_GCC=/usr/bin/cc
COLLECT_LTO_WRAPPER=/usr/libexec/gcc/x86_64-linux-gnu/13/lto-wrapper
Target: x86_64-linux-gnu
Configured with: ../src/configure -v --with-pkgversion='Ubuntu 13.1.0-8ubuntu1~20.04.2' --with-bugurl=file:///usr/share/doc/gcc-13/README.Bugs --enable-languages=c,ada,c++,go,d,fortran,objc,obj-c++,m2,rust --prefix=/usr --with-gcc-major-version-only --program-suffix=-13 --program-prefix=x86_64-linux-gnu- --enable-shared --enable-linker-build-id --libexecdir=/usr/libexec --without-included-gettext --enable-threads=posix --libdir=/usr/lib --enable-nls --enable-clocale=gnu --enable-libstdcxx-debug --enable-libstdcxx-time=yes --with-default-libstdcxx-abi=new --enable-gnu-unique-object --disable-vtable-verify --enable-plugin --enable-default-pie --with-system-zlib --enable-libphobos-checking=release --with-target-system-zlib=auto --enable-objc-gc=auto --enable-multiarch --disable-werror --enable-cet --with-arch-32=i686 --with-abi=m64 --with-multilib-list=m32,m64,mx32 --enable-multilib --with-tune=generic --enable-checking=release --build=x86_64-linux-gnu --host=x86_64-linux-gnu --target=x86_64-linux-gnu
Thread model: posix
Supported LTO compression algorithms: zlib zstd
gcc version 13.1.0 (Ubuntu 13.1.0-8ubuntu1~20.04.2) 
COMPILER_PATH=/usr/libexec/gcc/x86_64-linux-gnu/13/:/usr/libexec/gcc/x86_64-linux-gnu/13/:/usr/libexec/gcc/x86_64-linux-gnu/:/usr/lib/gcc/x86_64-linux-gnu/13/:/usr/lib/gcc/x86_64-linux-gnu/
LIBRARY_PATH=/usr/lib/gcc/x86_64-linux-gnu/13/:/usr/lib/gcc/x86_64-linux-gnu/13/../../../x86_64-linux-gnu/:/usr/lib/gcc/x86_64-linux-gnu/13/../../../../lib/:/lib/x86_64-linux-gnu/:/lib/../lib/:/usr/lib/x86_64-linux-gnu/:/usr/lib/../lib/:/usr/lib/gcc/x86_64-linux-gnu/13/../../../:/lib/:/usr/lib/
COLLECT_GCC_OPTIONS='-v' '-o' 'cmTC_cc482' '-mtune=generic' '-march=x86-64' '-dumpdir' 'cmTC_cc482.'
 /usr/libexec/gcc/x86_64-linux-gnu/13/collect2 -plugin /usr/libexec/gcc/x86_64-linux-gnu/13/liblto_plugin.so -plugin-opt=/usr/libexec/gcc/x86_64-linux-gnu/13/lto-wrapper -plugin-opt=-fresolution=/tmp/ccwEaPDx.res -plugin-opt=-pass-through=-lgcc -plugin-opt=-pass-through=-lgcc_s -plugin-opt=-pass-through=-lc -plugin-opt=-pass-through=-lgcc -plugin-opt=-pass-through=-lgcc_s --build-id --eh-frame-hdr -m elf_x86_64 --hash-style=gnu --as-needed -dynamic-linker /lib64/ld-linux-x86-64.so.2 -pie -z now -z relro -o cmTC_cc482 /usr/lib/gcc/x86_64-linux-gnu/13/../../../x86_64-linux-gnu/Scrt1.o /usr/lib/gcc/x86_64-linux-gnu/13/../../../x86_64-linux-gnu/crti.o /usr/lib/gcc/x86_64-linux-gnu/13/crtbeginS.o -L/usr/lib/gcc/x86_64-linux-gnu/13 -L/usr/lib/gcc/x86_64-linux-gnu/13/../../../x86_64-linux-gnu -L/usr/lib/gcc/x86_64-linux-gnu/13/../../../../lib -L/lib/x86_64-linux-gnu -L/lib/../lib -L/usr/lib/x86_64-linux-gnu -L/usr/lib/../lib -L/usr/lib/gcc/x86_64-linux-gnu/13/../../.. CMakeFiles/cmTC_cc482.dir/CMakeCCompilerABI.c.o -lgcc --push-state --as-needed -lgcc_s --pop-state -lc -lgcc --push-state --as-needed -lgcc_s --pop-state /usr/lib/gcc/x86_64-linux-gnu/13/crtendS.o /usr/lib/gcc/x86_64-linux-gnu/13/../../../x86_64-linux-gnu/crtn.o
COLLECT_GCC_OPTIONS='-v' '-o' 'cmTC_cc482' '-mtune=generic' '-march=x86-64' '-dumpdir' 'cmTC_cc482.'
make[1]: Leaving directory '/home/dachuo/build/CMakeFiles/CMakeTmp'



Parsed C implicit include dir info from above output: rv=done
  found start of include info
  found start of implicit include info
    add: [/usr/lib/gcc/x86_64-linux-gnu/13/include]
    add: [/usr/local/include]
    add: [/usr/include/x86_64-linux-gnu]
    add: [/usr/include]
  end of search list found
  collapse include dir [/usr/lib/gcc/x86_64-linux-gnu/13/include] ==> [/usr/lib/gcc/x86_64-linux-gnu/13/include]
  collapse include dir [/usr/local/include] ==> [/usr/local/include]
  collapse include dir [/usr/include/x86_64-linux-gnu] ==> [/usr/include/x86_64-linux-gnu]
  collapse include dir [/usr/include] ==> [/usr/include]
  implicit include dirs: [/usr/lib/gcc/x86_64-linux-gnu/13/include;/usr/local/include;/usr/include/x86_64-linux-gnu;/usr/include]


Parsed C implicit link information from above output:
  link line regex: [^( *|.*[/\])(ld|CMAKE_LINK_STARTFILE-NOTFOUND|([^/\]+-)?ld|collect2)[^/\]*( |$)]
  ignore line: [Change Dir: /home/dachuo/build/CMakeFiles/CMakeTmp]
  ignore line: []
  ignore line: [Run Build Command(s):/usr/bin/make cmTC_cc482/fast && /usr/bin/make -f CMakeFiles/cmTC_cc482.dir/build.make CMakeFiles/cmTC_cc482.dir/build]
  ignore line: [make[1]: Entering directory '/home/dachuo/build/CMakeFiles/CMakeTmp']
  ignore line: [Building C object CMakeFiles/cmTC_cc482.dir/CMakeCCompilerABI.c.o]
  ignore line: [/usr/bin/cc   -v -o CMakeFiles/cmTC_cc482.dir/CMakeCCompilerABI.c.o   -c /usr/share/cmake-3.16/Modules/CMakeCCompilerABI.c]
  ignore line: [Using built-in specs.]
  ignore line: [COLLECT_GCC=/usr/bin/cc]
  ignore line: [Target: x86_64-linux-gnu]
  ignore line: [Configured with: ../src/configure -v --with-pkgversion='Ubuntu 13.1.0-8ubuntu1~20.04.2' --with-bugurl=file:///usr/share/doc/gcc-13/README.Bugs --enable-languages=c ada c++ go d fortran objc obj-c++ m2 rust --prefix=/usr --with-gcc-major-version-only --program-suffix=-13 --program-prefix=x86_64-linux-gnu- --enable-shared --enable-linker-build-id --libexecdir=/usr/libexec --without-included-gettext --enable-threads=posix --libdir=/usr/lib --enable-nls --enable-clocale=gnu --enable-libstdcxx-debug --enable-libstdcxx-time=yes --with-default-libstdcxx-abi=new --enable-gnu-unique-object --disable-vtable-verify --enable-plugin --enable-default-pie --with-system-zlib --enable-libphobos-checking=release --with-target-system-zlib=auto --enable-objc-gc=auto --enable-multiarch --disable-werror --enable-cet --with-arch-32=i686 --with-abi=m64 --with-multilib-list=m32 m64 mx32 --enable-multilib --with-tune=generic --enable-checking=release --build=x86_64-linux-gnu --host=x86_64-linux-gnu --target=x86_64-linux-gnu]
  ignore line: [Thread model: posix]
  ignore line: [Supported LTO compression algorithms: zlib zstd]
  ignore line: [gcc version 13.1.0 (Ubuntu 13.1.0-8ubuntu1~20.04.2) ]
  ignore line: [COLLECT_GCC_OPTIONS='-v' '-o' 'CMakeFiles/cmTC_cc482.dir/CMakeCCompilerABI.c.o' '-c' '-mtune=generic' '-march=x86-64' '-dumpdir' 'CMakeFiles/cmTC_cc482.dir/']
  ignore line: [ /usr/libexec/gcc/x86_64-linux-gnu/13/cc1 -quiet -v -imultiarch x86_64-linux-gnu /usr/share/cmake-3.16/Modules/CMakeCCompilerABI.c -quiet -dumpdir CMakeFiles/cmTC_cc482.dir/ -dumpbase CMakeCCompilerABI.c.c -dumpbase-ext .c -mtune=generic -march=x86-64 -version -fasynchronous-unwind-tables -fstack-protector-strong -Wformat -Wformat-security -fstack-clash-protection -fcf-protection -o /tmp/cctigBj7.s]
  ignore line: [GNU C17 (Ubuntu 13.1.0-8ubuntu1~20.04.2) version 13.1.0 (x86_64-linux-gnu)]
  ignore line: [	compiled by GNU C version 13.1.0  GMP version 6.2.0  MPFR version 4.0.2  MPC version 1.1.0  isl version isl-0.22.1-GMP]
  ignore line: []
  ignore line: [GGC heuristics: --param ggc-min-expand=100 --param ggc-min-heapsize=131072]
  ignore line: [ignoring nonexistent directory "/usr/local/include/x86_64-linux-gnu"]
  ignore line: [ignoring nonexistent directory "/usr/lib/gcc/x86_64-linux-gnu/13/include-fixed/x86_64-linux-gnu"]
  ignore line: [ignoring nonexistent directory "/usr/lib/gcc/x86_64-linux-gnu/13/include-fixed"]
  ignore line: [ignoring nonexistent directory "/usr/lib/gcc/x86_64-linux-gnu/13/../../../../x86_64-linux-gnu/include"]
  ignore line: [#include "..." search starts here:]
  ignore line: [#include <...> search starts here:]
  ignore line: [ /usr/lib/gcc/x86_64-linux-gnu/13/include]
  ignore line: [ /usr/local/include]
  ignore line: [ /usr/include/x86_64-linux-gnu]
  ignore line: [ /usr/include]
  ignore line: [End of search list.]
  ignore line: [Compiler executable checksum: f0b3c90e0f11c3d406d33a12053911f6]
  ignore line: [COLLECT_GCC_OPTIONS='-v' '-o' 'CMakeFiles/cmTC_cc482.dir/CMakeCCompilerABI.c.o' '-c' '-mtune=generic' '-march=x86-64' '-dumpdir' 'CMakeFiles/cmTC_cc482.dir/']
  ignore line: [ as -v --64 -o CMakeFiles/cmTC_cc482.dir/CMakeCCompilerABI.c.o /tmp/cctigBj7.s]
  ignore line: [GNU assembler version 2.34 (x86_64-linux-gnu) using BFD version (GNU Binutils for Ubuntu) 2.34]
  ignore line: [COMPILER_PATH=/usr/libexec/gcc/x86_64-linux-gnu/13/:/usr/libexec/gcc/x86_64-linux-gnu/13/:/usr/libexec/gcc/x86_64-linux-gnu/:/usr/lib/gcc/x86_64-linux-gnu/13/:/usr/lib/gcc/x86_64-linux-gnu/]
  ignore line: [LIBRARY_PATH=/usr/lib/gcc/x86_64-linux-gnu/13/:/usr/lib/gcc/x86_64-linux-gnu/13/../../../x86_64-linux-gnu/:/usr/lib/gcc/x86_64-linux-gnu/13/../../../../lib/:/lib/x86_64-linux-gnu/:/lib/../lib/:/usr/lib/x86_64-linux-gnu/:/usr/lib/../lib/:/usr/lib/gcc/x86_64-linux-gnu/13/../../../:/lib/:/usr/lib/]
  ignore line: [COLLECT_GCC_OPTIONS='-v' '-o' 'CMakeFiles/cmTC_cc482.dir/CMakeCCompilerABI.c.o' '-c' '-mtune=generic' '-march=x86-64' '-dumpdir' 'CMakeFiles/cmTC_cc482.dir/CMakeCCompilerABI.c.']
  ignore line: [Linking C executable cmTC_cc482]
  ignore line: [/usr/bin/cmake -E cmake_link_script CMakeFiles/cmTC_cc482.dir/link.txt --verbose=1]
  ignore line: [/usr/bin/cc     -v CMakeFiles/cmTC_cc482.dir/CMakeCCompilerABI.c.o  -o cmTC_cc482 ]
  ignore line: [Using built-in specs.]
  ignore line: [COLLECT_GCC=/usr/bin/cc]
  ignore line: [COLLECT_LTO_WRAPPER=/usr/libexec/gcc/x86_64-linux-gnu/13/lto-wrapper]
  ignore line: [Target: x86_64-linux-gnu]
  ignore line: [Configured with: ../src/configure -v --with-pkgversion='Ubuntu 13.1.0-8ubuntu1~20.04.2' --with-bugurl=file:///usr/share/doc/gcc-13/README.Bugs --enable-languages=c ada c++ go d fortran objc obj-c++ m2 rust --prefix=/usr --with-gcc-major-version-only --program-suffix=-13 --program-prefix=x86_64-linux-gnu- --enable-shared --enable-linker-build-id --libexecdir=/usr/libexec --without-included-gettext --enable-threads=posix --libdir=/usr/lib --enable-nls --enable-clocale=gnu --enable-libstdcxx-debug --enable-libstdcxx-time=yes --with-default-libstdcxx-abi=new --enable-gnu-unique-object --disable-vtable-verify --enable-plugin --enable-default-pie --with-system-zlib --enable-libphobos-checking=release --with-target-system-zlib=auto --enable-objc-gc=auto --enable-multiarch --disable-werror --enable-cet --with-arch-32=i686 --with-abi=m64 --with-multilib-list=m32 m64 mx32 --enable-multilib --with-tune=generic --enable-checking=release --build=x86_64-linux-gnu --host=x86_64-linux-gnu --target=x86_64-linux-gnu]
  ignore line: [Thread model: posix]
  ignore line: [Supported LTO compression algorithms: zlib zstd]
  ignore line: [gcc version 13.1.0 (Ubuntu 13.1.0-8ubuntu1~20.04.2) ]
  ignore line: [COMPILER_PATH=/usr/libexec/gcc/x86_64-linux-gnu/13/:/usr/libexec/gcc/x86_64-linux-gnu/13/:/usr/libexec/gcc/x86_64-linux-gnu/:/usr/lib/gcc/x86_64-linux-gnu/13/:/usr/lib/gcc/x86_64-linux-gnu/]
  ignore line: [LIBRARY_PATH=/usr/lib/gcc/x86_64-linux-gnu/13/:/usr/lib/gcc/x86_64-linux-gnu/13/../../../x86_64-linux-gnu/:/usr/lib/gcc/x86_64-linux-gnu/13/../../../../lib/:/lib/x86_64-linux-gnu/:/lib/../lib/:/usr/lib/x86_64-linux-gnu/:/usr/lib/../lib/:/usr/lib/gcc/x86_64-linux-gnu/13/../../../:/lib/:/usr/lib/]
  ignore line: [COLLECT_GCC_OPTIONS='-v' '-o' 'cmTC_cc482' '-mtune=generic' '-march=x86-64' '-dumpdir' 'cmTC_cc482.']
  link line: [ /usr/libexec/gcc/x86_64-linux-gnu/13/collect2 -plugin /usr/libexec/gcc/x86_64-linux-gnu/13/liblto_plugin.so -plugin-opt=/usr/libexec/gcc/x86_64-linux-gnu/13/lto-wrapper -plugin-opt=-fresolution=/tmp/ccwEaPDx.res -plugin-opt=-pass-through=-lgcc -plugin-opt=-pass-through=-lgcc_s -plugin-opt=-pass-through=-lc -plugin-opt=-pass-through=-lgcc -plugin-opt=-pass-through=-lgcc_s --build-id --eh-frame-hdr -m elf_x86_64 --hash-style=gnu --as-needed -dynamic-linker /lib64/ld-linux-x86-64.so.2 -pie -z now -z relro -o cmTC_cc482 /usr/lib/gcc/x86_64-linux-gnu/13/../../../x86_64-linux-gnu/Scrt1.o /usr/lib/gcc/x86_64-linux-gnu/13/../../../x86_64-linux-gnu/crti.o /usr/lib/gcc/x86_64-linux-gnu/13/crtbeginS.o -L/usr/lib/gcc/x86_64-linux-gnu/13 -L/usr/lib/gcc/x86_64-linux-gnu/13/../../../x86_64-linux-gnu -L/usr/lib/gcc/x86_64-linux-gnu/13/../../../../lib -L/lib/x86_64-linux-gnu -L/lib/../lib -L/usr/lib/x86_64-linux-gnu -L/usr/lib/../lib -L/usr/lib/gcc/x86_64-linux-gnu/13/../../.. CMakeFiles/cmTC_cc482.dir/CMakeCCompilerABI.c.o -lgcc --push-state --as-needed -lgcc_s --pop-state -lc -lgcc --push-state --as-needed -lgcc_s --pop-state /usr/lib/gcc/x86_64-linux-gnu/13/crtendS.o /usr/lib/gcc/x86_64-linux-gnu/13/../../../x86_64-linux-gnu/crtn.o]
    arg [/usr/libexec/gcc/x86_64-linux-gnu/13/collect2] ==> ignore
    arg [-plugin] ==> ignore
    arg [/usr/libexec/gcc/x86_64-linux-gnu/13/liblto_plugin.so] ==> ignore
    arg [-plugin-opt=/usr/libexec/gcc/x86_64-linux-gnu/13/lto-wrapper] ==> ignore
    arg [-plugin-opt=-fresolution=/tmp/ccwEaPDx.res] ==> ignore
    arg [-plugin-opt=-pass-through=-lgcc] ==> ignore
    arg [-plugin-opt=-pass-through=-lgcc_s] ==> ignore
    arg [-plugin-opt=-pass-through=-lc] ==> ignore
    arg [-plugin-opt=-pass-through=-lgcc] ==> ignore
    arg [-plugin-opt=-pass-through=-lgcc_s] ==> ignore
    arg [--build-id] ==> ignore
    arg [--eh-frame-hdr] ==> ignore
    arg [-m] ==> ignore
    arg [elf_x86_64] ==> ignore
    arg [--hash-style=gnu] ==> ignore
    arg [--as-needed] ==> ignore
    arg [-dynamic-linker] ==> ignore
    arg [/lib64/ld-linux-x86-64.so.2] ==> ignore
    arg [-pie] ==> ignore
    arg [-znow] ==> ignore
    arg [-zrelro] ==> ignore
    arg [-o] ==> ignore
    arg [cmTC_cc482] ==> ignore
    arg [/usr/lib/gcc/x86_64-linux-gnu/13/../../../x86_64-linux-gnu/Scrt1.o] ==> ignore
    arg [/usr/lib/gcc/x86_64-linux-gnu/13/../../../x86_64-linux-gnu/crti.o] ==> ignore
    arg [/usr/lib/gcc/x86_64-linux-gnu/13/crtbeginS.o] ==> ignore
    arg [-L/usr/lib/gcc/x86_64-linux-gnu/13] ==> dir [/usr/lib/gcc/x86_64-linux-gnu/13]
    arg [-L/usr/lib/gcc/x86_64-linux-gnu/13/../../../x86_64-linux-gnu] ==> dir [/usr/lib/gcc/x86_64-linux-gnu/13/../../../x86_64-linux-gnu]
    arg [-L/usr/lib/gcc/x86_64-linux-gnu/13/../../../../lib] ==> dir [/usr/lib/gcc/x86_64-linux-gnu/13/../../../../lib]
    arg [-L/lib/x86_64-linux-gnu] ==> dir [/lib/x86_64-linux-gnu]
    arg [-L/lib/../lib] ==> dir [/lib/../lib]
    arg [-L/usr/lib/x86_64-linux-gnu] ==> dir [/usr/lib/x86_64-linux-gnu]
    arg [-L/usr/lib/../lib] ==> dir [/usr/lib/../lib]
    arg [-L/usr/lib/gcc/x86_64-linux-gnu/13/../../..] ==> dir [/usr/lib/gcc/x86_64-linux-gnu/13/../../..]
    arg [CMakeFiles/cmTC_cc482.dir/CMakeCCompilerABI.c.o] ==> ignore
    arg [-lgcc] ==> lib [gcc]
    arg [--push-state] ==> ignore
    arg [--as-needed] ==> ignore
    arg [-lgcc_s] ==> lib [gcc_s]
    arg [--pop-state] ==> ignore
    arg [-lc] ==> lib [c]
    arg [-lgcc] ==> lib [gcc]
    arg [--push-state] ==> ignore
    arg [--as-needed] ==> ignore
    arg [-lgcc_s] ==> lib [gcc_s]
    arg [--pop-state] ==> ignore
    arg [/usr/lib/gcc/x86_64-linux-gnu/13/crtendS.o] ==> ignore
    arg [/usr/lib/gcc/x86_64-linux-gnu/13/../../../x86_64-linux-gnu/crtn.o] ==> ignore
  collapse library dir [/usr/lib/gcc/x86_64-linux-gnu/13] ==> [/usr/lib/gcc/x86_64-linux-gnu/13]
  collapse library dir [/usr/lib/gcc/x86_64-linux-gnu/13/../../../x86_64-linux-gnu] ==> [/usr/lib/x86_64-linux-gnu]
  collapse library dir [/usr/lib/gcc/x86_64-linux-gnu/13/../../../../lib] ==> [/usr/lib]
  collapse library dir [/lib/x86_64-linux-gnu] ==> [/lib/x86_64-linux-gnu]
  collapse library dir [/lib/../lib] ==> [/lib]
  collapse library dir [/usr/lib/x86_64-linux-gnu] ==> [/usr/lib/x86_64-linux-gnu]
  collapse library dir [/usr/lib/../lib] ==> [/usr/lib]
  collapse library dir [/usr/lib/gcc/x86_64-linux-gnu/13/../../..] ==> [/usr/lib]
  implicit libs: [gcc;gcc_s;c;gcc;gcc_s]
  implicit dirs: [/usr/lib/gcc/x86_64-linux-gnu/13;/usr/lib/x86_64-linux-gnu;/usr/lib;/lib/x86_64-linux-gnu;/lib]
  implicit fwks: []


Determining if the CXX compiler works passed with the following output:
Change Dir: /home/dachuo/build/CMakeFiles/CMakeTmp

Run Build Command(s):/usr/bin/make cmTC_71b6a/fast && /usr/bin/make -f CMakeFiles/cmTC_71b6a.dir/build.make CMakeFiles/cmTC_71b6a.dir/build
make[1]: Entering directory '/home/dachuo/build/CMakeFiles/CMakeTmp'
Building CXX object CMakeFiles/cmTC_71b6a.dir/testCXXCompiler.cxx.o
/usr/bin/c++    -std=gnu++2a -o CMakeFiles/cmTC_71b6a.dir/testCXXCompiler.cxx.o -c /home/dachuo/build/CMakeFiles/CMakeTmp/testCXXCompiler.cxx
Linking CXX executable cmTC_71b6a
/usr/bin/cmake -E cmake_link_script CMakeFiles/cmTC_71b6a.dir/link.txt --verbose=1
/usr/bin/c++       CMakeFiles/cmTC_71b6a.dir/testCXXCompiler.cxx.o  -o cmTC_71b6a 
make[1]: Leaving directory '/home/dachuo/build/CMakeFiles/CMakeTmp'



Detecting CXX compiler ABI info compiled with the following output:
Change Dir: /home/dachuo/build/CMakeFiles/CMakeTmp

Run Build Command(s):/usr/bin/make cmTC_a90d0/fast && /usr/bin/make -f CMakeFiles/cmTC_a90d0.dir/build.make CMakeFiles/cmTC_a90d0.dir/build
make[1]: Entering directory '/home/dachuo/build/CMakeFiles/CMakeTmp'
Building CXX object CMakeFiles/cmTC_a90d0.dir/CMakeCXXCompilerABI.cpp.o
/usr/bin/c++    -v -std=gnu++2a -o CMakeFiles/cmTC_a90d0.dir/CMakeCXXCompilerABI.cpp.o -c /usr/share/cmake-3.16/Modules/CMakeCXXCompilerABI.cpp
Using built-in specs.
COLLECT_GCC=/usr/bin/c++
Target: x86_64-linux-gnu
Configured with: ../src/configure -v --with-pkgversion='Ubuntu 13.1.0-8ubuntu1~20.04.2' --with-bugurl=file:///usr/share/doc/gcc-13/README.Bugs --enable-languages=c,ada,c++,go,d,fortran,objc,obj-c++,m2,rust --prefix=/usr --with-gcc-major-version-only --program-suffix=-13 --program-prefix=x86_64-linux-gnu- --enable-shared --enable-linker-build-id --libexecdir=/usr/libexec --without-included-gettext --enable-threads=posix --libdir=/usr/lib --enable-nls --enable-clocale=gnu --enable-libstdcxx-debug --enable-libstdcxx-time=yes --with-default-libstdcxx-abi=new --enable-gnu-unique-object --disable-vtable-verify --enable-plugin --enable-default-pie --with-system-zlib --enable-libphobos-checking=release --with-target-system-zlib=auto --enable-objc-gc=auto --enable-multiarch --disable-werror --enable-cet --with-arch-32=i686 --with-abi=m64 --with-multilib-list=m32,m64,mx32 --enable-multilib --with-tune=generic --enable-checking=release --build=x86_64-linux-gnu --host=x86_64-linux-gnu --target=x86_64-linux-gnu
Thread model: posix
Supported LTO compression algorithms: zlib zstd
gcc version 13.1.0 (Ubuntu 13.1.0-8ubuntu1~20.04.2) 
COLLECT_GCC_OPTIONS='-v' '-std=gnu++20' '-o' 'CMakeFiles/cmTC_a90d0.dir/CMakeCXXCompilerABI.cpp.o' '-c' '-shared-libgcc' '-mtune=generic' '-march=x86-64' '-dumpdir' 'CMakeFiles/cmTC_a90d0.dir/'
 /usr/libexec/gcc/x86_64-linux-gnu/13/cc1plus -quiet -v -imultiarch x86_64-linux-gnu -D_GNU_SOURCE /usr/share/cmake-3.16/Modules/CMakeCXXCompilerABI.cpp -quiet -dumpdir CMakeFiles/cmTC_a90d0.dir/ -dumpbase CMakeCXXCompilerABI.cpp.cpp -dumpbase-ext .cpp -mtune=generic -march=x86-64 -std=gnu++20 -version -fasynchronous-unwind-tables -fstack-protector-strong -Wformat -Wformat-security -fstack-clash-protection -fcf-protection -o /tmp/ccPw3SK3.s
GNU C++20 (Ubuntu 13.1.0-8ubuntu1~20.04.2) version 13.1.0 (x86_64-linux-gnu)
	compiled by GNU C version 13.1.0, GMP version 6.2.0, MPFR version 4.0.2, MPC version 1.1.0, isl version isl-0.22.1-GMP

GGC heuristics: --param ggc-min-expand=100 --param ggc-min-heapsize=131072
ignoring duplicate directory "/usr/include/x86_64-linux-gnu/c++/13"
ignoring nonexistent directory "/usr/local/include/x86_64-linux-gnu"
ignoring nonexistent directory "/usr/lib/gcc/x86_64-linux-gnu/13/include-fixed/x86_64-linux-gnu"
ignoring nonexistent directory "/usr/lib/gcc/x86_64-linux-gnu/13/include-fixed"
ignoring nonexistent directory "/usr/lib/gcc/x86_64-linux-gnu/13/../../../../x86_64-linux-gnu/include"
#include "..." search starts here:
#include <...> search starts here:
 /usr/include/c++/13
 /usr/include/x86_64-linux-gnu/c++/13
 /usr/include/c++/13/backward
 /usr/lib/gcc/x86_64-linux-gnu/13/include
 /usr/local/include
 /usr/include/x86_64-linux-gnu
 /usr/include
End of search list.
Compiler executable checksum: 391880e3be75f4e1ac78bddcb50fff0c
COLLECT_GCC_OPTIONS='-v' '-std=gnu++20' '-o' 'CMakeFiles/cmTC_a90d0.dir/CMakeCXXCompilerABI.cpp.o' '-c' '-shared-libgcc' '-mtune=generic' '-march=x86-64' '-dumpdir' 'CMakeFiles/cmTC_a90d0.dir/'
 as -v --64 -o CMakeFiles/cmTC_a90d0.dir/CMakeCXXCompilerABI.cpp.o /tmp/ccPw3SK3.s
GNU assembler version 2.34 (x86_64-linux-gnu) using BFD version (GNU Binutils for Ubuntu) 2.34
COMPILER_PATH=/usr/libexec/gcc/x86_64-linux-gnu/13/:/usr/libexec/gcc/x86_64-linux-gnu/13/:/usr/libexec/gcc/x86_64-linux-gnu/:/usr/lib/gcc/x86_64-linux-gnu/13/:/usr/lib/gcc/x86_64-linux-gnu/
LIBRARY_PATH=/usr/lib/gcc/x86_64-linux-gnu/13/:/usr/lib/gcc/x86_64-linux-gnu/13/../../../x86_64-linux-gnu/:/usr/lib/gcc/x86_64-linux-gnu/13/../../../../lib/:/lib/x86_64-linux-gnu/:/lib/../lib/:/usr/lib/x86_64-linux-gnu/:/usr/lib/../lib/:/usr/lib/gcc/x86_64-linux-gnu/13/../../../:/lib/:/usr/lib/
COLLECT_GCC_OPTIONS='-v' '-std=gnu++20' '-o' 'CMakeFiles/cmTC_a90d0.dir/CMakeCXXCompilerABI.cpp.o' '-c' '-shared-libgcc' '-mtune=generic' '-march=x86-64' '-dumpdir' 'CMakeFiles/cmTC_a90d0.dir/CMakeCXXCompilerABI.cpp.'
Linking CXX executable cmTC_a90d0
/usr/bin/cmake -E cmake_link_script CMakeFiles/cmTC_a90d0.dir/link.txt --verbose=1
/usr/bin/c++      -v CMakeFiles/cmTC_a90d0.dir/CMakeCXXCompilerABI.cpp.o  -o cmTC_a90d0 
Using built-in specs.
COLLECT_GCC=/usr/bin/c++
COLLECT_LTO_WRAPPER=/usr/libexec/gcc/x86_64-linux-gnu/13/lto-wrapper
Target: x86_64-linux-gnu
Configured with: ../src/configure -v --with-pkgversion='Ubuntu 13.1.0-8ubuntu1~20.04.2' --with-bugurl=file:///usr/share/doc/gcc-13/README.Bugs --enable-languages=c,ada,c++,go,d,fortran,objc,obj-c++,m2,rust --prefix=/usr --with-gcc-major-version-only --program-suffix=-13 --program-prefix=x86_64-linux-gnu- --enable-shared --enable-linker-build-id --libexecdir=/usr/libexec --without-included-gettext --enable-threads=posix --libdir=/usr/lib --enable-nls --enable-clocale=gnu --enable-libstdcxx-debug --enable-libstdcxx-time=yes --with-default-libstdcxx-abi=new --enable-gnu-unique-object --disable-vtable-verify --enable-plugin --enable-default-pie --with-system-zlib --enable-libphobos-checking=release --with-target-system-zlib=auto --enable-objc-gc=auto --enable-multiarch --disable-werror --enable-cet --with-arch-32=i686 --with-abi=m64 --with-multilib-list=m32,m64,mx32 --enable-multilib --with-tune=generic --enable-checking=release --build=x86_64-linux-gnu --host=x86_64-linux-gnu --target=x86_64-linux-gnu
Thread model: posix
Supported LTO compression algorithms: zlib zstd
gcc version 13.1.0 (Ubuntu 13.1.0-8ubuntu1~20.04.2) 
COMPILER_PATH=/usr/libexec/gcc/x86_64-linux-gnu/13/:/usr/libexec/gcc/x86_64-linux-gnu/13/:/usr/libexec/gcc/x86_64-linux-gnu/:/usr/lib/gcc/x86_64-linux-gnu/13/:/usr/lib/gcc/x86_64-linux-gnu/
LIBRARY_PATH=/usr/lib/gcc/x86_64-linux-gnu/13/:/usr/lib/gcc/x86_64-linux-gnu/13/../../../x86_64-linux-gnu/:/usr/lib/gcc/x86_64-linux-gnu/13/../../../../lib/:/lib/x86_64-linux-gnu/:/lib/../lib/:/usr/lib/x86_64-linux-gnu/:/usr/lib/../lib/:/usr/lib/gcc/x86_64-linux-gnu/13/../../../:/lib/:/usr/lib/
COLLECT_GCC_OPTIONS='-v' '-o' 'cmTC_a90d0' '-shared-libgcc' '-mtune=generic' '-march=x86-64' '-dumpdir' 'cmTC_a90d0.'
 /usr/libexec/gcc/x86_64-linux-gnu/13/collect2 -plugin /usr/libexec/gcc/x86_64-linux-gnu/13/liblto_plugin.so -plugin-opt=/usr/libexec/gcc/x86_64-linux-gnu/13/lto-wrapper -plugin-opt=-fresolution=/tmp/ccxPgIrz.res -plugin-opt=-pass-through=-lgcc_s -plugin-opt=-pass-through=-lgcc -plugin-opt=-pass-through=-lc -plugin-opt=-pass-through=-lgcc_s -plugin-opt=-pass-through=-lgcc --build-id --eh-frame-hdr -m elf_x86_64 --hash-style=gnu --as-needed -dynamic-linker /lib64/ld-linux-x86-64.so.2 -pie -z now -z relro -o cmTC_a90d0 /usr/lib/gcc/x86_64-linux-gnu/13/../../../x86_64-linux-gnu/Scrt1.o /usr/lib/gcc/x86_64-linux-gnu/13/../../../x86_64-linux-gnu/crti.o /usr/lib/gcc/x86_64-linux-gnu/13/crtbeginS.o -L/usr/lib/gcc/x86_64-linux-gnu/13 -L/usr/lib/gcc/x86_64-linux-gnu/13/../../../x86_64-linux-gnu -L/usr/lib/gcc/x86_64-linux-gnu/13/../../../../lib -L/lib/x86_64-linux-gnu -L/lib/../lib -L/usr/lib/x86_64-linux-gnu -L/usr/lib/../lib -L/usr/lib/gcc/x86_64-linux-gnu/13/../../.. CMakeFiles/cmTC_a90d0.dir/CMakeCXXCompilerABI.cpp.o -lstdc++ -lm -lgcc_s -lgcc -lc -lgcc_s -lgcc /usr/lib/gcc/x86_64-linux-gnu/13/crtendS.o /usr/lib/gcc/x86_64-linux-gnu/13/../../../x86_64-linux-gnu/crtn.o
COLLECT_GCC_OPTIONS='-v' '-o' 'cmTC_a90d0' '-shared-libgcc' '-mtune=generic' '-march=x86-64' '-dumpdir' 'cmTC_a90d0.'
make[1]: Leaving directory '/home/dachuo/build/CMakeFiles/CMakeTmp'



Parsed CXX implicit include dir info from above output: rv=done
  found start of include info
  found start of implicit include info
    add: [/usr/include/c++/13]
    add: [/usr/include/x86_64-linux-gnu/c++/13]
    add: [/usr/include/c++/13/backward]
    add: [/usr/lib/gcc/x86_64-linux-gnu/13/include]
    add: [/usr/local/include]
    add: [/usr/include/x86_64-linux-gnu]
    add: [/usr/include]
  end of search list found
  collapse include dir [/usr/include/c++/13] ==> [/usr/include/c++/13]
  collapse include dir [/usr/include/x86_64-linux-gnu/c++/13] ==> [/usr/include/x86_64-linux-gnu/c++/13]
  collapse include dir [/usr/include/c++/13/backward] ==> [/usr/include/c++/13/backward]
  collapse include dir [/usr/lib/gcc/x86_64-linux-gnu/13/include] ==> [/usr/lib/gcc/x86_64-linux-gnu/13/include]
  collapse include dir [/usr/local/include] ==> [/usr/local/include]
  collapse include dir [/usr/include/x86_64-linux-gnu] ==> [/usr/include/x86_64-linux-gnu]
  collapse include dir [/usr/include] ==> [/usr/include]
  implicit include dirs: [/usr/include/c++/13;/usr/include/x86_64-linux-gnu/c++/13;/usr/include/c++/13/backward;/usr/lib/gcc/x86_64-linux-gnu/13/include;/usr/local/include;/usr/include/x86_64-linux-gnu;/usr/include]


Parsed CXX implicit link information from above output:
  link line regex: [^( *|.*[/\])(ld|CMAKE_LINK_STARTFILE-NOTFOUND|([^/\]+-)?ld|collect2)[^/\]*( |$)]
  ignore line: [Change Dir: /home/dachuo/build/CMakeFiles/CMakeTmp]
  ignore line: []
  ignore line: [Run Build Command(s):/usr/bin/make cmTC_a90d0/fast && /usr/bin/make -f CMakeFiles/cmTC_a90d0.dir/build.make CMakeFiles/cmTC_a90d0.dir/build]
  ignore line: [make[1]: Entering directory '/home/dachuo/build/CMakeFiles/CMakeTmp']
  ignore line: [Building CXX object CMakeFiles/cmTC_a90d0.dir/CMakeCXXCompilerABI.cpp.o]
  ignore line: [/usr/bin/c++    -v -std=gnu++2a -o CMakeFiles/cmTC_a90d0.dir/CMakeCXXCompilerABI.cpp.o -c /usr/share/cmake-3.16/Modules/CMakeCXXCompilerABI.cpp]
  ignore line: [Using built-in specs.]
  ignore line: [COLLECT_GCC=/usr/bin/c++]
  ignore line: [Target: x86_64-linux-gnu]
  ignore line: [Configured with: ../src/configure -v --with-pkgversion='Ubuntu 13.1.0-8ubuntu1~20.04.2' --with-bugurl=file:///usr/share/doc/gcc-13/README.Bugs --enable-languages=c ada c++ go d fortran objc obj-c++ m2 rust --prefix=/usr --with-gcc-major-version-only --program-suffix=-13 --program-prefix=x86_64-linux-gnu- --enable-shared --enable-linker-build-id --libexecdir=/usr/libexec --without-included-gettext --enable-threads=posix --libdir=/usr/lib --enable-nls --enable-clocale=gnu --enable-libstdcxx-debug --enable-libstdcxx-time=yes --with-default-libstdcxx-abi=new --enable-gnu-unique-object --disable-vtable-verify --enable-plugin --enable-default-pie --with-system-zlib --enable-libphobos-checking=release --with-target-system-zlib=auto --enable-objc-gc=auto --enable-multiarch --disable-werror --enable-cet --with-arch-32=i686 --with-abi=m64 --with-multilib-list=m32 m64 mx32 --enable-multilib --with-tune=generic --enable-checking=release --build=x86_64-linux-gnu --host=x86_64-linux-gnu --target=x86_64-linux-gnu]
  ignore line: [Thread model: posix]
  ignore line: [Supported LTO compression algorithms: zlib zstd]
  ignore line: [gcc version 13.1.0 (Ubuntu 13.1.0-8ubuntu1~20.04.2) ]
  ignore line: [COLLECT_GCC_OPTIONS='-v' '-std=gnu++20' '-o' 'CMakeFiles/cmTC_a90d0.dir/CMakeCXXCompilerABI.cpp.o' '-c' '-shared-libgcc' '-mtune=generic' '-march=x86-64' '-dumpdir' 'CMakeFiles/cmTC_a90d0.dir/']
  ignore line: [ /usr/libexec/gcc/x86_64-linux-gnu/13/cc1plus -quiet -v -imultiarch x86_64-linux-gnu -D_GNU_SOURCE /usr/share/cmake-3.16/Modules/CMakeCXXCompilerABI.cpp -quiet -dumpdir CMakeFiles/cmTC_a90d0.dir/ -dumpbase CMakeCXXCompilerABI.cpp.cpp -dumpbase-ext .cpp -mtune=generic -march=x86-64 -std=gnu++20 -version -fasynchronous-unwind-tables -fstack-protector-strong -Wformat -Wformat-security -fstack-clash-protection -fcf-protection -o /tmp/ccPw3SK3.s]
  ignore line: [GNU C++20 (Ubuntu 13.1.0-8ubuntu1~20.04.2) version 13.1.0 (x86_64-linux-gnu)]
  ignore line: [	compiled by GNU C version 13.1.0  GMP version 6.2.0  MPFR version 4.0.2  MPC version 1.1.0  isl version isl-0.22.1-GMP]
  ignore line: []
  ignore line: [GGC heuristics: --param ggc-min-expand=100 --param ggc-min-heapsize=131072]
  ignore line: [ignoring duplicate directory "/usr/include/x86_64-linux-gnu/c++/13"]
  ignore line: [ignoring nonexistent directory "/usr/local/include/x86_64-linux-gnu"]
  ignore line: [ignoring nonexistent directory "/usr/lib/gcc/x86_64-linux-gnu/13/include-fixed/x86_64-linux-gnu"]
  ignore line: [ignoring nonexistent directory "/usr/lib/gcc/x86_64-linux-gnu/13/include-fixed"]
  ignore line: [ignoring nonexistent directory "/usr/lib/gcc/x86_64-linux-gnu/13/../../../../x86_64-linux-gnu/include"]
  ignore line: [#include "..." search starts here:]
  ignore line: [#include <...> search starts here:]
  ignore line: [ /usr/include/c++/13]
  ignore line: [ /usr/include/x86_64-linux-gnu/c++/13]
  ignore line: [ /usr/include/c++/13/backward]
  ignore line: [ /usr/lib/gcc/x86_64-linux-gnu/13/include]
  ignore line: [ /usr/local/include]
  ignore line: [ /usr/include/x86_64-linux-gnu]
  ignore line: [ /usr/include]
  ignore line: [End of search list.]
  ignore line: [Compiler executable checksum: 391880e3be75f4e1ac78bddcb50fff0c]
  ignore line: [COLLECT_GCC_OPTIONS='-v' '-std=gnu++20' '-o' 'CMakeFiles/cmTC_a90d0.dir/CMakeCXXCompilerABI.cpp.o' '-c' '-shared-libgcc' '-mtune=generic' '-march=x86-64' '-dumpdir' 'CMakeFiles/cmTC_a90d0.dir/']
  ignore line: [ as -v --64 -o CMakeFiles/cmTC_a90d0.dir/CMakeCXXCompilerABI.cpp.o /tmp/ccPw3SK3.s]
  ignore line: [GNU assembler version 2.34 (x86_64-linux-gnu) using BFD version (GNU Binutils for Ubuntu) 2.34]
  ignore line: [COMPILER_PATH=/usr/libexec/gcc/x86_64-linux-gnu/13/:/usr/libexec/gcc/x86_64-linux-gnu/13/:/usr/libexec/gcc/x86_64-linux-gnu/:/usr/lib/gcc/x86_64-linux-gnu/13/:/usr/lib/gcc/x86_64-linux-gnu/]
  ignore line: [LIBRARY_PATH=/usr/lib/gcc/x86_64-linux-gnu/13/:/usr/lib/gcc/x86_64-linux-gnu/13/../../../x86_64-linux-gnu/:/usr/lib/gcc/x86_64-linux-gnu/13/../../../../lib/:/lib/x86_64-linux-gnu/:/lib/../lib/:/usr/lib/x86_64-linux-gnu/:/usr/lib/../lib/:/usr/lib/gcc/x86_64-linux-gnu/13/../../../:/lib/:/usr/lib/]
  ignore line: [COLLECT_GCC_OPTIONS='-v' '-std=gnu++20' '-o' 'CMakeFiles/cmTC_a90d0.dir/CMakeCXXCompilerABI.cpp.o' '-c' '-shared-libgcc' '-mtune=generic' '-march=x86-64' '-dumpdir' 'CMakeFiles/cmTC_a90d0.dir/CMakeCXXCompilerABI.cpp.']
  ignore line: [Linking CXX executable cmTC_a90d0]
  ignore line: [/usr/bin/cmake -E cmake_link_script CMakeFiles/cmTC_a90d0.dir/link.txt --verbose=1]
  ignore line: [/usr/bin/c++      -v CMakeFiles/cmTC_a90d0.dir/CMakeCXXCompilerABI.cpp.o  -o cmTC_a90d0 ]
  ignore line: [Using built-in specs.]
  ignore line: [COLLECT_GCC=/usr/bin/c++]
  ignore line: [COLLECT_LTO_WRAPPER=/usr/libexec/gcc/x86_64-linux-gnu/13/lto-wrapper]
  ignore line: [Target: x86_64-linux-gnu]
  ignore line: [Configured with: ../src/configure -v --with-pkgversion='Ubuntu 13.1.0-8ubuntu1~20.04.2' --with-bugurl=file:///usr/share/doc/gcc-13/README.Bugs --enable-languages=c ada c++ go d fortran objc obj-c++ m2 rust --prefix=/usr --with-gcc-major-version-only --program-suffix=-13 --program-prefix=x86_64-linux-gnu- --enable-shared --enable-linker-build-id --libexecdir=/usr/libexec --without-included-gettext --enable-threads=posix --libdir=/usr/lib --enable-nls --enable-clocale=gnu --enable-libstdcxx-debug --enable-libstdcxx-time=yes --with-default-libstdcxx-abi=new --enable-gnu-unique-object --disable-vtable-verify --enable-plugin --enable-default-pie --with-system-zlib --enable-libphobos-checking=release --with-target-system-zlib=auto --enable-objc-gc=auto --enable-multiarch --disable-werror --enable-cet --with-arch-32=i686 --with-abi=m64 --with-multilib-list=m32 m64 mx32 --enable-multilib --with-tune=generic --enable-checking=release --build=x86_64-linux-gnu --host=x86_64-linux-gnu --target=x86_64-linux-gnu]
  ignore line: [Thread model: posix]
  ignore line: [Supported LTO compression algorithms: zlib zstd]
  ignore line: [gcc version 13.1.0 (Ubuntu 13.1.0-8ubuntu1~20.04.2) ]
  ignore line: [COMPILER_PATH=/usr/libexec/gcc/x86_64-linux-gnu/13/:/usr/libexec/gcc/x86_64-linux-gnu/13/:/usr/libexec/gcc/x86_64-linux-gnu/:/usr/lib/gcc/x86_64-linux-gnu/13/:/usr/lib/gcc/x86_64-linux-gnu/]
  ignore line: [LIBRARY_PATH=/usr/lib/gcc/x86_64-linux-gnu/13/:/usr/lib/gcc/x86_64-linux-gnu/13/../../../x86_64-linux-gnu/:/usr/lib/gcc/x86_64-linux-gnu/13/../../../../lib/:/lib/x86_64-linux-gnu/:/lib/../lib/:/usr/lib/x86_64-linux-gnu/:/usr/lib/../lib/:/usr/lib/gcc/x86_64-linux-gnu/13/../../../:/lib/:/usr/lib/]
  ignore line: [COLLECT_GCC_OPTIONS='-v' '-o' 'cmTC_a90d0' '-shared-libgcc' '-mtune=generic' '-march=x86-64' '-dumpdir' 'cmTC_a90d0.']
  link line: [ /usr/libexec/gcc/x86_64-linux-gnu/13/collect2 -plugin /usr/libexec/gcc/x86_64-linux-gnu/13/liblto_plugin.so -plugin-opt=/usr/libexec/gcc/x86_64-linux-gnu/13/lto-wrapper -plugin-opt=-fresolution=/tmp/ccxPgIrz.res -plugin-opt=-pass-through=-lgcc_s -plugin-opt=-pass-through=-lgcc -plugin-opt=-pass-through=-lc -plugin-opt=-pass-through=-lgcc_s -plugin-opt=-pass-through=-lgcc --build-id --eh-frame-hdr -m elf_x86_64 --hash-style=gnu --as-needed -dynamic-linker /lib64/ld-linux-x86-64.so.2 -pie -z now -z relro -o cmTC_a90d0 /usr/lib/gcc/x86_64-linux-gnu/13/../../../x86_64-linux-gnu/Scrt1.o /usr/lib/gcc/x86_64-linux-gnu/13/../../../x86_64-linux-gnu/crti.o /usr/lib/gcc/x86_64-linux-gnu/13/crtbeginS.o -L/usr/lib/gcc/x86_64-linux-gnu/13 -L/usr/lib/gcc/x86_64-linux-gnu/13/../../../x86_64-linux-gnu -L/usr/lib/gcc/x86_64-linux-gnu/13/../../../../lib -L/lib/x86_64-linux-gnu -L/lib/../lib -L/usr/lib/x86_64-linux-gnu -L/usr/lib/../lib -L/usr/lib/gcc/x86_64-linux-gnu/13/../../.. CMakeFiles/cmTC_a90d0.dir/CMakeCXXCompilerABI.cpp.o -lstdc++ -lm -lgcc_s -lgcc -lc -lgcc_s -lgcc /usr/lib/gcc/x86_64-linux-gnu/13/crtendS.o /usr/lib/gcc/x86_64-linux-gnu/13/../../../x86_64-linux-gnu/crtn.o]
    arg [/usr/libexec/gcc/x86_64-linux-gnu/13/collect2] ==> ignore
    arg [-plugin] ==> ignore
    arg [/usr/libexec/gcc/x86_64-linux-gnu/13/liblto_plugin.so] ==> ignore
    arg [-plugin-opt=/usr/libexec/gcc/x86_64-linux-gnu/13/lto-wrapper] ==> ignore
    arg [-plugin-opt=-fresolution=/tmp/ccxPgIrz.res] ==> ignore
    arg [-plugin-opt=-pass-through=-lgcc_s] ==> ignore
    arg [-plugin-opt=-pass-through=-lgcc] ==> ignore
    arg [-plugin-opt=-pass-through=-lc] ==> ignore
    arg [-plugin-opt=-pass-through=-lgcc_s] ==> ignore
    arg [-plugin-opt=-pass-through=-lgcc] ==> ignore
    arg [--build-id] ==> ignore
    arg [--eh-frame-hdr] ==> ignore
    arg [-m] ==> ignore
    arg [elf_x86_64] ==> ignore
    arg [--hash-style=gnu] ==> ignore
    arg [--as-needed] ==> ignore
    arg [-dynamic-linker] ==> ignore
    arg [/lib64/ld-linux-x86-64.so.2] ==> ignore
    arg [-pie] ==> ignore
    arg [-znow] ==> ignore
    arg [-zrelro] ==> ignore
    arg [-o] ==> ignore
    arg [cmTC_a90d0] ==> ignore
    arg [/usr/lib/gcc/x86_64-linux-gnu/13/../../../x86_64-linux-gnu/Scrt1.o] ==> ignore
    arg [/usr/lib/gcc/x86_64-linux-gnu/13/../../../x86_64-linux-gnu/crti.o] ==> ignore
    arg [/usr/lib/gcc/x86_64-linux-gnu/13/crtbeginS.o] ==> ignore
    arg [-L/usr/lib/gcc/x86_64-linux-gnu/13] ==> dir [/usr/lib/gcc/x86_64-linux-gnu/13]
    arg [-L/usr/lib/gcc/x86_64-linux-gnu/13/../../../x86_64-linux-gnu] ==> dir [/usr/lib/gcc/x86_64-linux-gnu/13/../../../x86_64-linux-gnu]
    arg [-L/usr/lib/gcc/x86_64-linux-gnu/13/../../../../lib] ==> dir [/usr/lib/gcc/x86_64-linux-gnu/13/../../../../lib]
    arg [-L/lib/x86_64-linux-gnu] ==> dir [/lib/x86_64-linux-gnu]
    arg [-L/lib/../lib] ==> dir [/lib/../lib]
    arg [-L/usr/lib/x86_64-linux-gnu] ==> dir [/usr/lib/x86_64-linux-gnu]
    arg [-L/usr/lib/../lib] ==> dir [/usr/lib/../lib]
    arg [-L/usr/lib/gcc/x86_64-linux-gnu/13/../../..] ==> dir [/usr/lib/gcc/x86_64-linux-gnu/13/../../..]
    arg [CMakeFiles/cmTC_a90d0.dir/CMakeCXXCompilerABI.cpp.o] ==> ignore
    arg [-lstdc++] ==> lib [stdc++]
    arg [-lm] ==> lib [m]
    arg [-lgcc_s] ==> lib [gcc_s]
    arg [-lgcc] ==> lib [gcc]
    arg [-lc] ==> lib [c]
    arg [-lgcc_s] ==> lib [gcc_s]
    arg [-lgcc] ==> lib [gcc]
    arg [/usr/lib/gcc/x86_64-linux-gnu/13/crtendS.o] ==> ignore
    arg [/usr/lib/gcc/x86_64-linux-gnu/13/../../../x86_64-linux-gnu/crtn.o] ==> ignore
  collapse library dir [/usr/lib/gcc/x86_64-linux-gnu/13] ==> [/usr/lib/gcc/x86_64-linux-gnu/13]
  collapse library dir [/usr/lib/gcc/x86_64-linux-gnu/13/../../../x86_64-linux-gnu] ==> [/usr/lib/x86_64-linux-gnu]
  collapse library dir [/usr/lib/gcc/x86_64-linux-gnu/13/../../../../lib] ==> [/usr/lib]
  collapse library dir [/lib/x86_64-linux-gnu] ==> [/lib/x86_64-linux-gnu]
  collapse library dir [/lib/../lib] ==> [/lib]
  collapse library dir [/usr/lib/x86_64-linux-gnu] ==> [/usr/lib/x86_64-linux-gnu]
  collapse library dir [/usr/lib/../lib] ==> [/usr/lib]
  collapse library dir [/usr/lib/gcc/x86_64-linux-gnu/13/../../..] ==> [/usr/lib]
  implicit libs: [stdc++;m;gcc_s;gcc;c;gcc_s;gcc]
  implicit dirs: [/usr/lib/gcc/x86_64-linux-gnu/13;/usr/lib/x86_64-linux-gnu;/usr/lib;/lib/x86_64-linux-gnu;/lib]
  implicit fwks: []


The system is: Linux - 4.4.0-19041-Microsoft - x86_64
Compiling the C compiler identification source file "CMakeCCompilerId.c" succeeded.
Compiler: /usr/bin/cc 
Build flags: 
Id flags:  

The output was:
0


Compilation of the C compiler identification source "CMakeCCompilerId.c" produced "a.out"

The C compiler identification is GNU, found in "/home/dachuo/build/CMakeFiles/3.16.3/CompilerIdC/a.out"

Compiling the CXX compiler identification source file "CMakeCXXCompilerId.cpp" succeeded.
Compiler: /usr/bin/c++ 
Build flags: 
Id flags:  

The output was:
0


Compilation of the CXX compiler identification source "CMakeCXXCompilerId.cpp" produced "a.out"

The CXX compiler identification is GNU, found in "/home/dachuo/build/CMakeFiles/3.16.3/CompilerIdCXX/a.out"

Determining if the C compiler works passed with the following output:
Change Dir: /home/dachuo/build/CMakeFiles/CMakeTmp

Run Build Command(s):/usr/bin/make cmTC_c53ad/fast && /usr/bin/make -f CMakeFiles/cmTC_c53ad.dir/build.make CMakeFiles/cmTC_c53ad.dir/build
make[1]: Entering directory '/home/dachuo/build/CMakeFiles/CMakeTmp'
Building C object CMakeFiles/cmTC_c53ad.dir/testCCompiler.c.o
/usr/bin/cc    -o CMakeFiles/cmTC_c53ad.dir/testCCompiler.c.o   -c /home/dachuo/build/CMakeFiles/CMakeTmp/testCCompiler.c
Linking C executable cmTC_c53ad
/usr/bin/cmake -E cmake_link_script CMakeFiles/cmTC_c53ad.dir/link.txt --verbose=1
/usr/bin/cc      CMakeFiles/cmTC_c53ad.dir/testCCompiler.c.o  -o cmTC_c53ad 
make[1]: Leaving directory '/home/dachuo/build/CMakeFiles/CMakeTmp'



Detecting C compiler ABI info compiled with the following output:
Change Dir: /home/dachuo/build/CMakeFiles/CMakeTmp

Run Build Command(s):/usr/bin/make cmTC_7b837/fast && /usr/bin/make -f CMakeFiles/cmTC_7b837.dir/build.make CMakeFiles/cmTC_7b837.dir/build
make[1]: Entering directory '/home/dachuo/build/CMakeFiles/CMakeTmp'
Building C object CMakeFiles/cmTC_7b837.dir/CMakeCCompilerABI.c.o
/usr/bin/cc   -v -o CMakeFiles/cmTC_7b837.dir/CMakeCCompilerABI.c.o   -c /usr/share/cmake-3.16/Modules/CMakeCCompilerABI.c
Using built-in specs.
COLLECT_GCC=/usr/bin/cc
Target: x86_64-linux-gnu
Configured with: ../src/configure -v --with-pkgversion='Ubuntu 13.1.0-8ubuntu1~20.04.2' --with-bugurl=file:///usr/share/doc/gcc-13/README.Bugs --enable-languages=c,ada,c++,go,d,fortran,objc,obj-c++,m2,rust --prefix=/usr --with-gcc-major-version-only --program-suffix=-13 --program-prefix=x86_64-linux-gnu- --enable-shared --enable-linker-build-id --libexecdir=/usr/libexec --without-included-gettext --enable-threads=posix --libdir=/usr/lib --enable-nls --enable-clocale=gnu --enable-libstdcxx-debug --enable-libstdcxx-time=yes --with-default-libstdcxx-abi=new --enable-gnu-unique-object --disable-vtable-verify --enable-plugin --enable-default-pie --with-system-zlib --enable-libphobos-checking=release --with-target-system-zlib=auto --enable-objc-gc=auto --enable-multiarch --disable-werror --enable-cet --with-arch-32=i686 --with-abi=m64 --with-multilib-list=m32,m64,mx32 --enable-multilib --with-tune=generic --enable-checking=release --build=x86_64-linux-gnu --host=x86_64-linux-gnu --target=x86_64-linux-gnu
Thread model: posix
Supported LTO compression algorithms: zlib zstd
gcc version 13.1.0 (Ubuntu 13.1.0-8ubuntu1~20.04.2) 
COLLECT_GCC_OPTIONS='-v' '-o' 'CMakeFiles/cmTC_7b837.dir/CMakeCCompilerABI.c.o' '-c' '-mtune=generic' '-march=x86-64' '-dumpdir' 'CMakeFiles/cmTC_7b837.dir/'
 /usr/libexec/gcc/x86_64-linux-gnu/13/cc1 -quiet -v -imultiarch x86_64-linux-gnu /usr/share/cmake-3.16/Modules/CMakeCCompilerABI.c -quiet -dumpdir CMakeFiles/cmTC_7b837.dir/ -dumpbase CMakeCCompilerABI.c.c -dumpbase-ext .c -mtune=generic -march=x86-64 -version -fasynchronous-unwind-tables -fstack-protector-strong -Wformat -Wformat-security -fstack-clash-protection -fcf-protection -o /tmp/ccgAlZNV.s
GNU C17 (Ubuntu 13.1.0-8ubuntu1~20.04.2) version 13.1.0 (x86_64-linux-gnu)
	compiled by GNU C version 13.1.0, GMP version 6.2.0, MPFR version 4.0.2, MPC version 1.1.0, isl version isl-0.22.1-GMP

GGC heuristics: --param ggc-min-expand=100 --param ggc-min-heapsize=131072
ignoring nonexistent directory "/usr/local/include/x86_64-linux-gnu"
ignoring nonexistent directory "/usr/lib/gcc/x86_64-linux-gnu/13/include-fixed/x86_64-linux-gnu"
ignoring nonexistent directory "/usr/lib/gcc/x86_64-linux-gnu/13/include-fixed"
ignoring nonexistent directory "/usr/lib/gcc/x86_64-linux-gnu/13/../../../../x86_64-linux-gnu/include"
#include "..." search starts here:
#include <...> search starts here:
 /usr/lib/gcc/x86_64-linux-gnu/13/include
 /usr/local/include
 /usr/include/x86_64-linux-gnu
 /usr/include
End of search list.
Compiler executable checksum: f0b3c90e0f11c3d406d33a12053911f6
COLLECT_GCC_OPTIONS='-v' '-o' 'CMakeFiles/cmTC_7b837.dir/CMakeCCompilerABI.c.o' '-c' '-mtune=generic' '-march=x86-64' '-dumpdir' 'CMakeFiles/cmTC_7b837.dir/'
 as -v --64 -o CMakeFiles/cmTC_7b837.dir/CMakeCCompilerABI.c.o /tmp/ccgAlZNV.s
GNU assembler version 2.34 (x86_64-linux-gnu) using BFD version (GNU Binutils for Ubuntu) 2.34
COMPILER_PATH=/usr/libexec/gcc/x86_64-linux-gnu/13/:/usr/libexec/gcc/x86_64-linux-gnu/13/:/usr/libexec/gcc/x86_64-linux-gnu/:/usr/lib/gcc/x86_64-linux-gnu/13/:/usr/lib/gcc/x86_64-linux-gnu/
LIBRARY_PATH=/usr/lib/gcc/x86_64-linux-gnu/13/:/usr/lib/gcc/x86_64-linux-gnu/13/../../../x86_64-linux-gnu/:/usr/lib/gcc/x86_64-linux-gnu/13/../../../../lib/:/lib/x86_64-linux-gnu/:/lib/../lib/:/usr/lib/x86_64-linux-gnu/:/usr/lib/../lib/:/usr/lib/gcc/x86_64-linux-gnu/13/../../../:/lib/:/usr/lib/
COLLECT_GCC_OPTIONS='-v' '-o' 'CMakeFiles/cmTC_7b837.dir/CMakeCCompilerABI.c.o' '-c' '-mtune=generic' '-march=x86-64' '-dumpdir' 'CMakeFiles/cmTC_7b837.dir/CMakeCCompilerABI.c.'
Linking C executable cmTC_7b837
/usr/bin/cmake -E cmake_link_script CMakeFiles/cmTC_7b837.dir/link.txt --verbose=1
/usr/bin/cc     -v CMakeFiles/cmTC_7b837.dir/CMakeCCompilerABI.c.o  -o cmTC_7b837 
Using built-in specs.
COLLECT_GCC=/usr/bin/cc
COLLECT_LTO_WRAPPER=/usr/libexec/gcc/x86_64-linux-gnu/13/lto-wrapper
Target: x86_64-linux-gnu
Configured with: ../src/configure -v --with-pkgversion='Ubuntu 13.1.0-8ubuntu1~20.04.2' --with-bugurl=file:///usr/share/doc/gcc-13/README.Bugs --enable-languages=c,ada,c++,go,d,fortran,objc,obj-c++,m2,rust --prefix=/usr --with-gcc-major-version-only --program-suffix=-13 --program-prefix=x86_64-linux-gnu- --enable-shared --enable-linker-build-id --libexecdir=/usr/libexec --without-included-gettext --enable-threads=posix --libdir=/usr/lib --enable-nls --enable-clocale=gnu --enable-libstdcxx-debug --enable-libstdcxx-time=yes --with-default-libstdcxx-abi=new --enable-gnu-unique-object --disable-vtable-verify --enable-plugin --enable-default-pie --with-system-zlib --enable-libphobos-checking=release --with-target-system-zlib=auto --enable-objc-gc=auto --enable-multiarch --disable-werror --enable-cet --with-arch-32=i686 --with-abi=m64 --with-multilib-list=m32,m64,mx32 --enable-multilib --with-tune=generic --enable-checking=release --build=x86_64-linux-gnu --host=x86_64-linux-gnu --target=x86_64-linux-gnu
Thread model: posix
Supported LTO compression algorithms: zlib zstd
gcc version 13.1.0 (Ubuntu 13.1.0-8ubuntu1~20.04.2) 
COMPILER_PATH=/usr/libexec/gcc/x86_64-linux-gnu/13/:/usr/libexec/gcc/x86_64-linux-gnu/13/:/usr/libexec/gcc/x86_64-linux-gnu/:/usr/lib/gcc/x86_64-linux-gnu/13/:/usr/lib/gcc/x86_64-linux-gnu/
LIBRARY_PATH=/usr/lib/gcc/x86_64-linux-gnu/13/:/usr/lib/gcc/x86_64-linux-gnu/13/../../../x86_64-linux-gnu/:/usr/lib/gcc/x86_64-linux-gnu/13/../../../../lib/:/lib/x86_64-linux-gnu/:/lib/../lib/:/usr/lib/x86_64-linux-gnu/:/usr/lib/../lib/:/usr/lib/gcc/x86_64-linux-gnu/13/../../../:/lib/:/usr/lib/
COLLECT_GCC_OPTIONS='-v' '-o' 'cmTC_7b837' '-mtune=generic' '-march=x86-64' '-dumpdir' 'cmTC_7b837.'
 /usr/libexec/gcc/x86_64-linux-gnu/13/collect2 -plugin /usr/libexec/gcc/x86_64-linux-gnu/13/liblto_plugin.so -plugin-opt=/usr/libexec/gcc/x86_64-linux-gnu/13/lto-wrapper -plugin-opt=-fresolution=/tmp/cciSE8JX.res -plugin-opt=-pass-through=-lgcc -plugin-opt=-pass-through=-lgcc_s -plugin-opt=-pass-through=-lc -plugin-opt=-pass-through=-lgcc -plugin-opt=-pass-through=-lgcc_s --build-id --eh-frame-hdr -m elf_x86_64 --hash-style=gnu --as-needed -dynamic-linker /lib64/ld-linux-x86-64.so.2 -pie -z now -z relro -o cmTC_7b837 /usr/lib/gcc/x86_64-linux-gnu/13/../../../x86_64-linux-gnu/Scrt1.o /usr/lib/gcc/x86_64-linux-gnu/13/../../../x86_64-linux-gnu/crti.o /usr/lib/gcc/x86_64-linux-gnu/13/crtbeginS.o -L/usr/lib/gcc/x86_64-linux-gnu/13 -L/usr/lib/gcc/x86_64-linux-gnu/13/../../../x86_64-linux-gnu -L/usr/lib/gcc/x86_64-linux-gnu/13/../../../../lib -L/lib/x86_64-linux-gnu -L/lib/../lib -L/usr/lib/x86_64-linux-gnu -L/usr/lib/../lib -L/usr/lib/gcc/x86_64-linux-gnu/13/../../.. CMakeFiles/cmTC_7b837.dir/CMakeCCompilerABI.c.o -lgcc --push-state --as-needed -lgcc_s --pop-state -lc -lgcc --push-state --as-needed -lgcc_s --pop-state /usr/lib/gcc/x86_64-linux-gnu/13/crtendS.o /usr/lib/gcc/x86_64-linux-gnu/13/../../../x86_64-linux-gnu/crtn.o
COLLECT_GCC_OPTIONS='-v' '-o' 'cmTC_7b837' '-mtune=generic' '-march=x86-64' '-dumpdir' 'cmTC_7b837.'
make[1]: Leaving directory '/home/dachuo/build/CMakeFiles/CMakeTmp'



Parsed C implicit include dir info from above output: rv=done
  found start of include info
  found start of implicit include info
    add: [/usr/lib/gcc/x86_64-linux-gnu/13/include]
    add: [/usr/local/include]
    add: [/usr/include/x86_64-linux-gnu]
    add: [/usr/include]
  end of search list found
  collapse include dir [/usr/lib/gcc/x86_64-linux-gnu/13/include] ==> [/usr/lib/gcc/x86_64-linux-gnu/13/include]
  collapse include dir [/usr/local/include] ==> [/usr/local/include]
  collapse include dir [/usr/include/x86_64-linux-gnu] ==> [/usr/include/x86_64-linux-gnu]
  collapse include dir [/usr/include] ==> [/usr/include]
  implicit include dirs: [/usr/lib/gcc/x86_64-linux-gnu/13/include;/usr/local/include;/usr/include/x86_64-linux-gnu;/usr/include]


Parsed C implicit link information from above output:
  link line regex: [^( *|.*[/\])(ld|CMAKE_LINK_STARTFILE-NOTFOUND|([^/\]+-)?ld|collect2)[^/\]*( |$)]
  ignore line: [Change Dir: /home/dachuo/build/CMakeFiles/CMakeTmp]
  ignore line: []
  ignore line: [Run Build Command(s):/usr/bin/make cmTC_7b837/fast && /usr/bin/make -f CMakeFiles/cmTC_7b837.dir/build.make CMakeFiles/cmTC_7b837.dir/build]
  ignore line: [make[1]: Entering directory '/home/dachuo/build/CMakeFiles/CMakeTmp']
  ignore line: [Building C object CMakeFiles/cmTC_7b837.dir/CMakeCCompilerABI.c.o]
  ignore line: [/usr/bin/cc   -v -o CMakeFiles/cmTC_7b837.dir/CMakeCCompilerABI.c.o   -c /usr/share/cmake-3.16/Modules/CMakeCCompilerABI.c]
  ignore line: [Using built-in specs.]
  ignore line: [COLLECT_GCC=/usr/bin/cc]
  ignore line: [Target: x86_64-linux-gnu]
  ignore line: [Configured with: ../src/configure -v --with-pkgversion='Ubuntu 13.1.0-8ubuntu1~20.04.2' --with-bugurl=file:///usr/share/doc/gcc-13/README.Bugs --enable-languages=c ada c++ go d fortran objc obj-c++ m2 rust --prefix=/usr --with-gcc-major-version-only --program-suffix=-13 --program-prefix=x86_64-linux-gnu- --enable-shared --enable-linker-build-id --libexecdir=/usr/libexec --without-included-gettext --enable-threads=posix --libdir=/usr/lib --enable-nls --enable-clocale=gnu --enable-libstdcxx-debug --enable-libstdcxx-time=yes --with-default-libstdcxx-abi=new --enable-gnu-unique-object --disable-vtable-verify --enable-plugin --enable-default-pie --with-system-zlib --enable-libphobos-checking=release --with-target-system-zlib=auto --enable-objc-gc=auto --enable-multiarch --disable-werror --enable-cet --with-arch-32=i686 --with-abi=m64 --with-multilib-list=m32 m64 mx32 --enable-multilib --with-tune=generic --enable-checking=release --build=x86_64-linux-gnu --host=x86_64-linux-gnu --target=x86_64-linux-gnu]
  ignore line: [Thread model: posix]
  ignore line: [Supported LTO compression algorithms: zlib zstd]
  ignore line: [gcc version 13.1.0 (Ubuntu 13.1.0-8ubuntu1~20.04.2) ]
  ignore line: [COLLECT_GCC_OPTIONS='-v' '-o' 'CMakeFiles/cmTC_7b837.dir/CMakeCCompilerABI.c.o' '-c' '-mtune=generic' '-march=x86-64' '-dumpdir' 'CMakeFiles/cmTC_7b837.dir/']
  ignore line: [ /usr/libexec/gcc/x86_64-linux-gnu/13/cc1 -quiet -v -imultiarch x86_64-linux-gnu /usr/share/cmake-3.16/Modules/CMakeCCompilerABI.c -quiet -dumpdir CMakeFiles/cmTC_7b837.dir/ -dumpbase CMakeCCompilerABI.c.c -dumpbase-ext .c -mtune=generic -march=x86-64 -version -fasynchronous-unwind-tables -fstack-protector-strong -Wformat -Wformat-security -fstack-clash-protection -fcf-protection -o /tmp/ccgAlZNV.s]
  ignore line: [GNU C17 (Ubuntu 13.1.0-8ubuntu1~20.04.2) version 13.1.0 (x86_64-linux-gnu)]
  ignore line: [	compiled by GNU C version 13.1.0  GMP version 6.2.0  MPFR version 4.0.2  MPC version 1.1.0  isl version isl-0.22.1-GMP]
  ignore line: []
  ignore line: [GGC heuristics: --param ggc-min-expand=100 --param ggc-min-heapsize=131072]
  ignore line: [ignoring nonexistent directory "/usr/local/include/x86_64-linux-gnu"]
  ignore line: [ignoring nonexistent directory "/usr/lib/gcc/x86_64-linux-gnu/13/include-fixed/x86_64-linux-gnu"]
  ignore line: [ignoring nonexistent directory "/usr/lib/gcc/x86_64-linux-gnu/13/include-fixed"]
  ignore line: [ignoring nonexistent directory "/usr/lib/gcc/x86_64-linux-gnu/13/../../../../x86_64-linux-gnu/include"]
  ignore line: [#include "..." search starts here:]
  ignore line: [#include <...> search starts here:]
  ignore line: [ /usr/lib/gcc/x86_64-linux-gnu/13/include]
  ignore line: [ /usr/local/include]
  ignore line: [ /usr/include/x86_64-linux-gnu]
  ignore line: [ /usr/include]
  ignore line: [End of search list.]
  ignore line: [Compiler executable checksum: f0b3c90e0f11c3d406d33a12053911f6]
  ignore line: [COLLECT_GCC_OPTIONS='-v' '-o' 'CMakeFiles/cmTC_7b837.dir/CMakeCCompilerABI.c.o' '-c' '-mtune=generic' '-march=x86-64' '-dumpdir' 'CMakeFiles/cmTC_7b837.dir/']
  ignore line: [ as -v --64 -o CMakeFiles/cmTC_7b837.dir/CMakeCCompilerABI.c.o /tmp/ccgAlZNV.s]
  ignore line: [GNU assembler version 2.34 (x86_64-linux-gnu) using BFD version (GNU Binutils for Ubuntu) 2.34]
  ignore line: [COMPILER_PATH=/usr/libexec/gcc/x86_64-linux-gnu/13/:/usr/libexec/gcc/x86_64-linux-gnu/13/:/usr/libexec/gcc/x86_64-linux-gnu/:/usr/lib/gcc/x86_64-linux-gnu/13/:/usr/lib/gcc/x86_64-linux-gnu/]
  ignore line: [LIBRARY_PATH=/usr/lib/gcc/x86_64-linux-gnu/13/:/usr/lib/gcc/x86_64-linux-gnu/13/../../../x86_64-linux-gnu/:/usr/lib/gcc/x86_64-linux-gnu/13/../../../../lib/:/lib/x86_64-linux-gnu/:/lib/../lib/:/usr/lib/x86_64-linux-gnu/:/usr/lib/../lib/:/usr/lib/gcc/x86_64-linux-gnu/13/../../../:/lib/:/usr/lib/]
  ignore line: [COLLECT_GCC_OPTIONS='-v' '-o' 'CMakeFiles/cmTC_7b837.dir/CMakeCCompilerABI.c.o' '-c' '-mtune=generic' '-march=x86-64' '-dumpdir' 'CMakeFiles/cmTC_7b837.dir/CMakeCCompilerABI.c.']
  ignore line: [Linking C executable cmTC_7b837]
  ignore line: [/usr/bin/cmake -E cmake_link_script CMakeFiles/cmTC_7b837.dir/link.txt --verbose=1]
  ignore line: [/usr/bin/cc     -v CMakeFiles/cmTC_7b837.dir/CMakeCCompilerABI.c.o  -o cmTC_7b837 ]
  ignore line: [Using built-in specs.]
  ignore line: [COLLECT_GCC=/usr/bin/cc]
  ignore line: [COLLECT_LTO_WRAPPER=/usr/libexec/gcc/x86_64-linux-gnu/13/lto-wrapper]
  ignore line: [Target: x86_64-linux-gnu]
  ignore line: [Configured with: ../src/configure -v --with-pkgversion='Ubuntu 13.1.0-8ubuntu1~20.04.2' --with-bugurl=file:///usr/share/doc/gcc-13/README.Bugs --enable-languages=c ada c++ go d fortran objc obj-c++ m2 rust --prefix=/usr --with-gcc-major-version-only --program-suffix=-13 --program-prefix=x86_64-linux-gnu- --enable-shared --enable-linker-build-id --libexecdir=/usr/libexec --without-included-gettext --enable-threads=posix --libdir=/usr/lib --enable-nls --enable-clocale=gnu --enable-libstdcxx-debug --enable-libstdcxx-time=yes --with-default-libstdcxx-abi=new --enable-gnu-unique-object --disable-vtable-verify --enable-plugin --enable-default-pie --with-system-zlib --enable-libphobos-checking=release --with-target-system-zlib=auto --enable-objc-gc=auto --enable-multiarch --disable-werror --enable-cet --with-arch-32=i686 --with-abi=m64 --with-multilib-list=m32 m64 mx32 --enable-multilib --with-tune=generic --enable-checking=release --build=x86_64-linux-gnu --host=x86_64-linux-gnu --target=x86_64-linux-gnu]
  ignore line: [Thread model: posix]
  ignore line: [Supported LTO compression algorithms: zlib zstd]
  ignore line: [gcc version 13.1.0 (Ubuntu 13.1.0-8ubuntu1~20.04.2) ]
  ignore line: [COMPILER_PATH=/usr/libexec/gcc/x86_64-linux-gnu/13/:/usr/libexec/gcc/x86_64-linux-gnu/13/:/usr/libexec/gcc/x86_64-linux-gnu/:/usr/lib/gcc/x86_64-linux-gnu/13/:/usr/lib/gcc/x86_64-linux-gnu/]
  ignore line: [LIBRARY_PATH=/usr/lib/gcc/x86_64-linux-gnu/13/:/usr/lib/gcc/x86_64-linux-gnu/13/../../../x86_64-linux-gnu/:/usr/lib/gcc/x86_64-linux-gnu/13/../../../../lib/:/lib/x86_64-linux-gnu/:/lib/../lib/:/usr/lib/x86_64-linux-gnu/:/usr/lib/../lib/:/usr/lib/gcc/x86_64-linux-gnu/13/../../../:/lib/:/usr/lib/]
  ignore line: [COLLECT_GCC_OPTIONS='-v' '-o' 'cmTC_7b837' '-mtune=generic' '-march=x86-64' '-dumpdir' 'cmTC_7b837.']
  link line: [ /usr/libexec/gcc/x86_64-linux-gnu/13/collect2 -plugin /usr/libexec/gcc/x86_64-linux-gnu/13/liblto_plugin.so -plugin-opt=/usr/libexec/gcc/x86_64-linux-gnu/13/lto-wrapper -plugin-opt=-fresolution=/tmp/cciSE8JX.res -plugin-opt=-pass-through=-lgcc -plugin-opt=-pass-through=-lgcc_s -plugin-opt=-pass-through=-lc -plugin-opt=-pass-through=-lgcc -plugin-opt=-pass-through=-lgcc_s --build-id --eh-frame-hdr -m elf_x86_64 --hash-style=gnu --as-needed -dynamic-linker /lib64/ld-linux-x86-64.so.2 -pie -z now -z relro -o cmTC_7b837 /usr/lib/gcc/x86_64-linux-gnu/13/../../../x86_64-linux-gnu/Scrt1.o /usr/lib/gcc/x86_64-linux-gnu/13/../../../x86_64-linux-gnu/crti.o /usr/lib/gcc/x86_64-linux-gnu/13/crtbeginS.o -L/usr/lib/gcc/x86_64-linux-gnu/13 -L/usr/lib/gcc/x86_64-linux-gnu/13/../../../x86_64-linux-gnu -L/usr/lib/gcc/x86_64-linux-gnu/13/../../../../lib -L/lib/x86_64-linux-gnu -L/lib/../lib -L/usr/lib/x86_64-linux-gnu -L/usr/lib/../lib -L/usr/lib/gcc/x86_64-linux-gnu/13/../../.. CMakeFiles/cmTC_7b837.dir/CMakeCCompilerABI.c.o -lgcc --push-state --as-needed -lgcc_s --pop-state -lc -lgcc --push-state --as-needed -lgcc_s --pop-state /usr/lib/gcc/x86_64-linux-gnu/13/crtendS.o /usr/lib/gcc/x86_64-linux-gnu/13/../../../x86_64-linux-gnu/crtn.o]
    arg [/usr/libexec/gcc/x86_64-linux-gnu/13/collect2] ==> ignore
    arg [-plugin] ==> ignore
    arg [/usr/libexec/gcc/x86_64-linux-gnu/13/liblto_plugin.so] ==> ignore
    arg [-plugin-opt=/usr/libexec/gcc/x86_64-linux-gnu/13/lto-wrapper] ==> ignore
    arg [-plugin-opt=-fresolution=/tmp/cciSE8JX.res] ==> ignore
    arg [-plugin-opt=-pass-through=-lgcc] ==> ignore
    arg [-plugin-opt=-pass-through=-lgcc_s] ==> ignore
    arg [-plugin-opt=-pass-through=-lc] ==> ignore
    arg [-plugin-opt=-pass-through=-lgcc] ==> ignore
    arg [-plugin-opt=-pass-through=-lgcc_s] ==> ignore
    arg [--build-id] ==> ignore
    arg [--eh-frame-hdr] ==> ignore
    arg [-m] ==> ignore
    arg [elf_x86_64] ==> ignore
    arg [--hash-style=gnu] ==> ignore
    arg [--as-needed] ==> ignore
    arg [-dynamic-linker] ==> ignore
    arg [/lib64/ld-linux-x86-64.so.2] ==> ignore
    arg [-pie] ==> ignore
    arg [-znow] ==> ignore
    arg [-zrelro] ==> ignore
    arg [-o] ==> ignore
    arg [cmTC_7b837] ==> ignore
    arg [/usr/lib/gcc/x86_64-linux-gnu/13/../../../x86_64-linux-gnu/Scrt1.o] ==> ignore
    arg [/usr/lib/gcc/x86_64-linux-gnu/13/../../../x86_64-linux-gnu/crti.o] ==> ignore
    arg [/usr/lib/gcc/x86_64-linux-gnu/13/crtbeginS.o] ==> ignore
    arg [-L/usr/lib/gcc/x86_64-linux-gnu/13] ==> dir [/usr/lib/gcc/x86_64-linux-gnu/13]
    arg [-L/usr/lib/gcc/x86_64-linux-gnu/13/../../../x86_64-linux-gnu] ==> dir [/usr/lib/gcc/x86_64-linux-gnu/13/../../../x86_64-linux-gnu]
    arg [-L/usr/lib/gcc/x86_64-linux-gnu/13/../../../../lib] ==> dir [/usr/lib/gcc/x86_64-linux-gnu/13/../../../../lib]
    arg [-L/lib/x86_64-linux-gnu] ==> dir [/lib/x86_64-linux-gnu]
    arg [-L/lib/../lib] ==> dir [/lib/../lib]
    arg [-L/usr/lib/x86_64-linux-gnu] ==> dir [/usr/lib/x86_64-linux-gnu]
    arg [-L/usr/lib/../lib] ==> dir [/usr/lib/../lib]
    arg [-L/usr/lib/gcc/x86_64-linux-gnu/13/../../..] ==> dir [/usr/lib/gcc/x86_64-linux-gnu/13/../../..]
    arg [CMakeFiles/cmTC_7b837.dir/CMakeCCompilerABI.c.o] ==> ignore
    arg [-lgcc] ==> lib [gcc]
    arg [--push-state] ==> ignore
    arg [--as-needed] ==> ignore
    arg [-lgcc_s] ==> lib [gcc_s]
    arg [--pop-state] ==> ignore
    arg [-lc] ==> lib [c]
    arg [-lgcc] ==> lib [gcc]
    arg [--push-state] ==> ignore
    arg [--as-needed] ==> ignore
    arg [-lgcc_s] ==> lib [gcc_s]
    arg [--pop-state] ==> ignore
    arg [/usr/lib/gcc/x86_64-linux-gnu/13/crtendS.o] ==> ignore
    arg [/usr/lib/gcc/x86_64-linux-gnu/13/../../../x86_64-linux-gnu/crtn.o] ==> ignore
  collapse library dir [/usr/lib/gcc/x86_64-linux-gnu/13] ==> [/usr/lib/gcc/x86_64-linux-gnu/13]
  collapse library dir [/usr/lib/gcc/x86_64-linux-gnu/13/../../../x86_64-linux-gnu] ==> [/usr/lib/x86_64-linux-gnu]
  collapse library dir [/usr/lib/gcc/x86_64-linux-gnu/13/../../../../lib] ==> [/usr/lib]
  collapse library dir [/lib/x86_64-linux-gnu] ==> [/lib/x86_64-linux-gnu]
  collapse library dir [/lib/../lib] ==> [/lib]
  collapse library dir [/usr/lib/x86_64-linux-gnu] ==> [/usr/lib/x86_64-linux-gnu]
  collapse library dir [/usr/lib/../lib] ==> [/usr/lib]
  collapse library dir [/usr/lib/gcc/x86_64-linux-gnu/13/../../..] ==> [/usr/lib]
  implicit libs: [gcc;gcc_s;c;gcc;gcc_s]
  implicit dirs: [/usr/lib/gcc/x86_64-linux-gnu/13;/usr/lib/x86_64-linux-gnu;/usr/lib;/lib/x86_64-linux-gnu;/lib]
  implicit fwks: []


Determining if the CXX compiler works passed with the following output:
Change Dir: /home/dachuo/build/CMakeFiles/CMakeTmp

Run Build Command(s):/usr/bin/make cmTC_8770e/fast && /usr/bin/make -f CMakeFiles/cmTC_8770e.dir/build.make CMakeFiles/cmTC_8770e.dir/build
make[1]: Entering directory '/home/dachuo/build/CMakeFiles/CMakeTmp'
Building CXX object CMakeFiles/cmTC_8770e.dir/testCXXCompiler.cxx.o
/usr/bin/c++    -std=gnu++2a -o CMakeFiles/cmTC_8770e.dir/testCXXCompiler.cxx.o -c /home/dachuo/build/CMakeFiles/CMakeTmp/testCXXCompiler.cxx
Linking CXX executable cmTC_8770e
/usr/bin/cmake -E cmake_link_script CMakeFiles/cmTC_8770e.dir/link.txt --verbose=1
/usr/bin/c++       CMakeFiles/cmTC_8770e.dir/testCXXCompiler.cxx.o  -o cmTC_8770e 
make[1]: Leaving directory '/home/dachuo/build/CMakeFiles/CMakeTmp'



Detecting CXX compiler ABI info compiled with the following output:
Change Dir: /home/dachuo/build/CMakeFiles/CMakeTmp

Run Build Command(s):/usr/bin/make cmTC_10147/fast && /usr/bin/make -f CMakeFiles/cmTC_10147.dir/build.make CMakeFiles/cmTC_10147.dir/build
make[1]: Entering directory '/home/dachuo/build/CMakeFiles/CMakeTmp'
Building CXX object CMakeFiles/cmTC_10147.dir/CMakeCXXCompilerABI.cpp.o
/usr/bin/c++    -v -std=gnu++2a -o CMakeFiles/cmTC_10147.dir/CMakeCXXCompilerABI.cpp.o -c /usr/share/cmake-3.16/Modules/CMakeCXXCompilerABI.cpp
Using built-in specs.
COLLECT_GCC=/usr/bin/c++
Target: x86_64-linux-gnu
Configured with: ../src/configure -v --with-pkgversion='Ubuntu 13.1.0-8ubuntu1~20.04.2' --with-bugurl=file:///usr/share/doc/gcc-13/README.Bugs --enable-languages=c,ada,c++,go,d,fortran,objc,obj-c++,m2,rust --prefix=/usr --with-gcc-major-version-only --program-suffix=-13 --program-prefix=x86_64-linux-gnu- --enable-shared --enable-linker-build-id --libexecdir=/usr/libexec --without-included-gettext --enable-threads=posix --libdir=/usr/lib --enable-nls --enable-clocale=gnu --enable-libstdcxx-debug --enable-libstdcxx-time=yes --with-default-libstdcxx-abi=new --enable-gnu-unique-object --disable-vtable-verify --enable-plugin --enable-default-pie --with-system-zlib --enable-libphobos-checking=release --with-target-system-zlib=auto --enable-objc-gc=auto --enable-multiarch --disable-werror --enable-cet --with-arch-32=i686 --with-abi=m64 --with-multilib-list=m32,m64,mx32 --enable-multilib --with-tune=generic --enable-checking=release --build=x86_64-linux-gnu --host=x86_64-linux-gnu --target=x86_64-linux-gnu
Thread model: posix
Supported LTO compression algorithms: zlib zstd
gcc version 13.1.0 (Ubuntu 13.1.0-8ubuntu1~20.04.2) 
COLLECT_GCC_OPTIONS='-v' '-std=gnu++20' '-o' 'CMakeFiles/cmTC_10147.dir/CMakeCXXCompilerABI.cpp.o' '-c' '-shared-libgcc' '-mtune=generic' '-march=x86-64' '-dumpdir' 'CMakeFiles/cmTC_10147.dir/'
 /usr/libexec/gcc/x86_64-linux-gnu/13/cc1plus -quiet -v -imultiarch x86_64-linux-gnu -D_GNU_SOURCE /usr/share/cmake-3.16/Modules/CMakeCXXCompilerABI.cpp -quiet -dumpdir CMakeFiles/cmTC_10147.dir/ -dumpbase CMakeCXXCompilerABI.cpp.cpp -dumpbase-ext .cpp -mtune=generic -march=x86-64 -std=gnu++20 -version -fasynchronous-unwind-tables -fstack-protector-strong -Wformat -Wformat-security -fstack-clash-protection -fcf-protection -o /tmp/ccihJv7r.s
GNU C++20 (Ubuntu 13.1.0-8ubuntu1~20.04.2) version 13.1.0 (x86_64-linux-gnu)
	compiled by GNU C version 13.1.0, GMP version 6.2.0, MPFR version 4.0.2, MPC version 1.1.0, isl version isl-0.22.1-GMP

GGC heuristics: --param ggc-min-expand=100 --param ggc-min-heapsize=131072
ignoring duplicate directory "/usr/include/x86_64-linux-gnu/c++/13"
ignoring nonexistent directory "/usr/local/include/x86_64-linux-gnu"
ignoring nonexistent directory "/usr/lib/gcc/x86_64-linux-gnu/13/include-fixed/x86_64-linux-gnu"
ignoring nonexistent directory "/usr/lib/gcc/x86_64-linux-gnu/13/include-fixed"
ignoring nonexistent directory "/usr/lib/gcc/x86_64-linux-gnu/13/../../../../x86_64-linux-gnu/include"
#include "..." search starts here:
#include <...> search starts here:
 /usr/include/c++/13
 /usr/include/x86_64-linux-gnu/c++/13
 /usr/include/c++/13/backward
 /usr/lib/gcc/x86_64-linux-gnu/13/include
 /usr/local/include
 /usr/include/x86_64-linux-gnu
 /usr/include
End of search list.
Compiler executable checksum: 391880e3be75f4e1ac78bddcb50fff0c
COLLECT_GCC_OPTIONS='-v' '-std=gnu++20' '-o' 'CMakeFiles/cmTC_10147.dir/CMakeCXXCompilerABI.cpp.o' '-c' '-shared-libgcc' '-mtune=generic' '-march=x86-64' '-dumpdir' 'CMakeFiles/cmTC_10147.dir/'
 as -v --64 -o CMakeFiles/cmTC_10147.dir/CMakeCXXCompilerABI.cpp.o /tmp/ccihJv7r.s
GNU assembler version 2.34 (x86_64-linux-gnu) using BFD version (GNU Binutils for Ubuntu) 2.34
COMPILER_PATH=/usr/libexec/gcc/x86_64-linux-gnu/13/:/usr/libexec/gcc/x86_64-linux-gnu/13/:/usr/libexec/gcc/x86_64-linux-gnu/:/usr/lib/gcc/x86_64-linux-gnu/13/:/usr/lib/gcc/x86_64-linux-gnu/
LIBRARY_PATH=/usr/lib/gcc/x86_64-linux-gnu/13/:/usr/lib/gcc/x86_64-linux-gnu/13/../../../x86_64-linux-gnu/:/usr/lib/gcc/x86_64-linux-gnu/13/../../../../lib/:/lib/x86_64-linux-gnu/:/lib/../lib/:/usr/lib/x86_64-linux-gnu/:/usr/lib/../lib/:/usr/lib/gcc/x86_64-linux-gnu/13/../../../:/lib/:/usr/lib/
COLLECT_GCC_OPTIONS='-v' '-std=gnu++20' '-o' 'CMakeFiles/cmTC_10147.dir/CMakeCXXCompilerABI.cpp.o' '-c' '-shared-libgcc' '-mtune=generic' '-march=x86-64' '-dumpdir' 'CMakeFiles/cmTC_10147.dir/CMakeCXXCompilerABI.cpp.'
Linking CXX executable cmTC_10147
/usr/bin/cmake -E cmake_link_script CMakeFiles/cmTC_10147.dir/link.txt --verbose=1
/usr/bin/c++      -v CMakeFiles/cmTC_10147.dir/CMakeCXXCompilerABI.cpp.o  -o cmTC_10147 
Using built-in specs.
COLLECT_GCC=/usr/bin/c++
COLLECT_LTO_WRAPPER=/usr/libexec/gcc/x86_64-linux-gnu/13/lto-wrapper
Target: x86_64-linux-gnu
Configured with: ../src/configure -v --with-pkgversion='Ubuntu 13.1.0-8ubuntu1~20.04.2' --with-bugurl=file:///usr/share/doc/gcc-13/README.Bugs --enable-languages=c,ada,c++,go,d,fortran,objc,obj-c++,m2,rust --prefix=/usr --with-gcc-major-version-only --program-suffix=-13 --program-prefix=x86_64-linux-gnu- --enable-shared --enable-linker-build-id --libexecdir=/usr/libexec --without-included-gettext --enable-threads=posix --libdir=/usr/lib --enable-nls --enable-clocale=gnu --enable-libstdcxx-debug --enable-libstdcxx-time=yes --with-default-libstdcxx-abi=new --enable-gnu-unique-object --disable-vtable-verify --enable-plugin --enable-default-pie --with-system-zlib --enable-libphobos-checking=release --with-target-system-zlib=auto --enable-objc-gc=auto --enable-multiarch --disable-werror --enable-cet --with-arch-32=i686 --with-abi=m64 --with-multilib-list=m32,m64,mx32 --enable-multilib --with-tune=generic --enable-checking=release --build=x86_64-linux-gnu --host=x86_64-linux-gnu --target=x86_64-linux-gnu
Thread model: posix
Supported LTO compression algorithms: zlib zstd
gcc version 13.1.0 (Ubuntu 13.1.0-8ubuntu1~20.04.2) 
COMPILER_PATH=/usr/libexec/gcc/x86_64-linux-gnu/13/:/usr/libexec/gcc/x86_64-linux-gnu/13/:/usr/libexec/gcc/x86_64-linux-gnu/:/usr/lib/gcc/x86_64-linux-gnu/13/:/usr/lib/gcc/x86_64-linux-gnu/
LIBRARY_PATH=/usr/lib/gcc/x86_64-linux-gnu/13/:/usr/lib/gcc/x86_64-linux-gnu/13/../../../x86_64-linux-gnu/:/usr/lib/gcc/x86_64-linux-gnu/13/../../../../lib/:/lib/x86_64-linux-gnu/:/lib/../lib/:/usr/lib/x86_64-linux-gnu/:/usr/lib/../lib/:/usr/lib/gcc/x86_64-linux-gnu/13/../../../:/lib/:/usr/lib/
COLLECT_GCC_OPTIONS='-v' '-o' 'cmTC_10147' '-shared-libgcc' '-mtune=generic' '-march=x86-64' '-dumpdir' 'cmTC_10147.'
 /usr/libexec/gcc/x86_64-linux-gnu/13/collect2 -plugin /usr/libexec/gcc/x86_64-linux-gnu/13/liblto_plugin.so -plugin-opt=/usr/libexec/gcc/x86_64-linux-gnu/13/lto-wrapper -plugin-opt=-fresolution=/tmp/ccicZS8S.res -plugin-opt=-pass-through=-lgcc_s -plugin-opt=-pass-through=-lgcc -plugin-opt=-pass-through=-lc -plugin-opt=-pass-through=-lgcc_s -plugin-opt=-pass-through=-lgcc --build-id --eh-frame-hdr -m elf_x86_64 --hash-style=gnu --as-needed -dynamic-linker /lib64/ld-linux-x86-64.so.2 -pie -z now -z relro -o cmTC_10147 /usr/lib/gcc/x86_64-linux-gnu/13/../../../x86_64-linux-gnu/Scrt1.o /usr/lib/gcc/x86_64-linux-gnu/13/../../../x86_64-linux-gnu/crti.o /usr/lib/gcc/x86_64-linux-gnu/13/crtbeginS.o -L/usr/lib/gcc/x86_64-linux-gnu/13 -L/usr/lib/gcc/x86_64-linux-gnu/13/../../../x86_64-linux-gnu -L/usr/lib/gcc/x86_64-linux-gnu/13/../../../../lib -L/lib/x86_64-linux-gnu -L/lib/../lib -L/usr/lib/x86_64-linux-gnu -L/usr/lib/../lib -L/usr/lib/gcc/x86_64-linux-gnu/13/../../.. CMakeFiles/cmTC_10147.dir/CMakeCXXCompilerABI.cpp.o -lstdc++ -lm -lgcc_s -lgcc -lc -lgcc_s -lgcc /usr/lib/gcc/x86_64-linux-gnu/13/crtendS.o /usr/lib/gcc/x86_64-linux-gnu/13/../../../x86_64-linux-gnu/crtn.o
COLLECT_GCC_OPTIONS='-v' '-o' 'cmTC_10147' '-shared-libgcc' '-mtune=generic' '-march=x86-64' '-dumpdir' 'cmTC_10147.'
make[1]: Leaving directory '/home/dachuo/build/CMakeFiles/CMakeTmp'



Parsed CXX implicit include dir info from above output: rv=done
  found start of include info
  found start of implicit include info
    add: [/usr/include/c++/13]
    add: [/usr/include/x86_64-linux-gnu/c++/13]
    add: [/usr/include/c++/13/backward]
    add: [/usr/lib/gcc/x86_64-linux-gnu/13/include]
    add: [/usr/local/include]
    add: [/usr/include/x86_64-linux-gnu]
    add: [/usr/include]
  end of search list found
  collapse include dir [/usr/include/c++/13] ==> [/usr/include/c++/13]
  collapse include dir [/usr/include/x86_64-linux-gnu/c++/13] ==> [/usr/include/x86_64-linux-gnu/c++/13]
  collapse include dir [/usr/include/c++/13/backward] ==> [/usr/include/c++/13/backward]
  collapse include dir [/usr/lib/gcc/x86_64-linux-gnu/13/include] ==> [/usr/lib/gcc/x86_64-linux-gnu/13/include]
  collapse include dir [/usr/local/include] ==> [/usr/local/include]
  collapse include dir [/usr/include/x86_64-linux-gnu] ==> [/usr/include/x86_64-linux-gnu]
  collapse include dir [/usr/include] ==> [/usr/include]
  implicit include dirs: [/usr/include/c++/13;/usr/include/x86_64-linux-gnu/c++/13;/usr/include/c++/13/backward;/usr/lib/gcc/x86_64-linux-gnu/13/include;/usr/local/include;/usr/include/x86_64-linux-gnu;/usr/include]


Parsed CXX implicit link information from above output:
  link line regex: [^( *|.*[/\])(ld|CMAKE_LINK_STARTFILE-NOTFOUND|([^/\]+-)?ld|collect2)[^/\]*( |$)]
  ignore line: [Change Dir: /home/dachuo/build/CMakeFiles/CMakeTmp]
  ignore line: []
  ignore line: [Run Build Command(s):/usr/bin/make cmTC_10147/fast && /usr/bin/make -f CMakeFiles/cmTC_10147.dir/build.make CMakeFiles/cmTC_10147.dir/build]
  ignore line: [make[1]: Entering directory '/home/dachuo/build/CMakeFiles/CMakeTmp']
  ignore line: [Building CXX object CMakeFiles/cmTC_10147.dir/CMakeCXXCompilerABI.cpp.o]
  ignore line: [/usr/bin/c++    -v -std=gnu++2a -o CMakeFiles/cmTC_10147.dir/CMakeCXXCompilerABI.cpp.o -c /usr/share/cmake-3.16/Modules/CMakeCXXCompilerABI.cpp]
  ignore line: [Using built-in specs.]
  ignore line: [COLLECT_GCC=/usr/bin/c++]
  ignore line: [Target: x86_64-linux-gnu]
  ignore line: [Configured with: ../src/configure -v --with-pkgversion='Ubuntu 13.1.0-8ubuntu1~20.04.2' --with-bugurl=file:///usr/share/doc/gcc-13/README.Bugs --enable-languages=c ada c++ go d fortran objc obj-c++ m2 rust --prefix=/usr --with-gcc-major-version-only --program-suffix=-13 --program-prefix=x86_64-linux-gnu- --enable-shared --enable-linker-build-id --libexecdir=/usr/libexec --without-included-gettext --enable-threads=posix --libdir=/usr/lib --enable-nls --enable-clocale=gnu --enable-libstdcxx-debug --enable-libstdcxx-time=yes --with-default-libstdcxx-abi=new --enable-gnu-unique-object --disable-vtable-verify --enable-plugin --enable-default-pie --with-system-zlib --enable-libphobos-checking=release --with-target-system-zlib=auto --enable-objc-gc=auto --enable-multiarch --disable-werror --enable-cet --with-arch-32=i686 --with-abi=m64 --with-multilib-list=m32 m64 mx32 --enable-multilib --with-tune=generic --enable-checking=release --build=x86_64-linux-gnu --host=x86_64-linux-gnu --target=x86_64-linux-gnu]
  ignore line: [Thread model: posix]
  ignore line: [Supported LTO compression algorithms: zlib zstd]
  ignore line: [gcc version 13.1.0 (Ubuntu 13.1.0-8ubuntu1~20.04.2) ]
  ignore line: [COLLECT_GCC_OPTIONS='-v' '-std=gnu++20' '-o' 'CMakeFiles/cmTC_10147.dir/CMakeCXXCompilerABI.cpp.o' '-c' '-shared-libgcc' '-mtune=generic' '-march=x86-64' '-dumpdir' 'CMakeFiles/cmTC_10147.dir/']
  ignore line: [ /usr/libexec/gcc/x86_64-linux-gnu/13/cc1plus -quiet -v -imultiarch x86_64-linux-gnu -D_GNU_SOURCE /usr/share/cmake-3.16/Modules/CMakeCXXCompilerABI.cpp -quiet -dumpdir CMakeFiles/cmTC_10147.dir/ -dumpbase CMakeCXXCompilerABI.cpp.cpp -dumpbase-ext .cpp -mtune=generic -march=x86-64 -std=gnu++20 -version -fasynchronous-unwind-tables -fstack-protector-strong -Wformat -Wformat-security -fstack-clash-protection -fcf-protection -o /tmp/ccihJv7r.s]
  ignore line: [GNU C++20 (Ubuntu 13.1.0-8ubuntu1~20.04.2) version 13.1.0 (x86_64-linux-gnu)]
  ignore line: [	compiled by GNU C version 13.1.0  GMP version 6.2.0  MPFR version 4.0.2  MPC version 1.1.0  isl version isl-0.22.1-GMP]
  ignore line: []
  ignore line: [GGC heuristics: --param ggc-min-expand=100 --param ggc-min-heapsize=131072]
  ignore line: [ignoring duplicate directory "/usr/include/x86_64-linux-gnu/c++/13"]
  ignore line: [ignoring nonexistent directory "/usr/local/include/x86_64-linux-gnu"]
  ignore line: [ignoring nonexistent directory "/usr/lib/gcc/x86_64-linux-gnu/13/include-fixed/x86_64-linux-gnu"]
  ignore line: [ignoring nonexistent directory "/usr/lib/gcc/x86_64-linux-gnu/13/include-fixed"]
  ignore line: [ignoring nonexistent directory "/usr/lib/gcc/x86_64-linux-gnu/13/../../../../x86_64-linux-gnu/include"]
  ignore line: [#include "..." search starts here:]
  ignore line: [#include <...> search starts here:]
  ignore line: [ /usr/include/c++/13]
  ignore line: [ /usr/include/x86_64-linux-gnu/c++/13]
  ignore line: [ /usr/include/c++/13/backward]
  ignore line: [ /usr/lib/gcc/x86_64-linux-gnu/13/include]
  ignore line: [ /usr/local/include]
  ignore line: [ /usr/include/x86_64-linux-gnu]
  ignore line: [ /usr/include]
  ignore line: [End of search list.]
  ignore line: [Compiler executable checksum: 391880e3be75f4e1ac78bddcb50fff0c]
  ignore line: [COLLECT_GCC_OPTIONS='-v' '-std=gnu++20' '-o' 'CMakeFiles/cmTC_10147.dir/CMakeCXXCompilerABI.cpp.o' '-c' '-shared-libgcc' '-mtune=generic' '-march=x86-64' '-dumpdir' 'CMakeFiles/cmTC_10147.dir/']
  ignore line: [ as -v --64 -o CMakeFiles/cmTC_10147.dir/CMakeCXXCompilerABI.cpp.o /tmp/ccihJv7r.s]
  ignore line: [GNU assembler version 2.34 (x86_64-linux-gnu) using BFD version (GNU Binutils for Ubuntu) 2.34]
  ignore line: [COMPILER_PATH=/usr/libexec/gcc/x86_64-linux-gnu/13/:/usr/libexec/gcc/x86_64-linux-gnu/13/:/usr/libexec/gcc/x86_64-linux-gnu/:/usr/lib/gcc/x86_64-linux-gnu/13/:/usr/lib/gcc/x86_64-linux-gnu/]
  ignore line: [LIBRARY_PATH=/usr/lib/gcc/x86_64-linux-gnu/13/:/usr/lib/gcc/x86_64-linux-gnu/13/../../../x86_64-linux-gnu/:/usr/lib/gcc/x86_64-linux-gnu/13/../../../../lib/:/lib/x86_64-linux-gnu/:/lib/../lib/:/usr/lib/x86_64-linux-gnu/:/usr/lib/../lib/:/usr/lib/gcc/x86_64-linux-gnu/13/../../../:/lib/:/usr/lib/]
  ignore line: [COLLECT_GCC_OPTIONS='-v' '-std=gnu++20' '-o' 'CMakeFiles/cmTC_10147.dir/CMakeCXXCompilerABI.cpp.o' '-c' '-shared-libgcc' '-mtune=generic' '-march=x86-64' '-dumpdir' 'CMakeFiles/cmTC_10147.dir/CMakeCXXCompilerABI.cpp.']
  ignore line: [Linking CXX executable cmTC_10147]
  ignore line: [/usr/bin/cmake -E cmake_link_script CMakeFiles/cmTC_10147.dir/link.txt --verbose=1]
  ignore line: [/usr/bin/c++      -v CMakeFiles/cmTC_10147.dir/CMakeCXXCompilerABI.cpp.o  -o cmTC_10147 ]
  ignore line: [Using built-in specs.]
  ignore line: [COLLECT_GCC=/usr/bin/c++]
  ignore line: [COLLECT_LTO_WRAPPER=/usr/libexec/gcc/x86_64-linux-gnu/13/lto-wrapper]
  ignore line: [Target: x86_64-linux-gnu]
  ignore line: [Configured with: ../src/configure -v --with-pkgversion='Ubuntu 13.1.0-8ubuntu1~20.04.2' --with-bugurl=file:///usr/share/doc/gcc-13/README.Bugs --enable-languages=c ada c++ go d fortran objc obj-c++ m2 rust --prefix=/usr --with-gcc-major-version-only --program-suffix=-13 --program-prefix=x86_64-linux-gnu- --enable-shared --enable-linker-build-id --libexecdir=/usr/libexec --without-included-gettext --enable-threads=posix --libdir=/usr/lib --enable-nls --enable-clocale=gnu --enable-libstdcxx-debug --enable-libstdcxx-time=yes --with-default-libstdcxx-abi=new --enable-gnu-unique-object --disable-vtable-verify --enable-plugin --enable-default-pie --with-system-zlib --enable-libphobos-checking=release --with-target-system-zlib=auto --enable-objc-gc=auto --enable-multiarch --disable-werror --enable-cet --with-arch-32=i686 --with-abi=m64 --with-multilib-list=m32 m64 mx32 --enable-multilib --with-tune=generic --enable-checking=release --build=x86_64-linux-gnu --host=x86_64-linux-gnu --target=x86_64-linux-gnu]
  ignore line: [Thread model: posix]
  ignore line: [Supported LTO compression algorithms: zlib zstd]
  ignore line: [gcc version 13.1.0 (Ubuntu 13.1.0-8ubuntu1~20.04.2) ]
  ignore line: [COMPILER_PATH=/usr/libexec/gcc/x86_64-linux-gnu/13/:/usr/libexec/gcc/x86_64-linux-gnu/13/:/usr/libexec/gcc/x86_64-linux-gnu/:/usr/lib/gcc/x86_64-linux-gnu/13/:/usr/lib/gcc/x86_64-linux-gnu/]
  ignore line: [LIBRARY_PATH=/usr/lib/gcc/x86_64-linux-gnu/13/:/usr/lib/gcc/x86_64-linux-gnu/13/../../../x86_64-linux-gnu/:/usr/lib/gcc/x86_64-linux-gnu/13/../../../../lib/:/lib/x86_64-linux-gnu/:/lib/../lib/:/usr/lib/x86_64-linux-gnu/:/usr/lib/../lib/:/usr/lib/gcc/x86_64-linux-gnu/13/../../../:/lib/:/usr/lib/]
  ignore line: [COLLECT_GCC_OPTIONS='-v' '-o' 'cmTC_10147' '-shared-libgcc' '-mtune=generic' '-march=x86-64' '-dumpdir' 'cmTC_10147.']
  link line: [ /usr/libexec/gcc/x86_64-linux-gnu/13/collect2 -plugin /usr/libexec/gcc/x86_64-linux-gnu/13/liblto_plugin.so -plugin-opt=/usr/libexec/gcc/x86_64-linux-gnu/13/lto-wrapper -plugin-opt=-fresolution=/tmp/ccicZS8S.res -plugin-opt=-pass-through=-lgcc_s -plugin-opt=-pass-through=-lgcc -plugin-opt=-pass-through=-lc -plugin-opt=-pass-through=-lgcc_s -plugin-opt=-pass-through=-lgcc --build-id --eh-frame-hdr -m elf_x86_64 --hash-style=gnu --as-needed -dynamic-linker /lib64/ld-linux-x86-64.so.2 -pie -z now -z relro -o cmTC_10147 /usr/lib/gcc/x86_64-linux-gnu/13/../../../x86_64-linux-gnu/Scrt1.o /usr/lib/gcc/x86_64-linux-gnu/13/../../../x86_64-linux-gnu/crti.o /usr/lib/gcc/x86_64-linux-gnu/13/crtbeginS.o -L/usr/lib/gcc/x86_64-linux-gnu/13 -L/usr/lib/gcc/x86_64-linux-gnu/13/../../../x86_64-linux-gnu -L/usr/lib/gcc/x86_64-linux-gnu/13/../../../../lib -L/lib/x86_64-linux-gnu -L/lib/../lib -L/usr/lib/x86_64-linux-gnu -L/usr/lib/../lib -L/usr/lib/gcc/x86_64-linux-gnu/13/../../.. CMakeFiles/cmTC_10147.dir/CMakeCXXCompilerABI.cpp.o -lstdc++ -lm -lgcc_s -lgcc -lc -lgcc_s -lgcc /usr/lib/gcc/x86_64-linux-gnu/13/crtendS.o /usr/lib/gcc/x86_64-linux-gnu/13/../../../x86_64-linux-gnu/crtn.o]
    arg [/usr/libexec/gcc/x86_64-linux-gnu/13/collect2] ==> ignore
    arg [-plugin] ==> ignore
    arg [/usr/libexec/gcc/x86_64-linux-gnu/13/liblto_plugin.so] ==> ignore
    arg [-plugin-opt=/usr/libexec/gcc/x86_64-linux-gnu/13/lto-wrapper] ==> ignore
    arg [-plugin-opt=-fresolution=/tmp/ccicZS8S.res] ==> ignore
    arg [-plugin-opt=-pass-through=-lgcc_s] ==> ignore
    arg [-plugin-opt=-pass-through=-lgcc] ==> ignore
    arg [-plugin-opt=-pass-through=-lc] ==> ignore
    arg [-plugin-opt=-pass-through=-lgcc_s] ==> ignore
    arg [-plugin-opt=-pass-through=-lgcc] ==> ignore
    arg [--build-id] ==> ignore
    arg [--eh-frame-hdr] ==> ignore
    arg [-m] ==> ignore
    arg [elf_x86_64] ==> ignore
    arg [--hash-style=gnu] ==> ignore
    arg [--as-needed] ==> ignore
    arg [-dynamic-linker] ==> ignore
    arg [/lib64/ld-linux-x86-64.so.2] ==> ignore
    arg [-pie] ==> ignore
    arg [-znow] ==> ignore
    arg [-zrelro] ==> ignore
    arg [-o] ==> ignore
    arg [cmTC_10147] ==> ignore
    arg [/usr/lib/gcc/x86_64-linux-gnu/13/../../../x86_64-linux-gnu/Scrt1.o] ==> ignore
    arg [/usr/lib/gcc/x86_64-linux-gnu/13/../../../x86_64-linux-gnu/crti.o] ==> ignore
    arg [/usr/lib/gcc/x86_64-linux-gnu/13/crtbeginS.o] ==> ignore
    arg [-L/usr/lib/gcc/x86_64-linux-gnu/13] ==> dir [/usr/lib/gcc/x86_64-linux-gnu/13]
    arg [-L/usr/lib/gcc/x86_64-linux-gnu/13/../../../x86_64-linux-gnu] ==> dir [/usr/lib/gcc/x86_64-linux-gnu/13/../../../x86_64-linux-gnu]
    arg [-L/usr/lib/gcc/x86_64-linux-gnu/13/../../../../lib] ==> dir [/usr/lib/gcc/x86_64-linux-gnu/13/../../../../lib]
    arg [-L/lib/x86_64-linux-gnu] ==> dir [/lib/x86_64-linux-gnu]
    arg [-L/lib/../lib] ==> dir [/lib/../lib]
    arg [-L/usr/lib/x86_64-linux-gnu] ==> dir [/usr/lib/x86_64-linux-gnu]
    arg [-L/usr/lib/../lib] ==> dir [/usr/lib/../lib]
    arg [-L/usr/lib/gcc/x86_64-linux-gnu/13/../../..] ==> dir [/usr/lib/gcc/x86_64-linux-gnu/13/../../..]
    arg [CMakeFiles/cmTC_10147.dir/CMakeCXXCompilerABI.cpp.o] ==> ignore
    arg [-lstdc++] ==> lib [stdc++]
    arg [-lm] ==> lib [m]
    arg [-lgcc_s] ==> lib [gcc_s]
    arg [-lgcc] ==> lib [gcc]
    arg [-lc] ==> lib [c]
    arg [-lgcc_s] ==> lib [gcc_s]
    arg [-lgcc] ==> lib [gcc]
    arg [/usr/lib/gcc/x86_64-linux-gnu/13/crtendS.o] ==> ignore
    arg [/usr/lib/gcc/x86_64-linux-gnu/13/../../../x86_64-linux-gnu/crtn.o] ==> ignore
  collapse library dir [/usr/lib/gcc/x86_64-linux-gnu/13] ==> [/usr/lib/gcc/x86_64-linux-gnu/13]
  collapse library dir [/usr/lib/gcc/x86_64-linux-gnu/13/../../../x86_64-linux-gnu] ==> [/usr/lib/x86_64-linux-gnu]
  collapse library dir [/usr/lib/gcc/x86_64-linux-gnu/13/../../../../lib] ==> [/usr/lib]
  collapse library dir [/lib/x86_64-linux-gnu] ==> [/lib/x86_64-linux-gnu]
  collapse library dir [/lib/../lib] ==> [/lib]
  collapse library dir [/usr/lib/x86_64-linux-gnu] ==> [/usr/lib/x86_64-linux-gnu]
  collapse library dir [/usr/lib/../lib] ==> [/usr/lib]
  collapse library dir [/usr/lib/gcc/x86_64-linux-gnu/13/../../..] ==> [/usr/lib]
  implicit libs: [stdc++;m;gcc_s;gcc;c;gcc_s;gcc]
  implicit dirs: [/usr/lib/gcc/x86_64-linux-gnu/13;/usr/lib/x86_64-linux-gnu;/usr/lib;/lib/x86_64-linux-gnu;/lib]
  implicit fwks: []


The system is: Linux - 4.4.0-19041-Microsoft - x86_64
Compiling the C compiler identification source file "CMakeCCompilerId.c" succeeded.
Compiler: /usr/bin/cc 
Build flags: 
Id flags:  

The output was:
0


Compilation of the C compiler identification source "CMakeCCompilerId.c" produced "a.out"

The C compiler identification is GNU, found in "/home/dachuo/build/CMakeFiles/3.16.3/CompilerIdC/a.out"

Compiling the CXX compiler identification source file "CMakeCXXCompilerId.cpp" succeeded.
Compiler: /usr/bin/c++ 
Build flags: 
Id flags:  

The output was:
0


Compilation of the CXX compiler identification source "CMakeCXXCompilerId.cpp" produced "a.out"

The CXX compiler identification is GNU, found in "/home/dachuo/build/CMakeFiles/3.16.3/CompilerIdCXX/a.out"

Determining if the C compiler works passed with the following output:
Change Dir: /home/dachuo/build/CMakeFiles/CMakeTmp

Run Build Command(s):/usr/bin/make cmTC_94a79/fast && /usr/bin/make -f CMakeFiles/cmTC_94a79.dir/build.make CMakeFiles/cmTC_94a79.dir/build
make[1]: Entering directory '/home/dachuo/build/CMakeFiles/CMakeTmp'
Building C object CMakeFiles/cmTC_94a79.dir/testCCompiler.c.o
/usr/bin/cc    -o CMakeFiles/cmTC_94a79.dir/testCCompiler.c.o   -c /home/dachuo/build/CMakeFiles/CMakeTmp/testCCompiler.c
Linking C executable cmTC_94a79
/usr/bin/cmake -E cmake_link_script CMakeFiles/cmTC_94a79.dir/link.txt --verbose=1
/usr/bin/cc      CMakeFiles/cmTC_94a79.dir/testCCompiler.c.o  -o cmTC_94a79 
make[1]: Leaving directory '/home/dachuo/build/CMakeFiles/CMakeTmp'



Detecting C compiler ABI info compiled with the following output:
Change Dir: /home/dachuo/build/CMakeFiles/CMakeTmp

Run Build Command(s):/usr/bin/make cmTC_c891c/fast && /usr/bin/make -f CMakeFiles/cmTC_c891c.dir/build.make CMakeFiles/cmTC_c891c.dir/build
make[1]: Entering directory '/home/dachuo/build/CMakeFiles/CMakeTmp'
Building C object CMakeFiles/cmTC_c891c.dir/CMakeCCompilerABI.c.o
/usr/bin/cc   -v -o CMakeFiles/cmTC_c891c.dir/CMakeCCompilerABI.c.o   -c /usr/share/cmake-3.16/Modules/CMakeCCompilerABI.c
Using built-in specs.
COLLECT_GCC=/usr/bin/cc
Target: x86_64-linux-gnu
Configured with: ../src/configure -v --with-pkgversion='Ubuntu 13.1.0-8ubuntu1~20.04.2' --with-bugurl=file:///usr/share/doc/gcc-13/README.Bugs --enable-languages=c,ada,c++,go,d,fortran,objc,obj-c++,m2,rust --prefix=/usr --with-gcc-major-version-only --program-suffix=-13 --program-prefix=x86_64-linux-gnu- --enable-shared --enable-linker-build-id --libexecdir=/usr/libexec --without-included-gettext --enable-threads=posix --libdir=/usr/lib --enable-nls --enable-clocale=gnu --enable-libstdcxx-debug --enable-libstdcxx-time=yes --with-default-libstdcxx-abi=new --enable-gnu-unique-object --disable-vtable-verify --enable-plugin --enable-default-pie --with-system-zlib --enable-libphobos-checking=release --with-target-system-zlib=auto --enable-objc-gc=auto --enable-multiarch --disable-werror --enable-cet --with-arch-32=i686 --with-abi=m64 --with-multilib-list=m32,m64,mx32 --enable-multilib --with-tune=generic --enable-checking=release --build=x86_64-linux-gnu --host=x86_64-linux-gnu --target=x86_64-linux-gnu
Thread model: posix
Supported LTO compression algorithms: zlib zstd
gcc version 13.1.0 (Ubuntu 13.1.0-8ubuntu1~20.04.2) 
COLLECT_GCC_OPTIONS='-v' '-o' 'CMakeFiles/cmTC_c891c.dir/CMakeCCompilerABI.c.o' '-c' '-mtune=generic' '-march=x86-64' '-dumpdir' 'CMakeFiles/cmTC_c891c.dir/'
 /usr/libexec/gcc/x86_64-linux-gnu/13/cc1 -quiet -v -imultiarch x86_64-linux-gnu /usr/share/cmake-3.16/Modules/CMakeCCompilerABI.c -quiet -dumpdir CMakeFiles/cmTC_c891c.dir/ -dumpbase CMakeCCompilerABI.c.c -dumpbase-ext .c -mtune=generic -march=x86-64 -version -fasynchronous-unwind-tables -fstack-protector-strong -Wformat -Wformat-security -fstack-clash-protection -fcf-protection -o /tmp/ccjgBKRH.s
GNU C17 (Ubuntu 13.1.0-8ubuntu1~20.04.2) version 13.1.0 (x86_64-linux-gnu)
	compiled by GNU C version 13.1.0, GMP version 6.2.0, MPFR version 4.0.2, MPC version 1.1.0, isl version isl-0.22.1-GMP

GGC heuristics: --param ggc-min-expand=100 --param ggc-min-heapsize=131072
ignoring nonexistent directory "/usr/local/include/x86_64-linux-gnu"
ignoring nonexistent directory "/usr/lib/gcc/x86_64-linux-gnu/13/include-fixed/x86_64-linux-gnu"
ignoring nonexistent directory "/usr/lib/gcc/x86_64-linux-gnu/13/include-fixed"
ignoring nonexistent directory "/usr/lib/gcc/x86_64-linux-gnu/13/../../../../x86_64-linux-gnu/include"
#include "..." search starts here:
#include <...> search starts here:
 /usr/lib/gcc/x86_64-linux-gnu/13/include
 /usr/local/include
 /usr/include/x86_64-linux-gnu
 /usr/include
End of search list.
Compiler executable checksum: f0b3c90e0f11c3d406d33a12053911f6
COLLECT_GCC_OPTIONS='-v' '-o' 'CMakeFiles/cmTC_c891c.dir/CMakeCCompilerABI.c.o' '-c' '-mtune=generic' '-march=x86-64' '-dumpdir' 'CMakeFiles/cmTC_c891c.dir/'
 as -v --64 -o CMakeFiles/cmTC_c891c.dir/CMakeCCompilerABI.c.o /tmp/ccjgBKRH.s
GNU assembler version 2.34 (x86_64-linux-gnu) using BFD version (GNU Binutils for Ubuntu) 2.34
COMPILER_PATH=/usr/libexec/gcc/x86_64-linux-gnu/13/:/usr/libexec/gcc/x86_64-linux-gnu/13/:/usr/libexec/gcc/x86_64-linux-gnu/:/usr/lib/gcc/x86_64-linux-gnu/13/:/usr/lib/gcc/x86_64-linux-gnu/
LIBRARY_PATH=/usr/lib/gcc/x86_64-linux-gnu/13/:/usr/lib/gcc/x86_64-linux-gnu/13/../../../x86_64-linux-gnu/:/usr/lib/gcc/x86_64-linux-gnu/13/../../../../lib/:/lib/x86_64-linux-gnu/:/lib/../lib/:/usr/lib/x86_64-linux-gnu/:/usr/lib/../lib/:/usr/lib/gcc/x86_64-linux-gnu/13/../../../:/lib/:/usr/lib/
COLLECT_GCC_OPTIONS='-v' '-o' 'CMakeFiles/cmTC_c891c.dir/CMakeCCompilerABI.c.o' '-c' '-mtune=generic' '-march=x86-64' '-dumpdir' 'CMakeFiles/cmTC_c891c.dir/CMakeCCompilerABI.c.'
Linking C executable cmTC_c891c
/usr/bin/cmake -E cmake_link_script CMakeFiles/cmTC_c891c.dir/link.txt --verbose=1
/usr/bin/cc     -v CMakeFiles/cmTC_c891c.dir/CMakeCCompilerABI.c.o  -o cmTC_c891c 
Using built-in specs.
COLLECT_GCC=/usr/bin/cc
COLLECT_LTO_WRAPPER=/usr/libexec/gcc/x86_64-linux-gnu/13/lto-wrapper
Target: x86_64-linux-gnu
Configured with: ../src/configure -v --with-pkgversion='Ubuntu 13.1.0-8ubuntu1~20.04.2' --with-bugurl=file:///usr/share/doc/gcc-13/README.Bugs --enable-languages=c,ada,c++,go,d,fortran,objc,obj-c++,m2,rust --prefix=/usr --with-gcc-major-version-only --program-suffix=-13 --program-prefix=x86_64-linux-gnu- --enable-shared --enable-linker-build-id --libexecdir=/usr/libexec --without-included-gettext --enable-threads=posix --libdir=/usr/lib --enable-nls --enable-clocale=gnu --enable-libstdcxx-debug --enable-libstdcxx-time=yes --with-default-libstdcxx-abi=new --enable-gnu-unique-object --disable-vtable-verify --enable-plugin --enable-default-pie --with-system-zlib --enable-libphobos-checking=release --with-target-system-zlib=auto --enable-objc-gc=auto --enable-multiarch --disable-werror --enable-cet --with-arch-32=i686 --with-abi=m64 --with-multilib-list=m32,m64,mx32 --enable-multilib --with-tune=generic --enable-checking=release --build=x86_64-linux-gnu --host=x86_64-linux-gnu --target=x86_64-linux-gnu
Thread model: posix
Supported LTO compression algorithms: zlib zstd
gcc version 13.1.0 (Ubuntu 13.1.0-8ubuntu1~20.04.2) 
COMPILER_PATH=/usr/libexec/gcc/x86_64-linux-gnu/13/:/usr/libexec/gcc/x86_64-linux-gnu/13/:/usr/libexec/gcc/x86_64-linux-gnu/:/usr/lib/gcc/x86_64-linux-gnu/13/:/usr/lib/gcc/x86_64-linux-gnu/
LIBRARY_PATH=/usr/lib/gcc/x86_64-linux-gnu/13/:/usr/lib/gcc/x86_64-linux-gnu/13/../../../x86_64-linux-gnu/:/usr/lib/gcc/x86_64-linux-gnu/13/../../../../lib/:/lib/x86_64-linux-gnu/:/lib/../lib/:/usr/lib/x86_64-linux-gnu/:/usr/lib/../lib/:/usr/lib/gcc/x86_64-linux-gnu/13/../../../:/lib/:/usr/lib/
COLLECT_GCC_OPTIONS='-v' '-o' 'cmTC_c891c' '-mtune=generic' '-march=x86-64' '-dumpdir' 'cmTC_c891c.'
 /usr/libexec/gcc/x86_64-linux-gnu/13/collect2 -plugin /usr/libexec/gcc/x86_64-linux-gnu/13/liblto_plugin.so -plugin-opt=/usr/libexec/gcc/x86_64-linux-gnu/13/lto-wrapper -plugin-opt=-fresolution=/tmp/ccumgwDc.res -plugin-opt=-pass-through=-lgcc -plugin-opt=-pass-through=-lgcc_s -plugin-opt=-pass-through=-lc -plugin-opt=-pass-through=-lgcc -plugin-opt=-pass-through=-lgcc_s --build-id --eh-frame-hdr -m elf_x86_64 --hash-style=gnu --as-needed -dynamic-linker /lib64/ld-linux-x86-64.so.2 -pie -z now -z relro -o cmTC_c891c /usr/lib/gcc/x86_64-linux-gnu/13/../../../x86_64-linux-gnu/Scrt1.o /usr/lib/gcc/x86_64-linux-gnu/13/../../../x86_64-linux-gnu/crti.o /usr/lib/gcc/x86_64-linux-gnu/13/crtbeginS.o -L/usr/lib/gcc/x86_64-linux-gnu/13 -L/usr/lib/gcc/x86_64-linux-gnu/13/../../../x86_64-linux-gnu -L/usr/lib/gcc/x86_64-linux-gnu/13/../../../../lib -L/lib/x86_64-linux-gnu -L/lib/../lib -L/usr/lib/x86_64-linux-gnu -L/usr/lib/../lib -L/usr/lib/gcc/x86_64-linux-gnu/13/../../.. CMakeFiles/cmTC_c891c.dir/CMakeCCompilerABI.c.o -lgcc --push-state --as-needed -lgcc_s --pop-state -lc -lgcc --push-state --as-needed -lgcc_s --pop-state /usr/lib/gcc/x86_64-linux-gnu/13/crtendS.o /usr/lib/gcc/x86_64-linux-gnu/13/../../../x86_64-linux-gnu/crtn.o
COLLECT_GCC_OPTIONS='-v' '-o' 'cmTC_c891c' '-mtune=generic' '-march=x86-64' '-dumpdir' 'cmTC_c891c.'
make[1]: Leaving directory '/home/dachuo/build/CMakeFiles/CMakeTmp'



Parsed C implicit include dir info from above output: rv=done
  found start of include info
  found start of implicit include info
    add: [/usr/lib/gcc/x86_64-linux-gnu/13/include]
    add: [/usr/local/include]
    add: [/usr/include/x86_64-linux-gnu]
    add: [/usr/include]
  end of search list found
  collapse include dir [/usr/lib/gcc/x86_64-linux-gnu/13/include] ==> [/usr/lib/gcc/x86_64-linux-gnu/13/include]
  collapse include dir [/usr/local/include] ==> [/usr/local/include]
  collapse include dir [/usr/include/x86_64-linux-gnu] ==> [/usr/include/x86_64-linux-gnu]
  collapse include dir [/usr/include] ==> [/usr/include]
  implicit include dirs: [/usr/lib/gcc/x86_64-linux-gnu/13/include;/usr/local/include;/usr/include/x86_64-linux-gnu;/usr/include]


Parsed C implicit link information from above output:
  link line regex: [^( *|.*[/\])(ld|CMAKE_LINK_STARTFILE-NOTFOUND|([^/\]+-)?ld|collect2)[^/\]*( |$)]
  ignore line: [Change Dir: /home/dachuo/build/CMakeFiles/CMakeTmp]
  ignore line: []
  ignore line: [Run Build Command(s):/usr/bin/make cmTC_c891c/fast && /usr/bin/make -f CMakeFiles/cmTC_c891c.dir/build.make CMakeFiles/cmTC_c891c.dir/build]
  ignore line: [make[1]: Entering directory '/home/dachuo/build/CMakeFiles/CMakeTmp']
  ignore line: [Building C object CMakeFiles/cmTC_c891c.dir/CMakeCCompilerABI.c.o]
  ignore line: [/usr/bin/cc   -v -o CMakeFiles/cmTC_c891c.dir/CMakeCCompilerABI.c.o   -c /usr/share/cmake-3.16/Modules/CMakeCCompilerABI.c]
  ignore line: [Using built-in specs.]
  ignore line: [COLLECT_GCC=/usr/bin/cc]
  ignore line: [Target: x86_64-linux-gnu]
  ignore line: [Configured with: ../src/configure -v --with-pkgversion='Ubuntu 13.1.0-8ubuntu1~20.04.2' --with-bugurl=file:///usr/share/doc/gcc-13/README.Bugs --enable-languages=c ada c++ go d fortran objc obj-c++ m2 rust --prefix=/usr --with-gcc-major-version-only --program-suffix=-13 --program-prefix=x86_64-linux-gnu- --enable-shared --enable-linker-build-id --libexecdir=/usr/libexec --without-included-gettext --enable-threads=posix --libdir=/usr/lib --enable-nls --enable-clocale=gnu --enable-libstdcxx-debug --enable-libstdcxx-time=yes --with-default-libstdcxx-abi=new --enable-gnu-unique-object --disable-vtable-verify --enable-plugin --enable-default-pie --with-system-zlib --enable-libphobos-checking=release --with-target-system-zlib=auto --enable-objc-gc=auto --enable-multiarch --disable-werror --enable-cet --with-arch-32=i686 --with-abi=m64 --with-multilib-list=m32 m64 mx32 --enable-multilib --with-tune=generic --enable-checking=release --build=x86_64-linux-gnu --host=x86_64-linux-gnu --target=x86_64-linux-gnu]
  ignore line: [Thread model: posix]
  ignore line: [Supported LTO compression algorithms: zlib zstd]
  ignore line: [gcc version 13.1.0 (Ubuntu 13.1.0-8ubuntu1~20.04.2) ]
  ignore line: [COLLECT_GCC_OPTIONS='-v' '-o' 'CMakeFiles/cmTC_c891c.dir/CMakeCCompilerABI.c.o' '-c' '-mtune=generic' '-march=x86-64' '-dumpdir' 'CMakeFiles/cmTC_c891c.dir/']
  ignore line: [ /usr/libexec/gcc/x86_64-linux-gnu/13/cc1 -quiet -v -imultiarch x86_64-linux-gnu /usr/share/cmake-3.16/Modules/CMakeCCompilerABI.c -quiet -dumpdir CMakeFiles/cmTC_c891c.dir/ -dumpbase CMakeCCompilerABI.c.c -dumpbase-ext .c -mtune=generic -march=x86-64 -version -fasynchronous-unwind-tables -fstack-protector-strong -Wformat -Wformat-security -fstack-clash-protection -fcf-protection -o /tmp/ccjgBKRH.s]
  ignore line: [GNU C17 (Ubuntu 13.1.0-8ubuntu1~20.04.2) version 13.1.0 (x86_64-linux-gnu)]
  ignore line: [	compiled by GNU C version 13.1.0  GMP version 6.2.0  MPFR version 4.0.2  MPC version 1.1.0  isl version isl-0.22.1-GMP]
  ignore line: []
  ignore line: [GGC heuristics: --param ggc-min-expand=100 --param ggc-min-heapsize=131072]
  ignore line: [ignoring nonexistent directory "/usr/local/include/x86_64-linux-gnu"]
  ignore line: [ignoring nonexistent directory "/usr/lib/gcc/x86_64-linux-gnu/13/include-fixed/x86_64-linux-gnu"]
  ignore line: [ignoring nonexistent directory "/usr/lib/gcc/x86_64-linux-gnu/13/include-fixed"]
  ignore line: [ignoring nonexistent directory "/usr/lib/gcc/x86_64-linux-gnu/13/../../../../x86_64-linux-gnu/include"]
  ignore line: [#include "..." search starts here:]
  ignore line: [#include <...> search starts here:]
  ignore line: [ /usr/lib/gcc/x86_64-linux-gnu/13/include]
  ignore line: [ /usr/local/include]
  ignore line: [ /usr/include/x86_64-linux-gnu]
  ignore line: [ /usr/include]
  ignore line: [End of search list.]
  ignore line: [Compiler executable checksum: f0b3c90e0f11c3d406d33a12053911f6]
  ignore line: [COLLECT_GCC_OPTIONS='-v' '-o' 'CMakeFiles/cmTC_c891c.dir/CMakeCCompilerABI.c.o' '-c' '-mtune=generic' '-march=x86-64' '-dumpdir' 'CMakeFiles/cmTC_c891c.dir/']
  ignore line: [ as -v --64 -o CMakeFiles/cmTC_c891c.dir/CMakeCCompilerABI.c.o /tmp/ccjgBKRH.s]
  ignore line: [GNU assembler version 2.34 (x86_64-linux-gnu) using BFD version (GNU Binutils for Ubuntu) 2.34]
  ignore line: [COMPILER_PATH=/usr/libexec/gcc/x86_64-linux-gnu/13/:/usr/libexec/gcc/x86_64-linux-gnu/13/:/usr/libexec/gcc/x86_64-linux-gnu/:/usr/lib/gcc/x86_64-linux-gnu/13/:/usr/lib/gcc/x86_64-linux-gnu/]
  ignore line: [LIBRARY_PATH=/usr/lib/gcc/x86_64-linux-gnu/13/:/usr/lib/gcc/x86_64-linux-gnu/13/../../../x86_64-linux-gnu/:/usr/lib/gcc/x86_64-linux-gnu/13/../../../../lib/:/lib/x86_64-linux-gnu/:/lib/../lib/:/usr/lib/x86_64-linux-gnu/:/usr/lib/../lib/:/usr/lib/gcc/x86_64-linux-gnu/13/../../../:/lib/:/usr/lib/]
  ignore line: [COLLECT_GCC_OPTIONS='-v' '-o' 'CMakeFiles/cmTC_c891c.dir/CMakeCCompilerABI.c.o' '-c' '-mtune=generic' '-march=x86-64' '-dumpdir' 'CMakeFiles/cmTC_c891c.dir/CMakeCCompilerABI.c.']
  ignore line: [Linking C executable cmTC_c891c]
  ignore line: [/usr/bin/cmake -E cmake_link_script CMakeFiles/cmTC_c891c.dir/link.txt --verbose=1]
  ignore line: [/usr/bin/cc     -v CMakeFiles/cmTC_c891c.dir/CMakeCCompilerABI.c.o  -o cmTC_c891c ]
  ignore line: [Using built-in specs.]
  ignore line: [COLLECT_GCC=/usr/bin/cc]
  ignore line: [COLLECT_LTO_WRAPPER=/usr/libexec/gcc/x86_64-linux-gnu/13/lto-wrapper]
  ignore line: [Target: x86_64-linux-gnu]
  ignore line: [Configured with: ../src/configure -v --with-pkgversion='Ubuntu 13.1.0-8ubuntu1~20.04.2' --with-bugurl=file:///usr/share/doc/gcc-13/README.Bugs --enable-languages=c ada c++ go d fortran objc obj-c++ m2 rust --prefix=/usr --with-gcc-major-version-only --program-suffix=-13 --program-prefix=x86_64-linux-gnu- --enable-shared --enable-linker-build-id --libexecdir=/usr/libexec --without-included-gettext --enable-threads=posix --libdir=/usr/lib --enable-nls --enable-clocale=gnu --enable-libstdcxx-debug --enable-libstdcxx-time=yes --with-default-libstdcxx-abi=new --enable-gnu-unique-object --disable-vtable-verify --enable-plugin --enable-default-pie --with-system-zlib --enable-libphobos-checking=release --with-target-system-zlib=auto --enable-objc-gc=auto --enable-multiarch --disable-werror --enable-cet --with-arch-32=i686 --with-abi=m64 --with-multilib-list=m32 m64 mx32 --enable-multilib --with-tune=generic --enable-checking=release --build=x86_64-linux-gnu --host=x86_64-linux-gnu --target=x86_64-linux-gnu]
  ignore line: [Thread model: posix]
  ignore line: [Supported LTO compression algorithms: zlib zstd]
  ignore line: [gcc version 13.1.0 (Ubuntu 13.1.0-8ubuntu1~20.04.2) ]
  ignore line: [COMPILER_PATH=/usr/libexec/gcc/x86_64-linux-gnu/13/:/usr/libexec/gcc/x86_64-linux-gnu/13/:/usr/libexec/gcc/x86_64-linux-gnu/:/usr/lib/gcc/x86_64-linux-gnu/13/:/usr/lib/gcc/x86_64-linux-gnu/]
  ignore line: [LIBRARY_PATH=/usr/lib/gcc/x86_64-linux-gnu/13/:/usr/lib/gcc/x86_64-linux-gnu/13/../../../x86_64-linux-gnu/:/usr/lib/gcc/x86_64-linux-gnu/13/../../../../lib/:/lib/x86_64-linux-gnu/:/lib/../lib/:/usr/lib/x86_64-linux-gnu/:/usr/lib/../lib/:/usr/lib/gcc/x86_64-linux-gnu/13/../../../:/lib/:/usr/lib/]
  ignore line: [COLLECT_GCC_OPTIONS='-v' '-o' 'cmTC_c891c' '-mtune=generic' '-march=x86-64' '-dumpdir' 'cmTC_c891c.']
  link line: [ /usr/libexec/gcc/x86_64-linux-gnu/13/collect2 -plugin /usr/libexec/gcc/x86_64-linux-gnu/13/liblto_plugin.so -plugin-opt=/usr/libexec/gcc/x86_64-linux-gnu/13/lto-wrapper -plugin-opt=-fresolution=/tmp/ccumgwDc.res -plugin-opt=-pass-through=-lgcc -plugin-opt=-pass-through=-lgcc_s -plugin-opt=-pass-through=-lc -plugin-opt=-pass-through=-lgcc -plugin-opt=-pass-through=-lgcc_s --build-id --eh-frame-hdr -m elf_x86_64 --hash-style=gnu --as-needed -dynamic-linker /lib64/ld-linux-x86-64.so.2 -pie -z now -z relro -o cmTC_c891c /usr/lib/gcc/x86_64-linux-gnu/13/../../../x86_64-linux-gnu/Scrt1.o /usr/lib/gcc/x86_64-linux-gnu/13/../../../x86_64-linux-gnu/crti.o /usr/lib/gcc/x86_64-linux-gnu/13/crtbeginS.o -L/usr/lib/gcc/x86_64-linux-gnu/13 -L/usr/lib/gcc/x86_64-linux-gnu/13/../../../x86_64-linux-gnu -L/usr/lib/gcc/x86_64-linux-gnu/13/../../../../lib -L/lib/x86_64-linux-gnu -L/lib/../lib -L/usr/lib/x86_64-linux-gnu -L/usr/lib/../lib -L/usr/lib/gcc/x86_64-linux-gnu/13/../../.. CMakeFiles/cmTC_c891c.dir/CMakeCCompilerABI.c.o -lgcc --push-state --as-needed -lgcc_s --pop-state -lc -lgcc --push-state --as-needed -lgcc_s --pop-state /usr/lib/gcc/x86_64-linux-gnu/13/crtendS.o /usr/lib/gcc/x86_64-linux-gnu/13/../../../x86_64-linux-gnu/crtn.o]
    arg [/usr/libexec/gcc/x86_64-linux-gnu/13/collect2] ==> ignore
    arg [-plugin] ==> ignore
    arg [/usr/libexec/gcc/x86_64-linux-gnu/13/liblto_plugin.so] ==> ignore
    arg [-plugin-opt=/usr/libexec/gcc/x86_64-linux-gnu/13/lto-wrapper] ==> ignore
    arg [-plugin-opt=-fresolution=/tmp/ccumgwDc.res] ==> ignore
    arg [-plugin-opt=-pass-through=-lgcc] ==> ignore
    arg [-plugin-opt=-pass-through=-lgcc_s] ==> ignore
    arg [-plugin-opt=-pass-through=-lc] ==> ignore
    arg [-plugin-opt=-pass-through=-lgcc] ==> ignore
    arg [-plugin-opt=-pass-through=-lgcc_s] ==> ignore
    arg [--build-id] ==> ignore
    arg [--eh-frame-hdr] ==> ignore
    arg [-m] ==> ignore
    arg [elf_x86_64] ==> ignore
    arg [--hash-style=gnu] ==> ignore
    arg [--as-needed] ==> ignore
    arg [-dynamic-linker] ==> ignore
    arg [/lib64/ld-linux-x86-64.so.2] ==> ignore
    arg [-pie] ==> ignore
    arg [-znow] ==> ignore
    arg [-zrelro] ==> ignore
    arg [-o] ==> ignore
    arg [cmTC_c891c] ==> ignore
    arg [/usr/lib/gcc/x86_64-linux-gnu/13/../../../x86_64-linux-gnu/Scrt1.o] ==> ignore
    arg [/usr/lib/gcc/x86_64-linux-gnu/13/../../../x86_64-linux-gnu/crti.o] ==> ignore
    arg [/usr/lib/gcc/x86_64-linux-gnu/13/crtbeginS.o] ==> ignore
    arg [-L/usr/lib/gcc/x86_64-linux-gnu/13] ==> dir [/usr/lib/gcc/x86_64-linux-gnu/13]
    arg [-L/usr/lib/gcc/x86_64-linux-gnu/13/../../../x86_64-linux-gnu] ==> dir [/usr/lib/gcc/x86_64-linux-gnu/13/../../../x86_64-linux-gnu]
    arg [-L/usr/lib/gcc/x86_64-linux-gnu/13/../../../../lib] ==> dir [/usr/lib/gcc/x86_64-linux-gnu/13/../../../../lib]
    arg [-L/lib/x86_64-linux-gnu] ==> dir [/lib/x86_64-linux-gnu]
    arg [-L/lib/../lib] ==> dir [/lib/../lib]
    arg [-L/usr/lib/x86_64-linux-gnu] ==> dir [/usr/lib/x86_64-linux-gnu]
    arg [-L/usr/lib/../lib] ==> dir [/usr/lib/../lib]
    arg [-L/usr/lib/gcc/x86_64-linux-gnu/13/../../..] ==> dir [/usr/lib/gcc/x86_64-linux-gnu/13/../../..]
    arg [CMakeFiles/cmTC_c891c.dir/CMakeCCompilerABI.c.o] ==> ignore
    arg [-lgcc] ==> lib [gcc]
    arg [--push-state] ==> ignore
    arg [--as-needed] ==> ignore
    arg [-lgcc_s] ==> lib [gcc_s]
    arg [--pop-state] ==> ignore
    arg [-lc] ==> lib [c]
    arg [-lgcc] ==> lib [gcc]
    arg [--push-state] ==> ignore
    arg [--as-needed] ==> ignore
    arg [-lgcc_s] ==> lib [gcc_s]
    arg [--pop-state] ==> ignore
    arg [/usr/lib/gcc/x86_64-linux-gnu/13/crtendS.o] ==> ignore
    arg [/usr/lib/gcc/x86_64-linux-gnu/13/../../../x86_64-linux-gnu/crtn.o] ==> ignore
  collapse library dir [/usr/lib/gcc/x86_64-linux-gnu/13] ==> [/usr/lib/gcc/x86_64-linux-gnu/13]
  collapse library dir [/usr/lib/gcc/x86_64-linux-gnu/13/../../../x86_64-linux-gnu] ==> [/usr/lib/x86_64-linux-gnu]
  collapse library dir [/usr/lib/gcc/x86_64-linux-gnu/13/../../../../lib] ==> [/usr/lib]
  collapse library dir [/lib/x86_64-linux-gnu] ==> [/lib/x86_64-linux-gnu]
  collapse library dir [/lib/../lib] ==> [/lib]
  collapse library dir [/usr/lib/x86_64-linux-gnu] ==> [/usr/lib/x86_64-linux-gnu]
  collapse library dir [/usr/lib/../lib] ==> [/usr/lib]
  collapse library dir [/usr/lib/gcc/x86_64-linux-gnu/13/../../..] ==> [/usr/lib]
  implicit libs: [gcc;gcc_s;c;gcc;gcc_s]
  implicit dirs: [/usr/lib/gcc/x86_64-linux-gnu/13;/usr/lib/x86_64-linux-gnu;/usr/lib;/lib/x86_64-linux-gnu;/lib]
  implicit fwks: []


Determining if the CXX compiler works passed with the following output:
Change Dir: /home/dachuo/build/CMakeFiles/CMakeTmp

Run Build Command(s):/usr/bin/make cmTC_18a8e/fast && /usr/bin/make -f CMakeFiles/cmTC_18a8e.dir/build.make CMakeFiles/cmTC_18a8e.dir/build
make[1]: Entering directory '/home/dachuo/build/CMakeFiles/CMakeTmp'
Building CXX object CMakeFiles/cmTC_18a8e.dir/testCXXCompiler.cxx.o
/usr/bin/c++    -std=gnu++2a -o CMakeFiles/cmTC_18a8e.dir/testCXXCompiler.cxx.o -c /home/dachuo/build/CMakeFiles/CMakeTmp/testCXXCompiler.cxx
Linking CXX executable cmTC_18a8e
/usr/bin/cmake -E cmake_link_script CMakeFiles/cmTC_18a8e.dir/link.txt --verbose=1
/usr/bin/c++       CMakeFiles/cmTC_18a8e.dir/testCXXCompiler.cxx.o  -o cmTC_18a8e 
make[1]: Leaving directory '/home/dachuo/build/CMakeFiles/CMakeTmp'



Detecting CXX compiler ABI info compiled with the following output:
Change Dir: /home/dachuo/build/CMakeFiles/CMakeTmp

Run Build Command(s):/usr/bin/make cmTC_ba875/fast && /usr/bin/make -f CMakeFiles/cmTC_ba875.dir/build.make CMakeFiles/cmTC_ba875.dir/build
make[1]: Entering directory '/home/dachuo/build/CMakeFiles/CMakeTmp'
Building CXX object CMakeFiles/cmTC_ba875.dir/CMakeCXXCompilerABI.cpp.o
/usr/bin/c++    -v -std=gnu++2a -o CMakeFiles/cmTC_ba875.dir/CMakeCXXCompilerABI.cpp.o -c /usr/share/cmake-3.16/Modules/CMakeCXXCompilerABI.cpp
Using built-in specs.
COLLECT_GCC=/usr/bin/c++
Target: x86_64-linux-gnu
Configured with: ../src/configure -v --with-pkgversion='Ubuntu 13.1.0-8ubuntu1~20.04.2' --with-bugurl=file:///usr/share/doc/gcc-13/README.Bugs --enable-languages=c,ada,c++,go,d,fortran,objc,obj-c++,m2,rust --prefix=/usr --with-gcc-major-version-only --program-suffix=-13 --program-prefix=x86_64-linux-gnu- --enable-shared --enable-linker-build-id --libexecdir=/usr/libexec --without-included-gettext --enable-threads=posix --libdir=/usr/lib --enable-nls --enable-clocale=gnu --enable-libstdcxx-debug --enable-libstdcxx-time=yes --with-default-libstdcxx-abi=new --enable-gnu-unique-object --disable-vtable-verify --enable-plugin --enable-default-pie --with-system-zlib --enable-libphobos-checking=release --with-target-system-zlib=auto --enable-objc-gc=auto --enable-multiarch --disable-werror --enable-cet --with-arch-32=i686 --with-abi=m64 --with-multilib-list=m32,m64,mx32 --enable-multilib --with-tune=generic --enable-checking=release --build=x86_64-linux-gnu --host=x86_64-linux-gnu --target=x86_64-linux-gnu
Thread model: posix
Supported LTO compression algorithms: zlib zstd
gcc version 13.1.0 (Ubuntu 13.1.0-8ubuntu1~20.04.2) 
COLLECT_GCC_OPTIONS='-v' '-std=gnu++20' '-o' 'CMakeFiles/cmTC_ba875.dir/CMakeCXXCompilerABI.cpp.o' '-c' '-shared-libgcc' '-mtune=generic' '-march=x86-64' '-dumpdir' 'CMakeFiles/cmTC_ba875.dir/'
 /usr/libexec/gcc/x86_64-linux-gnu/13/cc1plus -quiet -v -imultiarch x86_64-linux-gnu -D_GNU_SOURCE /usr/share/cmake-3.16/Modules/CMakeCXXCompilerABI.cpp -quiet -dumpdir CMakeFiles/cmTC_ba875.dir/ -dumpbase CMakeCXXCompilerABI.cpp.cpp -dumpbase-ext .cpp -mtune=generic -march=x86-64 -std=gnu++20 -version -fasynchronous-unwind-tables -fstack-protector-strong -Wformat -Wformat-security -fstack-clash-protection -fcf-protection -o /tmp/ccR5BxVF.s
GNU C++20 (Ubuntu 13.1.0-8ubuntu1~20.04.2) version 13.1.0 (x86_64-linux-gnu)
	compiled by GNU C version 13.1.0, GMP version 6.2.0, MPFR version 4.0.2, MPC version 1.1.0, isl version isl-0.22.1-GMP

GGC heuristics: --param ggc-min-expand=100 --param ggc-min-heapsize=131072
ignoring duplicate directory "/usr/include/x86_64-linux-gnu/c++/13"
ignoring nonexistent directory "/usr/local/include/x86_64-linux-gnu"
ignoring nonexistent directory "/usr/lib/gcc/x86_64-linux-gnu/13/include-fixed/x86_64-linux-gnu"
ignoring nonexistent directory "/usr/lib/gcc/x86_64-linux-gnu/13/include-fixed"
ignoring nonexistent directory "/usr/lib/gcc/x86_64-linux-gnu/13/../../../../x86_64-linux-gnu/include"
#include "..." search starts here:
#include <...> search starts here:
 /usr/include/c++/13
 /usr/include/x86_64-linux-gnu/c++/13
 /usr/include/c++/13/backward
 /usr/lib/gcc/x86_64-linux-gnu/13/include
 /usr/local/include
 /usr/include/x86_64-linux-gnu
 /usr/include
End of search list.
Compiler executable checksum: 391880e3be75f4e1ac78bddcb50fff0c
COLLECT_GCC_OPTIONS='-v' '-std=gnu++20' '-o' 'CMakeFiles/cmTC_ba875.dir/CMakeCXXCompilerABI.cpp.o' '-c' '-shared-libgcc' '-mtune=generic' '-march=x86-64' '-dumpdir' 'CMakeFiles/cmTC_ba875.dir/'
 as -v --64 -o CMakeFiles/cmTC_ba875.dir/CMakeCXXCompilerABI.cpp.o /tmp/ccR5BxVF.s
GNU assembler version 2.34 (x86_64-linux-gnu) using BFD version (GNU Binutils for Ubuntu) 2.34
COMPILER_PATH=/usr/libexec/gcc/x86_64-linux-gnu/13/:/usr/libexec/gcc/x86_64-linux-gnu/13/:/usr/libexec/gcc/x86_64-linux-gnu/:/usr/lib/gcc/x86_64-linux-gnu/13/:/usr/lib/gcc/x86_64-linux-gnu/
LIBRARY_PATH=/usr/lib/gcc/x86_64-linux-gnu/13/:/usr/lib/gcc/x86_64-linux-gnu/13/../../../x86_64-linux-gnu/:/usr/lib/gcc/x86_64-linux-gnu/13/../../../../lib/:/lib/x86_64-linux-gnu/:/lib/../lib/:/usr/lib/x86_64-linux-gnu/:/usr/lib/../lib/:/usr/lib/gcc/x86_64-linux-gnu/13/../../../:/lib/:/usr/lib/
COLLECT_GCC_OPTIONS='-v' '-std=gnu++20' '-o' 'CMakeFiles/cmTC_ba875.dir/CMakeCXXCompilerABI.cpp.o' '-c' '-shared-libgcc' '-mtune=generic' '-march=x86-64' '-dumpdir' 'CMakeFiles/cmTC_ba875.dir/CMakeCXXCompilerABI.cpp.'
Linking CXX executable cmTC_ba875
/usr/bin/cmake -E cmake_link_script CMakeFiles/cmTC_ba875.dir/link.txt --verbose=1
/usr/bin/c++      -v CMakeFiles/cmTC_ba875.dir/CMakeCXXCompilerABI.cpp.o  -o cmTC_ba875 
Using built-in specs.
COLLECT_GCC=/usr/bin/c++
COLLECT_LTO_WRAPPER=/usr/libexec/gcc/x86_64-linux-gnu/13/lto-wrapper
Target: x86_64-linux-gnu
Configured with: ../src/configure -v --with-pkgversion='Ubuntu 13.1.0-8ubuntu1~20.04.2' --with-bugurl=file:///usr/share/doc/gcc-13/README.Bugs --enable-languages=c,ada,c++,go,d,fortran,objc,obj-c++,m2,rust --prefix=/usr --with-gcc-major-version-only --program-suffix=-13 --program-prefix=x86_64-linux-gnu- --enable-shared --enable-linker-build-id --libexecdir=/usr/libexec --without-included-gettext --enable-threads=posix --libdir=/usr/lib --enable-nls --enable-clocale=gnu --enable-libstdcxx-debug --enable-libstdcxx-time=yes --with-default-libstdcxx-abi=new --enable-gnu-unique-object --disable-vtable-verify --enable-plugin --enable-default-pie --with-system-zlib --enable-libphobos-checking=release --with-target-system-zlib=auto --enable-objc-gc=auto --enable-multiarch --disable-werror --enable-cet --with-arch-32=i686 --with-abi=m64 --with-multilib-list=m32,m64,mx32 --enable-multilib --with-tune=generic --enable-checking=release --build=x86_64-linux-gnu --host=x86_64-linux-gnu --target=x86_64-linux-gnu
Thread model: posix
Supported LTO compression algorithms: zlib zstd
gcc version 13.1.0 (Ubuntu 13.1.0-8ubuntu1~20.04.2) 
COMPILER_PATH=/usr/libexec/gcc/x86_64-linux-gnu/13/:/usr/libexec/gcc/x86_64-linux-gnu/13/:/usr/libexec/gcc/x86_64-linux-gnu/:/usr/lib/gcc/x86_64-linux-gnu/13/:/usr/lib/gcc/x86_64-linux-gnu/
LIBRARY_PATH=/usr/lib/gcc/x86_64-linux-gnu/13/:/usr/lib/gcc/x86_64-linux-gnu/13/../../../x86_64-linux-gnu/:/usr/lib/gcc/x86_64-linux-gnu/13/../../../../lib/:/lib/x86_64-linux-gnu/:/lib/../lib/:/usr/lib/x86_64-linux-gnu/:/usr/lib/../lib/:/usr/lib/gcc/x86_64-linux-gnu/13/../../../:/lib/:/usr/lib/
COLLECT_GCC_OPTIONS='-v' '-o' 'cmTC_ba875' '-shared-libgcc' '-mtune=generic' '-march=x86-64' '-dumpdir' 'cmTC_ba875.'
 /usr/libexec/gcc/x86_64-linux-gnu/13/collect2 -plugin /usr/libexec/gcc/x86_64-linux-gnu/13/liblto_plugin.so -plugin-opt=/usr/libexec/gcc/x86_64-linux-gnu/13/lto-wrapper -plugin-opt=-fresolution=/tmp/ccjprDa9.res -plugin-opt=-pass-through=-lgcc_s -plugin-opt=-pass-through=-lgcc -plugin-opt=-pass-through=-lc -plugin-opt=-pass-through=-lgcc_s -plugin-opt=-pass-through=-lgcc --build-id --eh-frame-hdr -m elf_x86_64 --hash-style=gnu --as-needed -dynamic-linker /lib64/ld-linux-x86-64.so.2 -pie -z now -z relro -o cmTC_ba875 /usr/lib/gcc/x86_64-linux-gnu/13/../../../x86_64-linux-gnu/Scrt1.o /usr/lib/gcc/x86_64-linux-gnu/13/../../../x86_64-linux-gnu/crti.o /usr/lib/gcc/x86_64-linux-gnu/13/crtbeginS.o -L/usr/lib/gcc/x86_64-linux-gnu/13 -L/usr/lib/gcc/x86_64-linux-gnu/13/../../../x86_64-linux-gnu -L/usr/lib/gcc/x86_64-linux-gnu/13/../../../../lib -L/lib/x86_64-linux-gnu -L/lib/../lib -L/usr/lib/x86_64-linux-gnu -L/usr/lib/../lib -L/usr/lib/gcc/x86_64-linux-gnu/13/../../.. CMakeFiles/cmTC_ba875.dir/CMakeCXXCompilerABI.cpp.o -lstdc++ -lm -lgcc_s -lgcc -lc -lgcc_s -lgcc /usr/lib/gcc/x86_64-linux-gnu/13/crtendS.o /usr/lib/gcc/x86_64-linux-gnu/13/../../../x86_64-linux-gnu/crtn.o
COLLECT_GCC_OPTIONS='-v' '-o' 'cmTC_ba875' '-shared-libgcc' '-mtune=generic' '-march=x86-64' '-dumpdir' 'cmTC_ba875.'
make[1]: Leaving directory '/home/dachuo/build/CMakeFiles/CMakeTmp'



Parsed CXX implicit include dir info from above output: rv=done
  found start of include info
  found start of implicit include info
    add: [/usr/include/c++/13]
    add: [/usr/include/x86_64-linux-gnu/c++/13]
    add: [/usr/include/c++/13/backward]
    add: [/usr/lib/gcc/x86_64-linux-gnu/13/include]
    add: [/usr/local/include]
    add: [/usr/include/x86_64-linux-gnu]
    add: [/usr/include]
  end of search list found
  collapse include dir [/usr/include/c++/13] ==> [/usr/include/c++/13]
  collapse include dir [/usr/include/x86_64-linux-gnu/c++/13] ==> [/usr/include/x86_64-linux-gnu/c++/13]
  collapse include dir [/usr/include/c++/13/backward] ==> [/usr/include/c++/13/backward]
  collapse include dir [/usr/lib/gcc/x86_64-linux-gnu/13/include] ==> [/usr/lib/gcc/x86_64-linux-gnu/13/include]
  collapse include dir [/usr/local/include] ==> [/usr/local/include]
  collapse include dir [/usr/include/x86_64-linux-gnu] ==> [/usr/include/x86_64-linux-gnu]
  collapse include dir [/usr/include] ==> [/usr/include]
  implicit include dirs: [/usr/include/c++/13;/usr/include/x86_64-linux-gnu/c++/13;/usr/include/c++/13/backward;/usr/lib/gcc/x86_64-linux-gnu/13/include;/usr/local/include;/usr/include/x86_64-linux-gnu;/usr/include]


Parsed CXX implicit link information from above output:
  link line regex: [^( *|.*[/\])(ld|CMAKE_LINK_STARTFILE-NOTFOUND|([^/\]+-)?ld|collect2)[^/\]*( |$)]
  ignore line: [Change Dir: /home/dachuo/build/CMakeFiles/CMakeTmp]
  ignore line: []
  ignore line: [Run Build Command(s):/usr/bin/make cmTC_ba875/fast && /usr/bin/make -f CMakeFiles/cmTC_ba875.dir/build.make CMakeFiles/cmTC_ba875.dir/build]
  ignore line: [make[1]: Entering directory '/home/dachuo/build/CMakeFiles/CMakeTmp']
  ignore line: [Building CXX object CMakeFiles/cmTC_ba875.dir/CMakeCXXCompilerABI.cpp.o]
  ignore line: [/usr/bin/c++    -v -std=gnu++2a -o CMakeFiles/cmTC_ba875.dir/CMakeCXXCompilerABI.cpp.o -c /usr/share/cmake-3.16/Modules/CMakeCXXCompilerABI.cpp]
  ignore line: [Using built-in specs.]
  ignore line: [COLLECT_GCC=/usr/bin/c++]
  ignore line: [Target: x86_64-linux-gnu]
  ignore line: [Configured with: ../src/configure -v --with-pkgversion='Ubuntu 13.1.0-8ubuntu1~20.04.2' --with-bugurl=file:///usr/share/doc/gcc-13/README.Bugs --enable-languages=c ada c++ go d fortran objc obj-c++ m2 rust --prefix=/usr --with-gcc-major-version-only --program-suffix=-13 --program-prefix=x86_64-linux-gnu- --enable-shared --enable-linker-build-id --libexecdir=/usr/libexec --without-included-gettext --enable-threads=posix --libdir=/usr/lib --enable-nls --enable-clocale=gnu --enable-libstdcxx-debug --enable-libstdcxx-time=yes --with-default-libstdcxx-abi=new --enable-gnu-unique-object --disable-vtable-verify --enable-plugin --enable-default-pie --with-system-zlib --enable-libphobos-checking=release --with-target-system-zlib=auto --enable-objc-gc=auto --enable-multiarch --disable-werror --enable-cet --with-arch-32=i686 --with-abi=m64 --with-multilib-list=m32 m64 mx32 --enable-multilib --with-tune=generic --enable-checking=release --build=x86_64-linux-gnu --host=x86_64-linux-gnu --target=x86_64-linux-gnu]
  ignore line: [Thread model: posix]
  ignore line: [Supported LTO compression algorithms: zlib zstd]
  ignore line: [gcc version 13.1.0 (Ubuntu 13.1.0-8ubuntu1~20.04.2) ]
  ignore line: [COLLECT_GCC_OPTIONS='-v' '-std=gnu++20' '-o' 'CMakeFiles/cmTC_ba875.dir/CMakeCXXCompilerABI.cpp.o' '-c' '-shared-libgcc' '-mtune=generic' '-march=x86-64' '-dumpdir' 'CMakeFiles/cmTC_ba875.dir/']
  ignore line: [ /usr/libexec/gcc/x86_64-linux-gnu/13/cc1plus -quiet -v -imultiarch x86_64-linux-gnu -D_GNU_SOURCE /usr/share/cmake-3.16/Modules/CMakeCXXCompilerABI.cpp -quiet -dumpdir CMakeFiles/cmTC_ba875.dir/ -dumpbase CMakeCXXCompilerABI.cpp.cpp -dumpbase-ext .cpp -mtune=generic -march=x86-64 -std=gnu++20 -version -fasynchronous-unwind-tables -fstack-protector-strong -Wformat -Wformat-security -fstack-clash-protection -fcf-protection -o /tmp/ccR5BxVF.s]
  ignore line: [GNU C++20 (Ubuntu 13.1.0-8ubuntu1~20.04.2) version 13.1.0 (x86_64-linux-gnu)]
  ignore line: [	compiled by GNU C version 13.1.0  GMP version 6.2.0  MPFR version 4.0.2  MPC version 1.1.0  isl version isl-0.22.1-GMP]
  ignore line: []
  ignore line: [GGC heuristics: --param ggc-min-expand=100 --param ggc-min-heapsize=131072]
  ignore line: [ignoring duplicate directory "/usr/include/x86_64-linux-gnu/c++/13"]
  ignore line: [ignoring nonexistent directory "/usr/local/include/x86_64-linux-gnu"]
  ignore line: [ignoring nonexistent directory "/usr/lib/gcc/x86_64-linux-gnu/13/include-fixed/x86_64-linux-gnu"]
  ignore line: [ignoring nonexistent directory "/usr/lib/gcc/x86_64-linux-gnu/13/include-fixed"]
  ignore line: [ignoring nonexistent directory "/usr/lib/gcc/x86_64-linux-gnu/13/../../../../x86_64-linux-gnu/include"]
  ignore line: [#include "..." search starts here:]
  ignore line: [#include <...> search starts here:]
  ignore line: [ /usr/include/c++/13]
  ignore line: [ /usr/include/x86_64-linux-gnu/c++/13]
  ignore line: [ /usr/include/c++/13/backward]
  ignore line: [ /usr/lib/gcc/x86_64-linux-gnu/13/include]
  ignore line: [ /usr/local/include]
  ignore line: [ /usr/include/x86_64-linux-gnu]
  ignore line: [ /usr/include]
  ignore line: [End of search list.]
  ignore line: [Compiler executable checksum: 391880e3be75f4e1ac78bddcb50fff0c]
  ignore line: [COLLECT_GCC_OPTIONS='-v' '-std=gnu++20' '-o' 'CMakeFiles/cmTC_ba875.dir/CMakeCXXCompilerABI.cpp.o' '-c' '-shared-libgcc' '-mtune=generic' '-march=x86-64' '-dumpdir' 'CMakeFiles/cmTC_ba875.dir/']
  ignore line: [ as -v --64 -o CMakeFiles/cmTC_ba875.dir/CMakeCXXCompilerABI.cpp.o /tmp/ccR5BxVF.s]
  ignore line: [GNU assembler version 2.34 (x86_64-linux-gnu) using BFD version (GNU Binutils for Ubuntu) 2.34]
  ignore line: [COMPILER_PATH=/usr/libexec/gcc/x86_64-linux-gnu/13/:/usr/libexec/gcc/x86_64-linux-gnu/13/:/usr/libexec/gcc/x86_64-linux-gnu/:/usr/lib/gcc/x86_64-linux-gnu/13/:/usr/lib/gcc/x86_64-linux-gnu/]
  ignore line: [LIBRARY_PATH=/usr/lib/gcc/x86_64-linux-gnu/13/:/usr/lib/gcc/x86_64-linux-gnu/13/../../../x86_64-linux-gnu/:/usr/lib/gcc/x86_64-linux-gnu/13/../../../../lib/:/lib/x86_64-linux-gnu/:/lib/../lib/:/usr/lib/x86_64-linux-gnu/:/usr/lib/../lib/:/usr/lib/gcc/x86_64-linux-gnu/13/../../../:/lib/:/usr/lib/]
  ignore line: [COLLECT_GCC_OPTIONS='-v' '-std=gnu++20' '-o' 'CMakeFiles/cmTC_ba875.dir/CMakeCXXCompilerABI.cpp.o' '-c' '-shared-libgcc' '-mtune=generic' '-march=x86-64' '-dumpdir' 'CMakeFiles/cmTC_ba875.dir/CMakeCXXCompilerABI.cpp.']
  ignore line: [Linking CXX executable cmTC_ba875]
  ignore line: [/usr/bin/cmake -E cmake_link_script CMakeFiles/cmTC_ba875.dir/link.txt --verbose=1]
  ignore line: [/usr/bin/c++      -v CMakeFiles/cmTC_ba875.dir/CMakeCXXCompilerABI.cpp.o  -o cmTC_ba875 ]
  ignore line: [Using built-in specs.]
  ignore line: [COLLECT_GCC=/usr/bin/c++]
  ignore line: [COLLECT_LTO_WRAPPER=/usr/libexec/gcc/x86_64-linux-gnu/13/lto-wrapper]
  ignore line: [Target: x86_64-linux-gnu]
  ignore line: [Configured with: ../src/configure -v --with-pkgversion='Ubuntu 13.1.0-8ubuntu1~20.04.2' --with-bugurl=file:///usr/share/doc/gcc-13/README.Bugs --enable-languages=c ada c++ go d fortran objc obj-c++ m2 rust --prefix=/usr --with-gcc-major-version-only --program-suffix=-13 --program-prefix=x86_64-linux-gnu- --enable-shared --enable-linker-build-id --libexecdir=/usr/libexec --without-included-gettext --enable-threads=posix --libdir=/usr/lib --enable-nls --enable-clocale=gnu --enable-libstdcxx-debug --enable-libstdcxx-time=yes --with-default-libstdcxx-abi=new --enable-gnu-unique-object --disable-vtable-verify --enable-plugin --enable-default-pie --with-system-zlib --enable-libphobos-checking=release --with-target-system-zlib=auto --enable-objc-gc=auto --enable-multiarch --disable-werror --enable-cet --with-arch-32=i686 --with-abi=m64 --with-multilib-list=m32 m64 mx32 --enable-multilib --with-tune=generic --enable-checking=release --build=x86_64-linux-gnu --host=x86_64-linux-gnu --target=x86_64-linux-gnu]
  ignore line: [Thread model: posix]
  ignore line: [Supported LTO compression algorithms: zlib zstd]
  ignore line: [gcc version 13.1.0 (Ubuntu 13.1.0-8ubuntu1~20.04.2) ]
  ignore line: [COMPILER_PATH=/usr/libexec/gcc/x86_64-linux-gnu/13/:/usr/libexec/gcc/x86_64-linux-gnu/13/:/usr/libexec/gcc/x86_64-linux-gnu/:/usr/lib/gcc/x86_64-linux-gnu/13/:/usr/lib/gcc/x86_64-linux-gnu/]
  ignore line: [LIBRARY_PATH=/usr/lib/gcc/x86_64-linux-gnu/13/:/usr/lib/gcc/x86_64-linux-gnu/13/../../../x86_64-linux-gnu/:/usr/lib/gcc/x86_64-linux-gnu/13/../../../../lib/:/lib/x86_64-linux-gnu/:/lib/../lib/:/usr/lib/x86_64-linux-gnu/:/usr/lib/../lib/:/usr/lib/gcc/x86_64-linux-gnu/13/../../../:/lib/:/usr/lib/]
  ignore line: [COLLECT_GCC_OPTIONS='-v' '-o' 'cmTC_ba875' '-shared-libgcc' '-mtune=generic' '-march=x86-64' '-dumpdir' 'cmTC_ba875.']
  link line: [ /usr/libexec/gcc/x86_64-linux-gnu/13/collect2 -plugin /usr/libexec/gcc/x86_64-linux-gnu/13/liblto_plugin.so -plugin-opt=/usr/libexec/gcc/x86_64-linux-gnu/13/lto-wrapper -plugin-opt=-fresolution=/tmp/ccjprDa9.res -plugin-opt=-pass-through=-lgcc_s -plugin-opt=-pass-through=-lgcc -plugin-opt=-pass-through=-lc -plugin-opt=-pass-through=-lgcc_s -plugin-opt=-pass-through=-lgcc --build-id --eh-frame-hdr -m elf_x86_64 --hash-style=gnu --as-needed -dynamic-linker /lib64/ld-linux-x86-64.so.2 -pie -z now -z relro -o cmTC_ba875 /usr/lib/gcc/x86_64-linux-gnu/13/../../../x86_64-linux-gnu/Scrt1.o /usr/lib/gcc/x86_64-linux-gnu/13/../../../x86_64-linux-gnu/crti.o /usr/lib/gcc/x86_64-linux-gnu/13/crtbeginS.o -L/usr/lib/gcc/x86_64-linux-gnu/13 -L/usr/lib/gcc/x86_64-linux-gnu/13/../../../x86_64-linux-gnu -L/usr/lib/gcc/x86_64-linux-gnu/13/../../../../lib -L/lib/x86_64-linux-gnu -L/lib/../lib -L/usr/lib/x86_64-linux-gnu -L/usr/lib/../lib -L/usr/lib/gcc/x86_64-linux-gnu/13/../../.. CMakeFiles/cmTC_ba875.dir/CMakeCXXCompilerABI.cpp.o -lstdc++ -lm -lgcc_s -lgcc -lc -lgcc_s -lgcc /usr/lib/gcc/x86_64-linux-gnu/13/crtendS.o /usr/lib/gcc/x86_64-linux-gnu/13/../../../x86_64-linux-gnu/crtn.o]
    arg [/usr/libexec/gcc/x86_64-linux-gnu/13/collect2] ==> ignore
    arg [-plugin] ==> ignore
    arg [/usr/libexec/gcc/x86_64-linux-gnu/13/liblto_plugin.so] ==> ignore
    arg [-plugin-opt=/usr/libexec/gcc/x86_64-linux-gnu/13/lto-wrapper] ==> ignore
    arg [-plugin-opt=-fresolution=/tmp/ccjprDa9.res] ==> ignore
    arg [-plugin-opt=-pass-through=-lgcc_s] ==> ignore
    arg [-plugin-opt=-pass-through=-lgcc] ==> ignore
    arg [-plugin-opt=-pass-through=-lc] ==> ignore
    arg [-plugin-opt=-pass-through=-lgcc_s] ==> ignore
    arg [-plugin-opt=-pass-through=-lgcc] ==> ignore
    arg [--build-id] ==> ignore
    arg [--eh-frame-hdr] ==> ignore
    arg [-m] ==> ignore
    arg [elf_x86_64] ==> ignore
    arg [--hash-style=gnu] ==> ignore
    arg [--as-needed] ==> ignore
    arg [-dynamic-linker] ==> ignore
    arg [/lib64/ld-linux-x86-64.so.2] ==> ignore
    arg [-pie] ==> ignore
    arg [-znow] ==> ignore
    arg [-zrelro] ==> ignore
    arg [-o] ==> ignore
    arg [cmTC_ba875] ==> ignore
    arg [/usr/lib/gcc/x86_64-linux-gnu/13/../../../x86_64-linux-gnu/Scrt1.o] ==> ignore
    arg [/usr/lib/gcc/x86_64-linux-gnu/13/../../../x86_64-linux-gnu/crti.o] ==> ignore
    arg [/usr/lib/gcc/x86_64-linux-gnu/13/crtbeginS.o] ==> ignore
    arg [-L/usr/lib/gcc/x86_64-linux-gnu/13] ==> dir [/usr/lib/gcc/x86_64-linux-gnu/13]
    arg [-L/usr/lib/gcc/x86_64-linux-gnu/13/../../../x86_64-linux-gnu] ==> dir [/usr/lib/gcc/x86_64-linux-gnu/13/../../../x86_64-linux-gnu]
    arg [-L/usr/lib/gcc/x86_64-linux-gnu/13/../../../../lib] ==> dir [/usr/lib/gcc/x86_64-linux-gnu/13/../../../../lib]
    arg [-L/lib/x86_64-linux-gnu] ==> dir [/lib/x86_64-linux-gnu]
    arg [-L/lib/../lib] ==> dir [/lib/../lib]
    arg [-L/usr/lib/x86_64-linux-gnu] ==> dir [/usr/lib/x86_64-linux-gnu]
    arg [-L/usr/lib/../lib] ==> dir [/usr/lib/../lib]
    arg [-L/usr/lib/gcc/x86_64-linux-gnu/13/../../..] ==> dir [/usr/lib/gcc/x86_64-linux-gnu/13/../../..]
    arg [CMakeFiles/cmTC_ba875.dir/CMakeCXXCompilerABI.cpp.o] ==> ignore
    arg [-lstdc++] ==> lib [stdc++]
    arg [-lm] ==> lib [m]
    arg [-lgcc_s] ==> lib [gcc_s]
    arg [-lgcc] ==> lib [gcc]
    arg [-lc] ==> lib [c]
    arg [-lgcc_s] ==> lib [gcc_s]
    arg [-lgcc] ==> lib [gcc]
    arg [/usr/lib/gcc/x86_64-linux-gnu/13/crtendS.o] ==> ignore
    arg [/usr/lib/gcc/x86_64-linux-gnu/13/../../../x86_64-linux-gnu/crtn.o] ==> ignore
  collapse library dir [/usr/lib/gcc/x86_64-linux-gnu/13] ==> [/usr/lib/gcc/x86_64-linux-gnu/13]
  collapse library dir [/usr/lib/gcc/x86_64-linux-gnu/13/../../../x86_64-linux-gnu] ==> [/usr/lib/x86_64-linux-gnu]
  collapse library dir [/usr/lib/gcc/x86_64-linux-gnu/13/../../../../lib] ==> [/usr/lib]
  collapse library dir [/lib/x86_64-linux-gnu] ==> [/lib/x86_64-linux-gnu]
  collapse library dir [/lib/../lib] ==> [/lib]
  collapse library dir [/usr/lib/x86_64-linux-gnu] ==> [/usr/lib/x86_64-linux-gnu]
  collapse library dir [/usr/lib/../lib] ==> [/usr/lib]
  collapse library dir [/usr/lib/gcc/x86_64-linux-gnu/13/../../..] ==> [/usr/lib]
  implicit libs: [stdc++;m;gcc_s;gcc;c;gcc_s;gcc]
  implicit dirs: [/usr/lib/gcc/x86_64-linux-gnu/13;/usr/lib/x86_64-linux-gnu;/usr/lib;/lib/x86_64-linux-gnu;/lib]
  implicit fwks: []


The system is: Linux - 4.4.0-19041-Microsoft - x86_64
Compiling the C compiler identification source file "CMakeCCompilerId.c" succeeded.
Compiler: /usr/bin/cc 
Build flags: 
Id flags:  

The output was:
0


Compilation of the C compiler identification source "CMakeCCompilerId.c" produced "a.out"

The C compiler identification is GNU, found in "/home/dachuo/build/CMakeFiles/3.16.3/CompilerIdC/a.out"

Compiling the CXX compiler identification source file "CMakeCXXCompilerId.cpp" succeeded.
Compiler: /usr/bin/c++ 
Build flags: 
Id flags:  

The output was:
0


Compilation of the CXX compiler identification source "CMakeCXXCompilerId.cpp" produced "a.out"

The CXX compiler identification is GNU, found in "/home/dachuo/build/CMakeFiles/3.16.3/CompilerIdCXX/a.out"

Determining if the C compiler works passed with the following output:
Change Dir: /home/dachuo/build/CMakeFiles/CMakeTmp

Run Build Command(s):/usr/bin/make cmTC_0b22f/fast && /usr/bin/make -f CMakeFiles/cmTC_0b22f.dir/build.make CMakeFiles/cmTC_0b22f.dir/build
make[1]: Entering directory '/home/dachuo/build/CMakeFiles/CMakeTmp'
Building C object CMakeFiles/cmTC_0b22f.dir/testCCompiler.c.o
/usr/bin/cc    -o CMakeFiles/cmTC_0b22f.dir/testCCompiler.c.o   -c /home/dachuo/build/CMakeFiles/CMakeTmp/testCCompiler.c
Linking C executable cmTC_0b22f
/usr/bin/cmake -E cmake_link_script CMakeFiles/cmTC_0b22f.dir/link.txt --verbose=1
/usr/bin/cc      CMakeFiles/cmTC_0b22f.dir/testCCompiler.c.o  -o cmTC_0b22f 
make[1]: Leaving directory '/home/dachuo/build/CMakeFiles/CMakeTmp'



Detecting C compiler ABI info compiled with the following output:
Change Dir: /home/dachuo/build/CMakeFiles/CMakeTmp

Run Build Command(s):/usr/bin/make cmTC_0a8fd/fast && /usr/bin/make -f CMakeFiles/cmTC_0a8fd.dir/build.make CMakeFiles/cmTC_0a8fd.dir/build
make[1]: Entering directory '/home/dachuo/build/CMakeFiles/CMakeTmp'
Building C object CMakeFiles/cmTC_0a8fd.dir/CMakeCCompilerABI.c.o
/usr/bin/cc   -v -o CMakeFiles/cmTC_0a8fd.dir/CMakeCCompilerABI.c.o   -c /usr/share/cmake-3.16/Modules/CMakeCCompilerABI.c
Using built-in specs.
COLLECT_GCC=/usr/bin/cc
Target: x86_64-linux-gnu
Configured with: ../src/configure -v --with-pkgversion='Ubuntu 13.1.0-8ubuntu1~20.04.2' --with-bugurl=file:///usr/share/doc/gcc-13/README.Bugs --enable-languages=c,ada,c++,go,d,fortran,objc,obj-c++,m2,rust --prefix=/usr --with-gcc-major-version-only --program-suffix=-13 --program-prefix=x86_64-linux-gnu- --enable-shared --enable-linker-build-id --libexecdir=/usr/libexec --without-included-gettext --enable-threads=posix --libdir=/usr/lib --enable-nls --enable-clocale=gnu --enable-libstdcxx-debug --enable-libstdcxx-time=yes --with-default-libstdcxx-abi=new --enable-gnu-unique-object --disable-vtable-verify --enable-plugin --enable-default-pie --with-system-zlib --enable-libphobos-checking=release --with-target-system-zlib=auto --enable-objc-gc=auto --enable-multiarch --disable-werror --enable-cet --with-arch-32=i686 --with-abi=m64 --with-multilib-list=m32,m64,mx32 --enable-multilib --with-tune=generic --enable-checking=release --build=x86_64-linux-gnu --host=x86_64-linux-gnu --target=x86_64-linux-gnu
Thread model: posix
Supported LTO compression algorithms: zlib zstd
gcc version 13.1.0 (Ubuntu 13.1.0-8ubuntu1~20.04.2) 
COLLECT_GCC_OPTIONS='-v' '-o' 'CMakeFiles/cmTC_0a8fd.dir/CMakeCCompilerABI.c.o' '-c' '-mtune=generic' '-march=x86-64' '-dumpdir' 'CMakeFiles/cmTC_0a8fd.dir/'
 /usr/libexec/gcc/x86_64-linux-gnu/13/cc1 -quiet -v -imultiarch x86_64-linux-gnu /usr/share/cmake-3.16/Modules/CMakeCCompilerABI.c -quiet -dumpdir CMakeFiles/cmTC_0a8fd.dir/ -dumpbase CMakeCCompilerABI.c.c -dumpbase-ext .c -mtune=generic -march=x86-64 -version -fasynchronous-unwind-tables -fstack-protector-strong -Wformat -Wformat-security -fstack-clash-protection -fcf-protection -o /tmp/ccXpuwQE.s
GNU C17 (Ubuntu 13.1.0-8ubuntu1~20.04.2) version 13.1.0 (x86_64-linux-gnu)
	compiled by GNU C version 13.1.0, GMP version 6.2.0, MPFR version 4.0.2, MPC version 1.1.0, isl version isl-0.22.1-GMP

GGC heuristics: --param ggc-min-expand=100 --param ggc-min-heapsize=131072
ignoring nonexistent directory "/usr/local/include/x86_64-linux-gnu"
ignoring nonexistent directory "/usr/lib/gcc/x86_64-linux-gnu/13/include-fixed/x86_64-linux-gnu"
ignoring nonexistent directory "/usr/lib/gcc/x86_64-linux-gnu/13/include-fixed"
ignoring nonexistent directory "/usr/lib/gcc/x86_64-linux-gnu/13/../../../../x86_64-linux-gnu/include"
#include "..." search starts here:
#include <...> search starts here:
 /usr/lib/gcc/x86_64-linux-gnu/13/include
 /usr/local/include
 /usr/include/x86_64-linux-gnu
 /usr/include
End of search list.
Compiler executable checksum: f0b3c90e0f11c3d406d33a12053911f6
COLLECT_GCC_OPTIONS='-v' '-o' 'CMakeFiles/cmTC_0a8fd.dir/CMakeCCompilerABI.c.o' '-c' '-mtune=generic' '-march=x86-64' '-dumpdir' 'CMakeFiles/cmTC_0a8fd.dir/'
 as -v --64 -o CMakeFiles/cmTC_0a8fd.dir/CMakeCCompilerABI.c.o /tmp/ccXpuwQE.s
GNU assembler version 2.34 (x86_64-linux-gnu) using BFD version (GNU Binutils for Ubuntu) 2.34
COMPILER_PATH=/usr/libexec/gcc/x86_64-linux-gnu/13/:/usr/libexec/gcc/x86_64-linux-gnu/13/:/usr/libexec/gcc/x86_64-linux-gnu/:/usr/lib/gcc/x86_64-linux-gnu/13/:/usr/lib/gcc/x86_64-linux-gnu/
LIBRARY_PATH=/usr/lib/gcc/x86_64-linux-gnu/13/:/usr/lib/gcc/x86_64-linux-gnu/13/../../../x86_64-linux-gnu/:/usr/lib/gcc/x86_64-linux-gnu/13/../../../../lib/:/lib/x86_64-linux-gnu/:/lib/../lib/:/usr/lib/x86_64-linux-gnu/:/usr/lib/../lib/:/usr/lib/gcc/x86_64-linux-gnu/13/../../../:/lib/:/usr/lib/
COLLECT_GCC_OPTIONS='-v' '-o' 'CMakeFiles/cmTC_0a8fd.dir/CMakeCCompilerABI.c.o' '-c' '-mtune=generic' '-march=x86-64' '-dumpdir' 'CMakeFiles/cmTC_0a8fd.dir/CMakeCCompilerABI.c.'
Linking C executable cmTC_0a8fd
/usr/bin/cmake -E cmake_link_script CMakeFiles/cmTC_0a8fd.dir/link.txt --verbose=1
/usr/bin/cc     -v CMakeFiles/cmTC_0a8fd.dir/CMakeCCompilerABI.c.o  -o cmTC_0a8fd 
Using built-in specs.
COLLECT_GCC=/usr/bin/cc
COLLECT_LTO_WRAPPER=/usr/libexec/gcc/x86_64-linux-gnu/13/lto-wrapper
Target: x86_64-linux-gnu
Configured with: ../src/configure -v --with-pkgversion='Ubuntu 13.1.0-8ubuntu1~20.04.2' --with-bugurl=file:///usr/share/doc/gcc-13/README.Bugs --enable-languages=c,ada,c++,go,d,fortran,objc,obj-c++,m2,rust --prefix=/usr --with-gcc-major-version-only --program-suffix=-13 --program-prefix=x86_64-linux-gnu- --enable-shared --enable-linker-build-id --libexecdir=/usr/libexec --without-included-gettext --enable-threads=posix --libdir=/usr/lib --enable-nls --enable-clocale=gnu --enable-libstdcxx-debug --enable-libstdcxx-time=yes --with-default-libstdcxx-abi=new --enable-gnu-unique-object --disable-vtable-verify --enable-plugin --enable-default-pie --with-system-zlib --enable-libphobos-checking=release --with-target-system-zlib=auto --enable-objc-gc=auto --enable-multiarch --disable-werror --enable-cet --with-arch-32=i686 --with-abi=m64 --with-multilib-list=m32,m64,mx32 --enable-multilib --with-tune=generic --enable-checking=release --build=x86_64-linux-gnu --host=x86_64-linux-gnu --target=x86_64-linux-gnu
Thread model: posix
Supported LTO compression algorithms: zlib zstd
gcc version 13.1.0 (Ubuntu 13.1.0-8ubuntu1~20.04.2) 
COMPILER_PATH=/usr/libexec/gcc/x86_64-linux-gnu/13/:/usr/libexec/gcc/x86_64-linux-gnu/13/:/usr/libexec/gcc/x86_64-linux-gnu/:/usr/lib/gcc/x86_64-linux-gnu/13/:/usr/lib/gcc/x86_64-linux-gnu/
LIBRARY_PATH=/usr/lib/gcc/x86_64-linux-gnu/13/:/usr/lib/gcc/x86_64-linux-gnu/13/../../../x86_64-linux-gnu/:/usr/lib/gcc/x86_64-linux-gnu/13/../../../../lib/:/lib/x86_64-linux-gnu/:/lib/../lib/:/usr/lib/x86_64-linux-gnu/:/usr/lib/../lib/:/usr/lib/gcc/x86_64-linux-gnu/13/../../../:/lib/:/usr/lib/
COLLECT_GCC_OPTIONS='-v' '-o' 'cmTC_0a8fd' '-mtune=generic' '-march=x86-64' '-dumpdir' 'cmTC_0a8fd.'
 /usr/libexec/gcc/x86_64-linux-gnu/13/collect2 -plugin /usr/libexec/gcc/x86_64-linux-gnu/13/liblto_plugin.so -plugin-opt=/usr/libexec/gcc/x86_64-linux-gnu/13/lto-wrapper -plugin-opt=-fresolution=/tmp/cc2ByYC3.res -plugin-opt=-pass-through=-lgcc -plugin-opt=-pass-through=-lgcc_s -plugin-opt=-pass-through=-lc -plugin-opt=-pass-through=-lgcc -plugin-opt=-pass-through=-lgcc_s --build-id --eh-frame-hdr -m elf_x86_64 --hash-style=gnu --as-needed -dynamic-linker /lib64/ld-linux-x86-64.so.2 -pie -z now -z relro -o cmTC_0a8fd /usr/lib/gcc/x86_64-linux-gnu/13/../../../x86_64-linux-gnu/Scrt1.o /usr/lib/gcc/x86_64-linux-gnu/13/../../../x86_64-linux-gnu/crti.o /usr/lib/gcc/x86_64-linux-gnu/13/crtbeginS.o -L/usr/lib/gcc/x86_64-linux-gnu/13 -L/usr/lib/gcc/x86_64-linux-gnu/13/../../../x86_64-linux-gnu -L/usr/lib/gcc/x86_64-linux-gnu/13/../../../../lib -L/lib/x86_64-linux-gnu -L/lib/../lib -L/usr/lib/x86_64-linux-gnu -L/usr/lib/../lib -L/usr/lib/gcc/x86_64-linux-gnu/13/../../.. CMakeFiles/cmTC_0a8fd.dir/CMakeCCompilerABI.c.o -lgcc --push-state --as-needed -lgcc_s --pop-state -lc -lgcc --push-state --as-needed -lgcc_s --pop-state /usr/lib/gcc/x86_64-linux-gnu/13/crtendS.o /usr/lib/gcc/x86_64-linux-gnu/13/../../../x86_64-linux-gnu/crtn.o
COLLECT_GCC_OPTIONS='-v' '-o' 'cmTC_0a8fd' '-mtune=generic' '-march=x86-64' '-dumpdir' 'cmTC_0a8fd.'
make[1]: Leaving directory '/home/dachuo/build/CMakeFiles/CMakeTmp'



Parsed C implicit include dir info from above output: rv=done
  found start of include info
  found start of implicit include info
    add: [/usr/lib/gcc/x86_64-linux-gnu/13/include]
    add: [/usr/local/include]
    add: [/usr/include/x86_64-linux-gnu]
    add: [/usr/include]
  end of search list found
  collapse include dir [/usr/lib/gcc/x86_64-linux-gnu/13/include] ==> [/usr/lib/gcc/x86_64-linux-gnu/13/include]
  collapse include dir [/usr/local/include] ==> [/usr/local/include]
  collapse include dir [/usr/include/x86_64-linux-gnu] ==> [/usr/include/x86_64-linux-gnu]
  collapse include dir [/usr/include] ==> [/usr/include]
  implicit include dirs: [/usr/lib/gcc/x86_64-linux-gnu/13/include;/usr/local/include;/usr/include/x86_64-linux-gnu;/usr/include]


Parsed C implicit link information from above output:
  link line regex: [^( *|.*[/\])(ld|CMAKE_LINK_STARTFILE-NOTFOUND|([^/\]+-)?ld|collect2)[^/\]*( |$)]
  ignore line: [Change Dir: /home/dachuo/build/CMakeFiles/CMakeTmp]
  ignore line: []
  ignore line: [Run Build Command(s):/usr/bin/make cmTC_0a8fd/fast && /usr/bin/make -f CMakeFiles/cmTC_0a8fd.dir/build.make CMakeFiles/cmTC_0a8fd.dir/build]
  ignore line: [make[1]: Entering directory '/home/dachuo/build/CMakeFiles/CMakeTmp']
  ignore line: [Building C object CMakeFiles/cmTC_0a8fd.dir/CMakeCCompilerABI.c.o]
  ignore line: [/usr/bin/cc   -v -o CMakeFiles/cmTC_0a8fd.dir/CMakeCCompilerABI.c.o   -c /usr/share/cmake-3.16/Modules/CMakeCCompilerABI.c]
  ignore line: [Using built-in specs.]
  ignore line: [COLLECT_GCC=/usr/bin/cc]
  ignore line: [Target: x86_64-linux-gnu]
  ignore line: [Configured with: ../src/configure -v --with-pkgversion='Ubuntu 13.1.0-8ubuntu1~20.04.2' --with-bugurl=file:///usr/share/doc/gcc-13/README.Bugs --enable-languages=c ada c++ go d fortran objc obj-c++ m2 rust --prefix=/usr --with-gcc-major-version-only --program-suffix=-13 --program-prefix=x86_64-linux-gnu- --enable-shared --enable-linker-build-id --libexecdir=/usr/libexec --without-included-gettext --enable-threads=posix --libdir=/usr/lib --enable-nls --enable-clocale=gnu --enable-libstdcxx-debug --enable-libstdcxx-time=yes --with-default-libstdcxx-abi=new --enable-gnu-unique-object --disable-vtable-verify --enable-plugin --enable-default-pie --with-system-zlib --enable-libphobos-checking=release --with-target-system-zlib=auto --enable-objc-gc=auto --enable-multiarch --disable-werror --enable-cet --with-arch-32=i686 --with-abi=m64 --with-multilib-list=m32 m64 mx32 --enable-multilib --with-tune=generic --enable-checking=release --build=x86_64-linux-gnu --host=x86_64-linux-gnu --target=x86_64-linux-gnu]
  ignore line: [Thread model: posix]
  ignore line: [Supported LTO compression algorithms: zlib zstd]
  ignore line: [gcc version 13.1.0 (Ubuntu 13.1.0-8ubuntu1~20.04.2) ]
  ignore line: [COLLECT_GCC_OPTIONS='-v' '-o' 'CMakeFiles/cmTC_0a8fd.dir/CMakeCCompilerABI.c.o' '-c' '-mtune=generic' '-march=x86-64' '-dumpdir' 'CMakeFiles/cmTC_0a8fd.dir/']
  ignore line: [ /usr/libexec/gcc/x86_64-linux-gnu/13/cc1 -quiet -v -imultiarch x86_64-linux-gnu /usr/share/cmake-3.16/Modules/CMakeCCompilerABI.c -quiet -dumpdir CMakeFiles/cmTC_0a8fd.dir/ -dumpbase CMakeCCompilerABI.c.c -dumpbase-ext .c -mtune=generic -march=x86-64 -version -fasynchronous-unwind-tables -fstack-protector-strong -Wformat -Wformat-security -fstack-clash-protection -fcf-protection -o /tmp/ccXpuwQE.s]
  ignore line: [GNU C17 (Ubuntu 13.1.0-8ubuntu1~20.04.2) version 13.1.0 (x86_64-linux-gnu)]
  ignore line: [	compiled by GNU C version 13.1.0  GMP version 6.2.0  MPFR version 4.0.2  MPC version 1.1.0  isl version isl-0.22.1-GMP]
  ignore line: []
  ignore line: [GGC heuristics: --param ggc-min-expand=100 --param ggc-min-heapsize=131072]
  ignore line: [ignoring nonexistent directory "/usr/local/include/x86_64-linux-gnu"]
  ignore line: [ignoring nonexistent directory "/usr/lib/gcc/x86_64-linux-gnu/13/include-fixed/x86_64-linux-gnu"]
  ignore line: [ignoring nonexistent directory "/usr/lib/gcc/x86_64-linux-gnu/13/include-fixed"]
  ignore line: [ignoring nonexistent directory "/usr/lib/gcc/x86_64-linux-gnu/13/../../../../x86_64-linux-gnu/include"]
  ignore line: [#include "..." search starts here:]
  ignore line: [#include <...> search starts here:]
  ignore line: [ /usr/lib/gcc/x86_64-linux-gnu/13/include]
  ignore line: [ /usr/local/include]
  ignore line: [ /usr/include/x86_64-linux-gnu]
  ignore line: [ /usr/include]
  ignore line: [End of search list.]
  ignore line: [Compiler executable checksum: f0b3c90e0f11c3d406d33a12053911f6]
  ignore line: [COLLECT_GCC_OPTIONS='-v' '-o' 'CMakeFiles/cmTC_0a8fd.dir/CMakeCCompilerABI.c.o' '-c' '-mtune=generic' '-march=x86-64' '-dumpdir' 'CMakeFiles/cmTC_0a8fd.dir/']
  ignore line: [ as -v --64 -o CMakeFiles/cmTC_0a8fd.dir/CMakeCCompilerABI.c.o /tmp/ccXpuwQE.s]
  ignore line: [GNU assembler version 2.34 (x86_64-linux-gnu) using BFD version (GNU Binutils for Ubuntu) 2.34]
  ignore line: [COMPILER_PATH=/usr/libexec/gcc/x86_64-linux-gnu/13/:/usr/libexec/gcc/x86_64-linux-gnu/13/:/usr/libexec/gcc/x86_64-linux-gnu/:/usr/lib/gcc/x86_64-linux-gnu/13/:/usr/lib/gcc/x86_64-linux-gnu/]
  ignore line: [LIBRARY_PATH=/usr/lib/gcc/x86_64-linux-gnu/13/:/usr/lib/gcc/x86_64-linux-gnu/13/../../../x86_64-linux-gnu/:/usr/lib/gcc/x86_64-linux-gnu/13/../../../../lib/:/lib/x86_64-linux-gnu/:/lib/../lib/:/usr/lib/x86_64-linux-gnu/:/usr/lib/../lib/:/usr/lib/gcc/x86_64-linux-gnu/13/../../../:/lib/:/usr/lib/]
  ignore line: [COLLECT_GCC_OPTIONS='-v' '-o' 'CMakeFiles/cmTC_0a8fd.dir/CMakeCCompilerABI.c.o' '-c' '-mtune=generic' '-march=x86-64' '-dumpdir' 'CMakeFiles/cmTC_0a8fd.dir/CMakeCCompilerABI.c.']
  ignore line: [Linking C executable cmTC_0a8fd]
  ignore line: [/usr/bin/cmake -E cmake_link_script CMakeFiles/cmTC_0a8fd.dir/link.txt --verbose=1]
  ignore line: [/usr/bin/cc     -v CMakeFiles/cmTC_0a8fd.dir/CMakeCCompilerABI.c.o  -o cmTC_0a8fd ]
  ignore line: [Using built-in specs.]
  ignore line: [COLLECT_GCC=/usr/bin/cc]
  ignore line: [COLLECT_LTO_WRAPPER=/usr/libexec/gcc/x86_64-linux-gnu/13/lto-wrapper]
  ignore line: [Target: x86_64-linux-gnu]
  ignore line: [Configured with: ../src/configure -v --with-pkgversion='Ubuntu 13.1.0-8ubuntu1~20.04.2' --with-bugurl=file:///usr/share/doc/gcc-13/README.Bugs --enable-languages=c ada c++ go d fortran objc obj-c++ m2 rust --prefix=/usr --with-gcc-major-version-only --program-suffix=-13 --program-prefix=x86_64-linux-gnu- --enable-shared --enable-linker-build-id --libexecdir=/usr/libexec --without-included-gettext --enable-threads=posix --libdir=/usr/lib --enable-nls --enable-clocale=gnu --enable-libstdcxx-debug --enable-libstdcxx-time=yes --with-default-libstdcxx-abi=new --enable-gnu-unique-object --disable-vtable-verify --enable-plugin --enable-default-pie --with-system-zlib --enable-libphobos-checking=release --with-target-system-zlib=auto --enable-objc-gc=auto --enable-multiarch --disable-werror --enable-cet --with-arch-32=i686 --with-abi=m64 --with-multilib-list=m32 m64 mx32 --enable-multilib --with-tune=generic --enable-checking=release --build=x86_64-linux-gnu --host=x86_64-linux-gnu --target=x86_64-linux-gnu]
  ignore line: [Thread model: posix]
  ignore line: [Supported LTO compression algorithms: zlib zstd]
  ignore line: [gcc version 13.1.0 (Ubuntu 13.1.0-8ubuntu1~20.04.2) ]
  ignore line: [COMPILER_PATH=/usr/libexec/gcc/x86_64-linux-gnu/13/:/usr/libexec/gcc/x86_64-linux-gnu/13/:/usr/libexec/gcc/x86_64-linux-gnu/:/usr/lib/gcc/x86_64-linux-gnu/13/:/usr/lib/gcc/x86_64-linux-gnu/]
  ignore line: [LIBRARY_PATH=/usr/lib/gcc/x86_64-linux-gnu/13/:/usr/lib/gcc/x86_64-linux-gnu/13/../../../x86_64-linux-gnu/:/usr/lib/gcc/x86_64-linux-gnu/13/../../../../lib/:/lib/x86_64-linux-gnu/:/lib/../lib/:/usr/lib/x86_64-linux-gnu/:/usr/lib/../lib/:/usr/lib/gcc/x86_64-linux-gnu/13/../../../:/lib/:/usr/lib/]
  ignore line: [COLLECT_GCC_OPTIONS='-v' '-o' 'cmTC_0a8fd' '-mtune=generic' '-march=x86-64' '-dumpdir' 'cmTC_0a8fd.']
  link line: [ /usr/libexec/gcc/x86_64-linux-gnu/13/collect2 -plugin /usr/libexec/gcc/x86_64-linux-gnu/13/liblto_plugin.so -plugin-opt=/usr/libexec/gcc/x86_64-linux-gnu/13/lto-wrapper -plugin-opt=-fresolution=/tmp/cc2ByYC3.res -plugin-opt=-pass-through=-lgcc -plugin-opt=-pass-through=-lgcc_s -plugin-opt=-pass-through=-lc -plugin-opt=-pass-through=-lgcc -plugin-opt=-pass-through=-lgcc_s --build-id --eh-frame-hdr -m elf_x86_64 --hash-style=gnu --as-needed -dynamic-linker /lib64/ld-linux-x86-64.so.2 -pie -z now -z relro -o cmTC_0a8fd /usr/lib/gcc/x86_64-linux-gnu/13/../../../x86_64-linux-gnu/Scrt1.o /usr/lib/gcc/x86_64-linux-gnu/13/../../../x86_64-linux-gnu/crti.o /usr/lib/gcc/x86_64-linux-gnu/13/crtbeginS.o -L/usr/lib/gcc/x86_64-linux-gnu/13 -L/usr/lib/gcc/x86_64-linux-gnu/13/../../../x86_64-linux-gnu -L/usr/lib/gcc/x86_64-linux-gnu/13/../../../../lib -L/lib/x86_64-linux-gnu -L/lib/../lib -L/usr/lib/x86_64-linux-gnu -L/usr/lib/../lib -L/usr/lib/gcc/x86_64-linux-gnu/13/../../.. CMakeFiles/cmTC_0a8fd.dir/CMakeCCompilerABI.c.o -lgcc --push-state --as-needed -lgcc_s --pop-state -lc -lgcc --push-state --as-needed -lgcc_s --pop-state /usr/lib/gcc/x86_64-linux-gnu/13/crtendS.o /usr/lib/gcc/x86_64-linux-gnu/13/../../../x86_64-linux-gnu/crtn.o]
    arg [/usr/libexec/gcc/x86_64-linux-gnu/13/collect2] ==> ignore
    arg [-plugin] ==> ignore
    arg [/usr/libexec/gcc/x86_64-linux-gnu/13/liblto_plugin.so] ==> ignore
    arg [-plugin-opt=/usr/libexec/gcc/x86_64-linux-gnu/13/lto-wrapper] ==> ignore
    arg [-plugin-opt=-fresolution=/tmp/cc2ByYC3.res] ==> ignore
    arg [-plugin-opt=-pass-through=-lgcc] ==> ignore
    arg [-plugin-opt=-pass-through=-lgcc_s] ==> ignore
    arg [-plugin-opt=-pass-through=-lc] ==> ignore
    arg [-plugin-opt=-pass-through=-lgcc] ==> ignore
    arg [-plugin-opt=-pass-through=-lgcc_s] ==> ignore
    arg [--build-id] ==> ignore
    arg [--eh-frame-hdr] ==> ignore
    arg [-m] ==> ignore
    arg [elf_x86_64] ==> ignore
    arg [--hash-style=gnu] ==> ignore
    arg [--as-needed] ==> ignore
    arg [-dynamic-linker] ==> ignore
    arg [/lib64/ld-linux-x86-64.so.2] ==> ignore
    arg [-pie] ==> ignore
    arg [-znow] ==> ignore
    arg [-zrelro] ==> ignore
    arg [-o] ==> ignore
    arg [cmTC_0a8fd] ==> ignore
    arg [/usr/lib/gcc/x86_64-linux-gnu/13/../../../x86_64-linux-gnu/Scrt1.o] ==> ignore
    arg [/usr/lib/gcc/x86_64-linux-gnu/13/../../../x86_64-linux-gnu/crti.o] ==> ignore
    arg [/usr/lib/gcc/x86_64-linux-gnu/13/crtbeginS.o] ==> ignore
    arg [-L/usr/lib/gcc/x86_64-linux-gnu/13] ==> dir [/usr/lib/gcc/x86_64-linux-gnu/13]
    arg [-L/usr/lib/gcc/x86_64-linux-gnu/13/../../../x86_64-linux-gnu] ==> dir [/usr/lib/gcc/x86_64-linux-gnu/13/../../../x86_64-linux-gnu]
    arg [-L/usr/lib/gcc/x86_64-linux-gnu/13/../../../../lib] ==> dir [/usr/lib/gcc/x86_64-linux-gnu/13/../../../../lib]
    arg [-L/lib/x86_64-linux-gnu] ==> dir [/lib/x86_64-linux-gnu]
    arg [-L/lib/../lib] ==> dir [/lib/../lib]
    arg [-L/usr/lib/x86_64-linux-gnu] ==> dir [/usr/lib/x86_64-linux-gnu]
    arg [-L/usr/lib/../lib] ==> dir [/usr/lib/../lib]
    arg [-L/usr/lib/gcc/x86_64-linux-gnu/13/../../..] ==> dir [/usr/lib/gcc/x86_64-linux-gnu/13/../../..]
    arg [CMakeFiles/cmTC_0a8fd.dir/CMakeCCompilerABI.c.o] ==> ignore
    arg [-lgcc] ==> lib [gcc]
    arg [--push-state] ==> ignore
    arg [--as-needed] ==> ignore
    arg [-lgcc_s] ==> lib [gcc_s]
    arg [--pop-state] ==> ignore
    arg [-lc] ==> lib [c]
    arg [-lgcc] ==> lib [gcc]
    arg [--push-state] ==> ignore
    arg [--as-needed] ==> ignore
    arg [-lgcc_s] ==> lib [gcc_s]
    arg [--pop-state] ==> ignore
    arg [/usr/lib/gcc/x86_64-linux-gnu/13/crtendS.o] ==> ignore
    arg [/usr/lib/gcc/x86_64-linux-gnu/13/../../../x86_64-linux-gnu/crtn.o] ==> ignore
  collapse library dir [/usr/lib/gcc/x86_64-linux-gnu/13] ==> [/usr/lib/gcc/x86_64-linux-gnu/13]
  collapse library dir [/usr/lib/gcc/x86_64-linux-gnu/13/../../../x86_64-linux-gnu] ==> [/usr/lib/x86_64-linux-gnu]
  collapse library dir [/usr/lib/gcc/x86_64-linux-gnu/13/../../../../lib] ==> [/usr/lib]
  collapse library dir [/lib/x86_64-linux-gnu] ==> [/lib/x86_64-linux-gnu]
  collapse library dir [/lib/../lib] ==> [/lib]
  collapse library dir [/usr/lib/x86_64-linux-gnu] ==> [/usr/lib/x86_64-linux-gnu]
  collapse library dir [/usr/lib/../lib] ==> [/usr/lib]
  collapse library dir [/usr/lib/gcc/x86_64-linux-gnu/13/../../..] ==> [/usr/lib]
  implicit libs: [gcc;gcc_s;c;gcc;gcc_s]
  implicit dirs: [/usr/lib/gcc/x86_64-linux-gnu/13;/usr/lib/x86_64-linux-gnu;/usr/lib;/lib/x86_64-linux-gnu;/lib]
  implicit fwks: []


Determining if the CXX compiler works passed with the following output:
Change Dir: /home/dachuo/build/CMakeFiles/CMakeTmp

Run Build Command(s):/usr/bin/make cmTC_e9445/fast && /usr/bin/make -f CMakeFiles/cmTC_e9445.dir/build.make CMakeFiles/cmTC_e9445.dir/build
make[1]: Entering directory '/home/dachuo/build/CMakeFiles/CMakeTmp'
Building CXX object CMakeFiles/cmTC_e9445.dir/testCXXCompiler.cxx.o
/usr/bin/c++    -std=gnu++2a -o CMakeFiles/cmTC_e9445.dir/testCXXCompiler.cxx.o -c /home/dachuo/build/CMakeFiles/CMakeTmp/testCXXCompiler.cxx
Linking CXX executable cmTC_e9445
/usr/bin/cmake -E cmake_link_script CMakeFiles/cmTC_e9445.dir/link.txt --verbose=1
/usr/bin/c++       CMakeFiles/cmTC_e9445.dir/testCXXCompiler.cxx.o  -o cmTC_e9445 
make[1]: Leaving directory '/home/dachuo/build/CMakeFiles/CMakeTmp'



Detecting CXX compiler ABI info compiled with the following output:
Change Dir: /home/dachuo/build/CMakeFiles/CMakeTmp

Run Build Command(s):/usr/bin/make cmTC_a54a7/fast && /usr/bin/make -f CMakeFiles/cmTC_a54a7.dir/build.make CMakeFiles/cmTC_a54a7.dir/build
make[1]: Entering directory '/home/dachuo/build/CMakeFiles/CMakeTmp'
Building CXX object CMakeFiles/cmTC_a54a7.dir/CMakeCXXCompilerABI.cpp.o
/usr/bin/c++    -v -std=gnu++2a -o CMakeFiles/cmTC_a54a7.dir/CMakeCXXCompilerABI.cpp.o -c /usr/share/cmake-3.16/Modules/CMakeCXXCompilerABI.cpp
Using built-in specs.
COLLECT_GCC=/usr/bin/c++
Target: x86_64-linux-gnu
Configured with: ../src/configure -v --with-pkgversion='Ubuntu 13.1.0-8ubuntu1~20.04.2' --with-bugurl=file:///usr/share/doc/gcc-13/README.Bugs --enable-languages=c,ada,c++,go,d,fortran,objc,obj-c++,m2,rust --prefix=/usr --with-gcc-major-version-only --program-suffix=-13 --program-prefix=x86_64-linux-gnu- --enable-shared --enable-linker-build-id --libexecdir=/usr/libexec --without-included-gettext --enable-threads=posix --libdir=/usr/lib --enable-nls --enable-clocale=gnu --enable-libstdcxx-debug --enable-libstdcxx-time=yes --with-default-libstdcxx-abi=new --enable-gnu-unique-object --disable-vtable-verify --enable-plugin --enable-default-pie --with-system-zlib --enable-libphobos-checking=release --with-target-system-zlib=auto --enable-objc-gc=auto --enable-multiarch --disable-werror --enable-cet --with-arch-32=i686 --with-abi=m64 --with-multilib-list=m32,m64,mx32 --enable-multilib --with-tune=generic --enable-checking=release --build=x86_64-linux-gnu --host=x86_64-linux-gnu --target=x86_64-linux-gnu
Thread model: posix
Supported LTO compression algorithms: zlib zstd
gcc version 13.1.0 (Ubuntu 13.1.0-8ubuntu1~20.04.2) 
COLLECT_GCC_OPTIONS='-v' '-std=gnu++20' '-o' 'CMakeFiles/cmTC_a54a7.dir/CMakeCXXCompilerABI.cpp.o' '-c' '-shared-libgcc' '-mtune=generic' '-march=x86-64' '-dumpdir' 'CMakeFiles/cmTC_a54a7.dir/'
 /usr/libexec/gcc/x86_64-linux-gnu/13/cc1plus -quiet -v -imultiarch x86_64-linux-gnu -D_GNU_SOURCE /usr/share/cmake-3.16/Modules/CMakeCXXCompilerABI.cpp -quiet -dumpdir CMakeFiles/cmTC_a54a7.dir/ -dumpbase CMakeCXXCompilerABI.cpp.cpp -dumpbase-ext .cpp -mtune=generic -march=x86-64 -std=gnu++20 -version -fasynchronous-unwind-tables -fstack-protector-strong -Wformat -Wformat-security -fstack-clash-protection -fcf-protection -o /tmp/ccqru8jQ.s
GNU C++20 (Ubuntu 13.1.0-8ubuntu1~20.04.2) version 13.1.0 (x86_64-linux-gnu)
	compiled by GNU C version 13.1.0, GMP version 6.2.0, MPFR version 4.0.2, MPC version 1.1.0, isl version isl-0.22.1-GMP

GGC heuristics: --param ggc-min-expand=100 --param ggc-min-heapsize=131072
ignoring duplicate directory "/usr/include/x86_64-linux-gnu/c++/13"
ignoring nonexistent directory "/usr/local/include/x86_64-linux-gnu"
ignoring nonexistent directory "/usr/lib/gcc/x86_64-linux-gnu/13/include-fixed/x86_64-linux-gnu"
ignoring nonexistent directory "/usr/lib/gcc/x86_64-linux-gnu/13/include-fixed"
ignoring nonexistent directory "/usr/lib/gcc/x86_64-linux-gnu/13/../../../../x86_64-linux-gnu/include"
#include "..." search starts here:
#include <...> search starts here:
 /usr/include/c++/13
 /usr/include/x86_64-linux-gnu/c++/13
 /usr/include/c++/13/backward
 /usr/lib/gcc/x86_64-linux-gnu/13/include
 /usr/local/include
 /usr/include/x86_64-linux-gnu
 /usr/include
End of search list.
Compiler executable checksum: 391880e3be75f4e1ac78bddcb50fff0c
COLLECT_GCC_OPTIONS='-v' '-std=gnu++20' '-o' 'CMakeFiles/cmTC_a54a7.dir/CMakeCXXCompilerABI.cpp.o' '-c' '-shared-libgcc' '-mtune=generic' '-march=x86-64' '-dumpdir' 'CMakeFiles/cmTC_a54a7.dir/'
 as -v --64 -o CMakeFiles/cmTC_a54a7.dir/CMakeCXXCompilerABI.cpp.o /tmp/ccqru8jQ.s
GNU assembler version 2.34 (x86_64-linux-gnu) using BFD version (GNU Binutils for Ubuntu) 2.34
COMPILER_PATH=/usr/libexec/gcc/x86_64-linux-gnu/13/:/usr/libexec/gcc/x86_64-linux-gnu/13/:/usr/libexec/gcc/x86_64-linux-gnu/:/usr/lib/gcc/x86_64-linux-gnu/13/:/usr/lib/gcc/x86_64-linux-gnu/
LIBRARY_PATH=/usr/lib/gcc/x86_64-linux-gnu/13/:/usr/lib/gcc/x86_64-linux-gnu/13/../../../x86_64-linux-gnu/:/usr/lib/gcc/x86_64-linux-gnu/13/../../../../lib/:/lib/x86_64-linux-gnu/:/lib/../lib/:/usr/lib/x86_64-linux-gnu/:/usr/lib/../lib/:/usr/lib/gcc/x86_64-linux-gnu/13/../../../:/lib/:/usr/lib/
COLLECT_GCC_OPTIONS='-v' '-std=gnu++20' '-o' 'CMakeFiles/cmTC_a54a7.dir/CMakeCXXCompilerABI.cpp.o' '-c' '-shared-libgcc' '-mtune=generic' '-march=x86-64' '-dumpdir' 'CMakeFiles/cmTC_a54a7.dir/CMakeCXXCompilerABI.cpp.'
Linking CXX executable cmTC_a54a7
/usr/bin/cmake -E cmake_link_script CMakeFiles/cmTC_a54a7.dir/link.txt --verbose=1
/usr/bin/c++      -v CMakeFiles/cmTC_a54a7.dir/CMakeCXXCompilerABI.cpp.o  -o cmTC_a54a7 
Using built-in specs.
COLLECT_GCC=/usr/bin/c++
COLLECT_LTO_WRAPPER=/usr/libexec/gcc/x86_64-linux-gnu/13/lto-wrapper
Target: x86_64-linux-gnu
Configured with: ../src/configure -v --with-pkgversion='Ubuntu 13.1.0-8ubuntu1~20.04.2' --with-bugurl=file:///usr/share/doc/gcc-13/README.Bugs --enable-languages=c,ada,c++,go,d,fortran,objc,obj-c++,m2,rust --prefix=/usr --with-gcc-major-version-only --program-suffix=-13 --program-prefix=x86_64-linux-gnu- --enable-shared --enable-linker-build-id --libexecdir=/usr/libexec --without-included-gettext --enable-threads=posix --libdir=/usr/lib --enable-nls --enable-clocale=gnu --enable-libstdcxx-debug --enable-libstdcxx-time=yes --with-default-libstdcxx-abi=new --enable-gnu-unique-object --disable-vtable-verify --enable-plugin --enable-default-pie --with-system-zlib --enable-libphobos-checking=release --with-target-system-zlib=auto --enable-objc-gc=auto --enable-multiarch --disable-werror --enable-cet --with-arch-32=i686 --with-abi=m64 --with-multilib-list=m32,m64,mx32 --enable-multilib --with-tune=generic --enable-checking=release --build=x86_64-linux-gnu --host=x86_64-linux-gnu --target=x86_64-linux-gnu
Thread model: posix
Supported LTO compression algorithms: zlib zstd
gcc version 13.1.0 (Ubuntu 13.1.0-8ubuntu1~20.04.2) 
COMPILER_PATH=/usr/libexec/gcc/x86_64-linux-gnu/13/:/usr/libexec/gcc/x86_64-linux-gnu/13/:/usr/libexec/gcc/x86_64-linux-gnu/:/usr/lib/gcc/x86_64-linux-gnu/13/:/usr/lib/gcc/x86_64-linux-gnu/
LIBRARY_PATH=/usr/lib/gcc/x86_64-linux-gnu/13/:/usr/lib/gcc/x86_64-linux-gnu/13/../../../x86_64-linux-gnu/:/usr/lib/gcc/x86_64-linux-gnu/13/../../../../lib/:/lib/x86_64-linux-gnu/:/lib/../lib/:/usr/lib/x86_64-linux-gnu/:/usr/lib/../lib/:/usr/lib/gcc/x86_64-linux-gnu/13/../../../:/lib/:/usr/lib/
COLLECT_GCC_OPTIONS='-v' '-o' 'cmTC_a54a7' '-shared-libgcc' '-mtune=generic' '-march=x86-64' '-dumpdir' 'cmTC_a54a7.'
 /usr/libexec/gcc/x86_64-linux-gnu/13/collect2 -plugin /usr/libexec/gcc/x86_64-linux-gnu/13/liblto_plugin.so -plugin-opt=/usr/libexec/gcc/x86_64-linux-gnu/13/lto-wrapper -plugin-opt=-fresolution=/tmp/ccaxG9Ni.res -plugin-opt=-pass-through=-lgcc_s -plugin-opt=-pass-through=-lgcc -plugin-opt=-pass-through=-lc -plugin-opt=-pass-through=-lgcc_s -plugin-opt=-pass-through=-lgcc --build-id --eh-frame-hdr -m elf_x86_64 --hash-style=gnu --as-needed -dynamic-linker /lib64/ld-linux-x86-64.so.2 -pie -z now -z relro -o cmTC_a54a7 /usr/lib/gcc/x86_64-linux-gnu/13/../../../x86_64-linux-gnu/Scrt1.o /usr/lib/gcc/x86_64-linux-gnu/13/../../../x86_64-linux-gnu/crti.o /usr/lib/gcc/x86_64-linux-gnu/13/crtbeginS.o -L/usr/lib/gcc/x86_64-linux-gnu/13 -L/usr/lib/gcc/x86_64-linux-gnu/13/../../../x86_64-linux-gnu -L/usr/lib/gcc/x86_64-linux-gnu/13/../../../../lib -L/lib/x86_64-linux-gnu -L/lib/../lib -L/usr/lib/x86_64-linux-gnu -L/usr/lib/../lib -L/usr/lib/gcc/x86_64-linux-gnu/13/../../.. CMakeFiles/cmTC_a54a7.dir/CMakeCXXCompilerABI.cpp.o -lstdc++ -lm -lgcc_s -lgcc -lc -lgcc_s -lgcc /usr/lib/gcc/x86_64-linux-gnu/13/crtendS.o /usr/lib/gcc/x86_64-linux-gnu/13/../../../x86_64-linux-gnu/crtn.o
COLLECT_GCC_OPTIONS='-v' '-o' 'cmTC_a54a7' '-shared-libgcc' '-mtune=generic' '-march=x86-64' '-dumpdir' 'cmTC_a54a7.'
make[1]: Leaving directory '/home/dachuo/build/CMakeFiles/CMakeTmp'



Parsed CXX implicit include dir info from above output: rv=done
  found start of include info
  found start of implicit include info
    add: [/usr/include/c++/13]
    add: [/usr/include/x86_64-linux-gnu/c++/13]
    add: [/usr/include/c++/13/backward]
    add: [/usr/lib/gcc/x86_64-linux-gnu/13/include]
    add: [/usr/local/include]
    add: [/usr/include/x86_64-linux-gnu]
    add: [/usr/include]
  end of search list found
  collapse include dir [/usr/include/c++/13] ==> [/usr/include/c++/13]
  collapse include dir [/usr/include/x86_64-linux-gnu/c++/13] ==> [/usr/include/x86_64-linux-gnu/c++/13]
  collapse include dir [/usr/include/c++/13/backward] ==> [/usr/include/c++/13/backward]
  collapse include dir [/usr/lib/gcc/x86_64-linux-gnu/13/include] ==> [/usr/lib/gcc/x86_64-linux-gnu/13/include]
  collapse include dir [/usr/local/include] ==> [/usr/local/include]
  collapse include dir [/usr/include/x86_64-linux-gnu] ==> [/usr/include/x86_64-linux-gnu]
  collapse include dir [/usr/include] ==> [/usr/include]
  implicit include dirs: [/usr/include/c++/13;/usr/include/x86_64-linux-gnu/c++/13;/usr/include/c++/13/backward;/usr/lib/gcc/x86_64-linux-gnu/13/include;/usr/local/include;/usr/include/x86_64-linux-gnu;/usr/include]


Parsed CXX implicit link information from above output:
  link line regex: [^( *|.*[/\])(ld|CMAKE_LINK_STARTFILE-NOTFOUND|([^/\]+-)?ld|collect2)[^/\]*( |$)]
  ignore line: [Change Dir: /home/dachuo/build/CMakeFiles/CMakeTmp]
  ignore line: []
  ignore line: [Run Build Command(s):/usr/bin/make cmTC_a54a7/fast && /usr/bin/make -f CMakeFiles/cmTC_a54a7.dir/build.make CMakeFiles/cmTC_a54a7.dir/build]
  ignore line: [make[1]: Entering directory '/home/dachuo/build/CMakeFiles/CMakeTmp']
  ignore line: [Building CXX object CMakeFiles/cmTC_a54a7.dir/CMakeCXXCompilerABI.cpp.o]
  ignore line: [/usr/bin/c++    -v -std=gnu++2a -o CMakeFiles/cmTC_a54a7.dir/CMakeCXXCompilerABI.cpp.o -c /usr/share/cmake-3.16/Modules/CMakeCXXCompilerABI.cpp]
  ignore line: [Using built-in specs.]
  ignore line: [COLLECT_GCC=/usr/bin/c++]
  ignore line: [Target: x86_64-linux-gnu]
  ignore line: [Configured with: ../src/configure -v --with-pkgversion='Ubuntu 13.1.0-8ubuntu1~20.04.2' --with-bugurl=file:///usr/share/doc/gcc-13/README.Bugs --enable-languages=c ada c++ go d fortran objc obj-c++ m2 rust --prefix=/usr --with-gcc-major-version-only --program-suffix=-13 --program-prefix=x86_64-linux-gnu- --enable-shared --enable-linker-build-id --libexecdir=/usr/libexec --without-included-gettext --enable-threads=posix --libdir=/usr/lib --enable-nls --enable-clocale=gnu --enable-libstdcxx-debug --enable-libstdcxx-time=yes --with-default-libstdcxx-abi=new --enable-gnu-unique-object --disable-vtable-verify --enable-plugin --enable-default-pie --with-system-zlib --enable-libphobos-checking=release --with-target-system-zlib=auto --enable-objc-gc=auto --enable-multiarch --disable-werror --enable-cet --with-arch-32=i686 --with-abi=m64 --with-multilib-list=m32 m64 mx32 --enable-multilib --with-tune=generic --enable-checking=release --build=x86_64-linux-gnu --host=x86_64-linux-gnu --target=x86_64-linux-gnu]
  ignore line: [Thread model: posix]
  ignore line: [Supported LTO compression algorithms: zlib zstd]
  ignore line: [gcc version 13.1.0 (Ubuntu 13.1.0-8ubuntu1~20.04.2) ]
  ignore line: [COLLECT_GCC_OPTIONS='-v' '-std=gnu++20' '-o' 'CMakeFiles/cmTC_a54a7.dir/CMakeCXXCompilerABI.cpp.o' '-c' '-shared-libgcc' '-mtune=generic' '-march=x86-64' '-dumpdir' 'CMakeFiles/cmTC_a54a7.dir/']
  ignore line: [ /usr/libexec/gcc/x86_64-linux-gnu/13/cc1plus -quiet -v -imultiarch x86_64-linux-gnu -D_GNU_SOURCE /usr/share/cmake-3.16/Modules/CMakeCXXCompilerABI.cpp -quiet -dumpdir CMakeFiles/cmTC_a54a7.dir/ -dumpbase CMakeCXXCompilerABI.cpp.cpp -dumpbase-ext .cpp -mtune=generic -march=x86-64 -std=gnu++20 -version -fasynchronous-unwind-tables -fstack-protector-strong -Wformat -Wformat-security -fstack-clash-protection -fcf-protection -o /tmp/ccqru8jQ.s]
  ignore line: [GNU C++20 (Ubuntu 13.1.0-8ubuntu1~20.04.2) version 13.1.0 (x86_64-linux-gnu)]
  ignore line: [	compiled by GNU C version 13.1.0  GMP version 6.2.0  MPFR version 4.0.2  MPC version 1.1.0  isl version isl-0.22.1-GMP]
  ignore line: []
  ignore line: [GGC heuristics: --param ggc-min-expand=100 --param ggc-min-heapsize=131072]
  ignore line: [ignoring duplicate directory "/usr/include/x86_64-linux-gnu/c++/13"]
  ignore line: [ignoring nonexistent directory "/usr/local/include/x86_64-linux-gnu"]
  ignore line: [ignoring nonexistent directory "/usr/lib/gcc/x86_64-linux-gnu/13/include-fixed/x86_64-linux-gnu"]
  ignore line: [ignoring nonexistent directory "/usr/lib/gcc/x86_64-linux-gnu/13/include-fixed"]
  ignore line: [ignoring nonexistent directory "/usr/lib/gcc/x86_64-linux-gnu/13/../../../../x86_64-linux-gnu/include"]
  ignore line: [#include "..." search starts here:]
  ignore line: [#include <...> search starts here:]
  ignore line: [ /usr/include/c++/13]
  ignore line: [ /usr/include/x86_64-linux-gnu/c++/13]
  ignore line: [ /usr/include/c++/13/backward]
  ignore line: [ /usr/lib/gcc/x86_64-linux-gnu/13/include]
  ignore line: [ /usr/local/include]
  ignore line: [ /usr/include/x86_64-linux-gnu]
  ignore line: [ /usr/include]
  ignore line: [End of search list.]
  ignore line: [Compiler executable checksum: 391880e3be75f4e1ac78bddcb50fff0c]
  ignore line: [COLLECT_GCC_OPTIONS='-v' '-std=gnu++20' '-o' 'CMakeFiles/cmTC_a54a7.dir/CMakeCXXCompilerABI.cpp.o' '-c' '-shared-libgcc' '-mtune=generic' '-march=x86-64' '-dumpdir' 'CMakeFiles/cmTC_a54a7.dir/']
  ignore line: [ as -v --64 -o CMakeFiles/cmTC_a54a7.dir/CMakeCXXCompilerABI.cpp.o /tmp/ccqru8jQ.s]
  ignore line: [GNU assembler version 2.34 (x86_64-linux-gnu) using BFD version (GNU Binutils for Ubuntu) 2.34]
  ignore line: [COMPILER_PATH=/usr/libexec/gcc/x86_64-linux-gnu/13/:/usr/libexec/gcc/x86_64-linux-gnu/13/:/usr/libexec/gcc/x86_64-linux-gnu/:/usr/lib/gcc/x86_64-linux-gnu/13/:/usr/lib/gcc/x86_64-linux-gnu/]
  ignore line: [LIBRARY_PATH=/usr/lib/gcc/x86_64-linux-gnu/13/:/usr/lib/gcc/x86_64-linux-gnu/13/../../../x86_64-linux-gnu/:/usr/lib/gcc/x86_64-linux-gnu/13/../../../../lib/:/lib/x86_64-linux-gnu/:/lib/../lib/:/usr/lib/x86_64-linux-gnu/:/usr/lib/../lib/:/usr/lib/gcc/x86_64-linux-gnu/13/../../../:/lib/:/usr/lib/]
  ignore line: [COLLECT_GCC_OPTIONS='-v' '-std=gnu++20' '-o' 'CMakeFiles/cmTC_a54a7.dir/CMakeCXXCompilerABI.cpp.o' '-c' '-shared-libgcc' '-mtune=generic' '-march=x86-64' '-dumpdir' 'CMakeFiles/cmTC_a54a7.dir/CMakeCXXCompilerABI.cpp.']
  ignore line: [Linking CXX executable cmTC_a54a7]
  ignore line: [/usr/bin/cmake -E cmake_link_script CMakeFiles/cmTC_a54a7.dir/link.txt --verbose=1]
  ignore line: [/usr/bin/c++      -v CMakeFiles/cmTC_a54a7.dir/CMakeCXXCompilerABI.cpp.o  -o cmTC_a54a7 ]
  ignore line: [Using built-in specs.]
  ignore line: [COLLECT_GCC=/usr/bin/c++]
  ignore line: [COLLECT_LTO_WRAPPER=/usr/libexec/gcc/x86_64-linux-gnu/13/lto-wrapper]
  ignore line: [Target: x86_64-linux-gnu]
  ignore line: [Configured with: ../src/configure -v --with-pkgversion='Ubuntu 13.1.0-8ubuntu1~20.04.2' --with-bugurl=file:///usr/share/doc/gcc-13/README.Bugs --enable-languages=c ada c++ go d fortran objc obj-c++ m2 rust --prefix=/usr --with-gcc-major-version-only --program-suffix=-13 --program-prefix=x86_64-linux-gnu- --enable-shared --enable-linker-build-id --libexecdir=/usr/libexec --without-included-gettext --enable-threads=posix --libdir=/usr/lib --enable-nls --enable-clocale=gnu --enable-libstdcxx-debug --enable-libstdcxx-time=yes --with-default-libstdcxx-abi=new --enable-gnu-unique-object --disable-vtable-verify --enable-plugin --enable-default-pie --with-system-zlib --enable-libphobos-checking=release --with-target-system-zlib=auto --enable-objc-gc=auto --enable-multiarch --disable-werror --enable-cet --with-arch-32=i686 --with-abi=m64 --with-multilib-list=m32 m64 mx32 --enable-multilib --with-tune=generic --enable-checking=release --build=x86_64-linux-gnu --host=x86_64-linux-gnu --target=x86_64-linux-gnu]
  ignore line: [Thread model: posix]
  ignore line: [Supported LTO compression algorithms: zlib zstd]
  ignore line: [gcc version 13.1.0 (Ubuntu 13.1.0-8ubuntu1~20.04.2) ]
  ignore line: [COMPILER_PATH=/usr/libexec/gcc/x86_64-linux-gnu/13/:/usr/libexec/gcc/x86_64-linux-gnu/13/:/usr/libexec/gcc/x86_64-linux-gnu/:/usr/lib/gcc/x86_64-linux-gnu/13/:/usr/lib/gcc/x86_64-linux-gnu/]
  ignore line: [LIBRARY_PATH=/usr/lib/gcc/x86_64-linux-gnu/13/:/usr/lib/gcc/x86_64-linux-gnu/13/../../../x86_64-linux-gnu/:/usr/lib/gcc/x86_64-linux-gnu/13/../../../../lib/:/lib/x86_64-linux-gnu/:/lib/../lib/:/usr/lib/x86_64-linux-gnu/:/usr/lib/../lib/:/usr/lib/gcc/x86_64-linux-gnu/13/../../../:/lib/:/usr/lib/]
  ignore line: [COLLECT_GCC_OPTIONS='-v' '-o' 'cmTC_a54a7' '-shared-libgcc' '-mtune=generic' '-march=x86-64' '-dumpdir' 'cmTC_a54a7.']
  link line: [ /usr/libexec/gcc/x86_64-linux-gnu/13/collect2 -plugin /usr/libexec/gcc/x86_64-linux-gnu/13/liblto_plugin.so -plugin-opt=/usr/libexec/gcc/x86_64-linux-gnu/13/lto-wrapper -plugin-opt=-fresolution=/tmp/ccaxG9Ni.res -plugin-opt=-pass-through=-lgcc_s -plugin-opt=-pass-through=-lgcc -plugin-opt=-pass-through=-lc -plugin-opt=-pass-through=-lgcc_s -plugin-opt=-pass-through=-lgcc --build-id --eh-frame-hdr -m elf_x86_64 --hash-style=gnu --as-needed -dynamic-linker /lib64/ld-linux-x86-64.so.2 -pie -z now -z relro -o cmTC_a54a7 /usr/lib/gcc/x86_64-linux-gnu/13/../../../x86_64-linux-gnu/Scrt1.o /usr/lib/gcc/x86_64-linux-gnu/13/../../../x86_64-linux-gnu/crti.o /usr/lib/gcc/x86_64-linux-gnu/13/crtbeginS.o -L/usr/lib/gcc/x86_64-linux-gnu/13 -L/usr/lib/gcc/x86_64-linux-gnu/13/../../../x86_64-linux-gnu -L/usr/lib/gcc/x86_64-linux-gnu/13/../../../../lib -L/lib/x86_64-linux-gnu -L/lib/../lib -L/usr/lib/x86_64-linux-gnu -L/usr/lib/../lib -L/usr/lib/gcc/x86_64-linux-gnu/13/../../.. CMakeFiles/cmTC_a54a7.dir/CMakeCXXCompilerABI.cpp.o -lstdc++ -lm -lgcc_s -lgcc -lc -lgcc_s -lgcc /usr/lib/gcc/x86_64-linux-gnu/13/crtendS.o /usr/lib/gcc/x86_64-linux-gnu/13/../../../x86_64-linux-gnu/crtn.o]
    arg [/usr/libexec/gcc/x86_64-linux-gnu/13/collect2] ==> ignore
    arg [-plugin] ==> ignore
    arg [/usr/libexec/gcc/x86_64-linux-gnu/13/liblto_plugin.so] ==> ignore
    arg [-plugin-opt=/usr/libexec/gcc/x86_64-linux-gnu/13/lto-wrapper] ==> ignore
    arg [-plugin-opt=-fresolution=/tmp/ccaxG9Ni.res] ==> ignore
    arg [-plugin-opt=-pass-through=-lgcc_s] ==> ignore
    arg [-plugin-opt=-pass-through=-lgcc] ==> ignore
    arg [-plugin-opt=-pass-through=-lc] ==> ignore
    arg [-plugin-opt=-pass-through=-lgcc_s] ==> ignore
    arg [-plugin-opt=-pass-through=-lgcc] ==> ignore
    arg [--build-id] ==> ignore
    arg [--eh-frame-hdr] ==> ignore
    arg [-m] ==> ignore
    arg [elf_x86_64] ==> ignore
    arg [--hash-style=gnu] ==> ignore
    arg [--as-needed] ==> ignore
    arg [-dynamic-linker] ==> ignore
    arg [/lib64/ld-linux-x86-64.so.2] ==> ignore
    arg [-pie] ==> ignore
    arg [-znow] ==> ignore
    arg [-zrelro] ==> ignore
    arg [-o] ==> ignore
    arg [cmTC_a54a7] ==> ignore
    arg [/usr/lib/gcc/x86_64-linux-gnu/13/../../../x86_64-linux-gnu/Scrt1.o] ==> ignore
    arg [/usr/lib/gcc/x86_64-linux-gnu/13/../../../x86_64-linux-gnu/crti.o] ==> ignore
    arg [/usr/lib/gcc/x86_64-linux-gnu/13/crtbeginS.o] ==> ignore
    arg [-L/usr/lib/gcc/x86_64-linux-gnu/13] ==> dir [/usr/lib/gcc/x86_64-linux-gnu/13]
    arg [-L/usr/lib/gcc/x86_64-linux-gnu/13/../../../x86_64-linux-gnu] ==> dir [/usr/lib/gcc/x86_64-linux-gnu/13/../../../x86_64-linux-gnu]
    arg [-L/usr/lib/gcc/x86_64-linux-gnu/13/../../../../lib] ==> dir [/usr/lib/gcc/x86_64-linux-gnu/13/../../../../lib]
    arg [-L/lib/x86_64-linux-gnu] ==> dir [/lib/x86_64-linux-gnu]
    arg [-L/lib/../lib] ==> dir [/lib/../lib]
    arg [-L/usr/lib/x86_64-linux-gnu] ==> dir [/usr/lib/x86_64-linux-gnu]
    arg [-L/usr/lib/../lib] ==> dir [/usr/lib/../lib]
    arg [-L/usr/lib/gcc/x86_64-linux-gnu/13/../../..] ==> dir [/usr/lib/gcc/x86_64-linux-gnu/13/../../..]
    arg [CMakeFiles/cmTC_a54a7.dir/CMakeCXXCompilerABI.cpp.o] ==> ignore
    arg [-lstdc++] ==> lib [stdc++]
    arg [-lm] ==> lib [m]
    arg [-lgcc_s] ==> lib [gcc_s]
    arg [-lgcc] ==> lib [gcc]
    arg [-lc] ==> lib [c]
    arg [-lgcc_s] ==> lib [gcc_s]
    arg [-lgcc] ==> lib [gcc]
    arg [/usr/lib/gcc/x86_64-linux-gnu/13/crtendS.o] ==> ignore
    arg [/usr/lib/gcc/x86_64-linux-gnu/13/../../../x86_64-linux-gnu/crtn.o] ==> ignore
  collapse library dir [/usr/lib/gcc/x86_64-linux-gnu/13] ==> [/usr/lib/gcc/x86_64-linux-gnu/13]
  collapse library dir [/usr/lib/gcc/x86_64-linux-gnu/13/../../../x86_64-linux-gnu] ==> [/usr/lib/x86_64-linux-gnu]
  collapse library dir [/usr/lib/gcc/x86_64-linux-gnu/13/../../../../lib] ==> [/usr/lib]
  collapse library dir [/lib/x86_64-linux-gnu] ==> [/lib/x86_64-linux-gnu]
  collapse library dir [/lib/../lib] ==> [/lib]
  collapse library dir [/usr/lib/x86_64-linux-gnu] ==> [/usr/lib/x86_64-linux-gnu]
  collapse library dir [/usr/lib/../lib] ==> [/usr/lib]
  collapse library dir [/usr/lib/gcc/x86_64-linux-gnu/13/../../..] ==> [/usr/lib]
  implicit libs: [stdc++;m;gcc_s;gcc;c;gcc_s;gcc]
  implicit dirs: [/usr/lib/gcc/x86_64-linux-gnu/13;/usr/lib/x86_64-linux-gnu;/usr/lib;/lib/x86_64-linux-gnu;/lib]
  implicit fwks: []


The system is: Linux - 4.4.0-19041-Microsoft - x86_64
Compiling the C compiler identification source file "CMakeCCompilerId.c" succeeded.
Compiler: /usr/bin/cc 
Build flags: 
Id flags:  

The output was:
0


Compilation of the C compiler identification source "CMakeCCompilerId.c" produced "a.out"

The C compiler identification is GNU, found in "/home/dachuo/build/CMakeFiles/3.16.3/CompilerIdC/a.out"

Compiling the CXX compiler identification source file "CMakeCXXCompilerId.cpp" succeeded.
Compiler: /usr/bin/c++ 
Build flags: 
Id flags:  

The output was:
0


Compilation of the CXX compiler identification source "CMakeCXXCompilerId.cpp" produced "a.out"

The CXX compiler identification is GNU, found in "/home/dachuo/build/CMakeFiles/3.16.3/CompilerIdCXX/a.out"

Determining if the C compiler works passed with the following output:
Change Dir: /home/dachuo/build/CMakeFiles/CMakeTmp

Run Build Command(s):/usr/bin/make cmTC_1e10a/fast && /usr/bin/make -f CMakeFiles/cmTC_1e10a.dir/build.make CMakeFiles/cmTC_1e10a.dir/build
make[1]: Entering directory '/home/dachuo/build/CMakeFiles/CMakeTmp'
Building C object CMakeFiles/cmTC_1e10a.dir/testCCompiler.c.o
/usr/bin/cc    -o CMakeFiles/cmTC_1e10a.dir/testCCompiler.c.o   -c /home/dachuo/build/CMakeFiles/CMakeTmp/testCCompiler.c
Linking C executable cmTC_1e10a
/usr/bin/cmake -E cmake_link_script CMakeFiles/cmTC_1e10a.dir/link.txt --verbose=1
/usr/bin/cc      CMakeFiles/cmTC_1e10a.dir/testCCompiler.c.o  -o cmTC_1e10a 
make[1]: Leaving directory '/home/dachuo/build/CMakeFiles/CMakeTmp'



Detecting C compiler ABI info compiled with the following output:
Change Dir: /home/dachuo/build/CMakeFiles/CMakeTmp

Run Build Command(s):/usr/bin/make cmTC_8d775/fast && /usr/bin/make -f CMakeFiles/cmTC_8d775.dir/build.make CMakeFiles/cmTC_8d775.dir/build
make[1]: Entering directory '/home/dachuo/build/CMakeFiles/CMakeTmp'
Building C object CMakeFiles/cmTC_8d775.dir/CMakeCCompilerABI.c.o
/usr/bin/cc   -v -o CMakeFiles/cmTC_8d775.dir/CMakeCCompilerABI.c.o   -c /usr/share/cmake-3.16/Modules/CMakeCCompilerABI.c
Using built-in specs.
COLLECT_GCC=/usr/bin/cc
Target: x86_64-linux-gnu
Configured with: ../src/configure -v --with-pkgversion='Ubuntu 13.1.0-8ubuntu1~20.04.2' --with-bugurl=file:///usr/share/doc/gcc-13/README.Bugs --enable-languages=c,ada,c++,go,d,fortran,objc,obj-c++,m2,rust --prefix=/usr --with-gcc-major-version-only --program-suffix=-13 --program-prefix=x86_64-linux-gnu- --enable-shared --enable-linker-build-id --libexecdir=/usr/libexec --without-included-gettext --enable-threads=posix --libdir=/usr/lib --enable-nls --enable-clocale=gnu --enable-libstdcxx-debug --enable-libstdcxx-time=yes --with-default-libstdcxx-abi=new --enable-gnu-unique-object --disable-vtable-verify --enable-plugin --enable-default-pie --with-system-zlib --enable-libphobos-checking=release --with-target-system-zlib=auto --enable-objc-gc=auto --enable-multiarch --disable-werror --enable-cet --with-arch-32=i686 --with-abi=m64 --with-multilib-list=m32,m64,mx32 --enable-multilib --with-tune=generic --enable-checking=release --build=x86_64-linux-gnu --host=x86_64-linux-gnu --target=x86_64-linux-gnu
Thread model: posix
Supported LTO compression algorithms: zlib zstd
gcc version 13.1.0 (Ubuntu 13.1.0-8ubuntu1~20.04.2) 
COLLECT_GCC_OPTIONS='-v' '-o' 'CMakeFiles/cmTC_8d775.dir/CMakeCCompilerABI.c.o' '-c' '-mtune=generic' '-march=x86-64' '-dumpdir' 'CMakeFiles/cmTC_8d775.dir/'
 /usr/libexec/gcc/x86_64-linux-gnu/13/cc1 -quiet -v -imultiarch x86_64-linux-gnu /usr/share/cmake-3.16/Modules/CMakeCCompilerABI.c -quiet -dumpdir CMakeFiles/cmTC_8d775.dir/ -dumpbase CMakeCCompilerABI.c.c -dumpbase-ext .c -mtune=generic -march=x86-64 -version -fasynchronous-unwind-tables -fstack-protector-strong -Wformat -Wformat-security -fstack-clash-protection -fcf-protection -o /tmp/ccleuLWW.s
GNU C17 (Ubuntu 13.1.0-8ubuntu1~20.04.2) version 13.1.0 (x86_64-linux-gnu)
	compiled by GNU C version 13.1.0, GMP version 6.2.0, MPFR version 4.0.2, MPC version 1.1.0, isl version isl-0.22.1-GMP

GGC heuristics: --param ggc-min-expand=100 --param ggc-min-heapsize=131072
ignoring nonexistent directory "/usr/local/include/x86_64-linux-gnu"
ignoring nonexistent directory "/usr/lib/gcc/x86_64-linux-gnu/13/include-fixed/x86_64-linux-gnu"
ignoring nonexistent directory "/usr/lib/gcc/x86_64-linux-gnu/13/include-fixed"
ignoring nonexistent directory "/usr/lib/gcc/x86_64-linux-gnu/13/../../../../x86_64-linux-gnu/include"
#include "..." search starts here:
#include <...> search starts here:
 /usr/lib/gcc/x86_64-linux-gnu/13/include
 /usr/local/include
 /usr/include/x86_64-linux-gnu
 /usr/include
End of search list.
Compiler executable checksum: f0b3c90e0f11c3d406d33a12053911f6
COLLECT_GCC_OPTIONS='-v' '-o' 'CMakeFiles/cmTC_8d775.dir/CMakeCCompilerABI.c.o' '-c' '-mtune=generic' '-march=x86-64' '-dumpdir' 'CMakeFiles/cmTC_8d775.dir/'
 as -v --64 -o CMakeFiles/cmTC_8d775.dir/CMakeCCompilerABI.c.o /tmp/ccleuLWW.s
GNU assembler version 2.34 (x86_64-linux-gnu) using BFD version (GNU Binutils for Ubuntu) 2.34
COMPILER_PATH=/usr/libexec/gcc/x86_64-linux-gnu/13/:/usr/libexec/gcc/x86_64-linux-gnu/13/:/usr/libexec/gcc/x86_64-linux-gnu/:/usr/lib/gcc/x86_64-linux-gnu/13/:/usr/lib/gcc/x86_64-linux-gnu/
LIBRARY_PATH=/usr/lib/gcc/x86_64-linux-gnu/13/:/usr/lib/gcc/x86_64-linux-gnu/13/../../../x86_64-linux-gnu/:/usr/lib/gcc/x86_64-linux-gnu/13/../../../../lib/:/lib/x86_64-linux-gnu/:/lib/../lib/:/usr/lib/x86_64-linux-gnu/:/usr/lib/../lib/:/usr/lib/gcc/x86_64-linux-gnu/13/../../../:/lib/:/usr/lib/
COLLECT_GCC_OPTIONS='-v' '-o' 'CMakeFiles/cmTC_8d775.dir/CMakeCCompilerABI.c.o' '-c' '-mtune=generic' '-march=x86-64' '-dumpdir' 'CMakeFiles/cmTC_8d775.dir/CMakeCCompilerABI.c.'
Linking C executable cmTC_8d775
/usr/bin/cmake -E cmake_link_script CMakeFiles/cmTC_8d775.dir/link.txt --verbose=1
/usr/bin/cc     -v CMakeFiles/cmTC_8d775.dir/CMakeCCompilerABI.c.o  -o cmTC_8d775 
Using built-in specs.
COLLECT_GCC=/usr/bin/cc
COLLECT_LTO_WRAPPER=/usr/libexec/gcc/x86_64-linux-gnu/13/lto-wrapper
Target: x86_64-linux-gnu
Configured with: ../src/configure -v --with-pkgversion='Ubuntu 13.1.0-8ubuntu1~20.04.2' --with-bugurl=file:///usr/share/doc/gcc-13/README.Bugs --enable-languages=c,ada,c++,go,d,fortran,objc,obj-c++,m2,rust --prefix=/usr --with-gcc-major-version-only --program-suffix=-13 --program-prefix=x86_64-linux-gnu- --enable-shared --enable-linker-build-id --libexecdir=/usr/libexec --without-included-gettext --enable-threads=posix --libdir=/usr/lib --enable-nls --enable-clocale=gnu --enable-libstdcxx-debug --enable-libstdcxx-time=yes --with-default-libstdcxx-abi=new --enable-gnu-unique-object --disable-vtable-verify --enable-plugin --enable-default-pie --with-system-zlib --enable-libphobos-checking=release --with-target-system-zlib=auto --enable-objc-gc=auto --enable-multiarch --disable-werror --enable-cet --with-arch-32=i686 --with-abi=m64 --with-multilib-list=m32,m64,mx32 --enable-multilib --with-tune=generic --enable-checking=release --build=x86_64-linux-gnu --host=x86_64-linux-gnu --target=x86_64-linux-gnu
Thread model: posix
Supported LTO compression algorithms: zlib zstd
gcc version 13.1.0 (Ubuntu 13.1.0-8ubuntu1~20.04.2) 
COMPILER_PATH=/usr/libexec/gcc/x86_64-linux-gnu/13/:/usr/libexec/gcc/x86_64-linux-gnu/13/:/usr/libexec/gcc/x86_64-linux-gnu/:/usr/lib/gcc/x86_64-linux-gnu/13/:/usr/lib/gcc/x86_64-linux-gnu/
LIBRARY_PATH=/usr/lib/gcc/x86_64-linux-gnu/13/:/usr/lib/gcc/x86_64-linux-gnu/13/../../../x86_64-linux-gnu/:/usr/lib/gcc/x86_64-linux-gnu/13/../../../../lib/:/lib/x86_64-linux-gnu/:/lib/../lib/:/usr/lib/x86_64-linux-gnu/:/usr/lib/../lib/:/usr/lib/gcc/x86_64-linux-gnu/13/../../../:/lib/:/usr/lib/
COLLECT_GCC_OPTIONS='-v' '-o' 'cmTC_8d775' '-mtune=generic' '-march=x86-64' '-dumpdir' 'cmTC_8d775.'
 /usr/libexec/gcc/x86_64-linux-gnu/13/collect2 -plugin /usr/libexec/gcc/x86_64-linux-gnu/13/liblto_plugin.so -plugin-opt=/usr/libexec/gcc/x86_64-linux-gnu/13/lto-wrapper -plugin-opt=-fresolution=/tmp/ccCjWW8o.res -plugin-opt=-pass-through=-lgcc -plugin-opt=-pass-through=-lgcc_s -plugin-opt=-pass-through=-lc -plugin-opt=-pass-through=-lgcc -plugin-opt=-pass-through=-lgcc_s --build-id --eh-frame-hdr -m elf_x86_64 --hash-style=gnu --as-needed -dynamic-linker /lib64/ld-linux-x86-64.so.2 -pie -z now -z relro -o cmTC_8d775 /usr/lib/gcc/x86_64-linux-gnu/13/../../../x86_64-linux-gnu/Scrt1.o /usr/lib/gcc/x86_64-linux-gnu/13/../../../x86_64-linux-gnu/crti.o /usr/lib/gcc/x86_64-linux-gnu/13/crtbeginS.o -L/usr/lib/gcc/x86_64-linux-gnu/13 -L/usr/lib/gcc/x86_64-linux-gnu/13/../../../x86_64-linux-gnu -L/usr/lib/gcc/x86_64-linux-gnu/13/../../../../lib -L/lib/x86_64-linux-gnu -L/lib/../lib -L/usr/lib/x86_64-linux-gnu -L/usr/lib/../lib -L/usr/lib/gcc/x86_64-linux-gnu/13/../../.. CMakeFiles/cmTC_8d775.dir/CMakeCCompilerABI.c.o -lgcc --push-state --as-needed -lgcc_s --pop-state -lc -lgcc --push-state --as-needed -lgcc_s --pop-state /usr/lib/gcc/x86_64-linux-gnu/13/crtendS.o /usr/lib/gcc/x86_64-linux-gnu/13/../../../x86_64-linux-gnu/crtn.o
COLLECT_GCC_OPTIONS='-v' '-o' 'cmTC_8d775' '-mtune=generic' '-march=x86-64' '-dumpdir' 'cmTC_8d775.'
make[1]: Leaving directory '/home/dachuo/build/CMakeFiles/CMakeTmp'



Parsed C implicit include dir info from above output: rv=done
  found start of include info
  found start of implicit include info
    add: [/usr/lib/gcc/x86_64-linux-gnu/13/include]
    add: [/usr/local/include]
    add: [/usr/include/x86_64-linux-gnu]
    add: [/usr/include]
  end of search list found
  collapse include dir [/usr/lib/gcc/x86_64-linux-gnu/13/include] ==> [/usr/lib/gcc/x86_64-linux-gnu/13/include]
  collapse include dir [/usr/local/include] ==> [/usr/local/include]
  collapse include dir [/usr/include/x86_64-linux-gnu] ==> [/usr/include/x86_64-linux-gnu]
  collapse include dir [/usr/include] ==> [/usr/include]
  implicit include dirs: [/usr/lib/gcc/x86_64-linux-gnu/13/include;/usr/local/include;/usr/include/x86_64-linux-gnu;/usr/include]


Parsed C implicit link information from above output:
  link line regex: [^( *|.*[/\])(ld|CMAKE_LINK_STARTFILE-NOTFOUND|([^/\]+-)?ld|collect2)[^/\]*( |$)]
  ignore line: [Change Dir: /home/dachuo/build/CMakeFiles/CMakeTmp]
  ignore line: []
  ignore line: [Run Build Command(s):/usr/bin/make cmTC_8d775/fast && /usr/bin/make -f CMakeFiles/cmTC_8d775.dir/build.make CMakeFiles/cmTC_8d775.dir/build]
  ignore line: [make[1]: Entering directory '/home/dachuo/build/CMakeFiles/CMakeTmp']
  ignore line: [Building C object CMakeFiles/cmTC_8d775.dir/CMakeCCompilerABI.c.o]
  ignore line: [/usr/bin/cc   -v -o CMakeFiles/cmTC_8d775.dir/CMakeCCompilerABI.c.o   -c /usr/share/cmake-3.16/Modules/CMakeCCompilerABI.c]
  ignore line: [Using built-in specs.]
  ignore line: [COLLECT_GCC=/usr/bin/cc]
  ignore line: [Target: x86_64-linux-gnu]
  ignore line: [Configured with: ../src/configure -v --with-pkgversion='Ubuntu 13.1.0-8ubuntu1~20.04.2' --with-bugurl=file:///usr/share/doc/gcc-13/README.Bugs --enable-languages=c ada c++ go d fortran objc obj-c++ m2 rust --prefix=/usr --with-gcc-major-version-only --program-suffix=-13 --program-prefix=x86_64-linux-gnu- --enable-shared --enable-linker-build-id --libexecdir=/usr/libexec --without-included-gettext --enable-threads=posix --libdir=/usr/lib --enable-nls --enable-clocale=gnu --enable-libstdcxx-debug --enable-libstdcxx-time=yes --with-default-libstdcxx-abi=new --enable-gnu-unique-object --disable-vtable-verify --enable-plugin --enable-default-pie --with-system-zlib --enable-libphobos-checking=release --with-target-system-zlib=auto --enable-objc-gc=auto --enable-multiarch --disable-werror --enable-cet --with-arch-32=i686 --with-abi=m64 --with-multilib-list=m32 m64 mx32 --enable-multilib --with-tune=generic --enable-checking=release --build=x86_64-linux-gnu --host=x86_64-linux-gnu --target=x86_64-linux-gnu]
  ignore line: [Thread model: posix]
  ignore line: [Supported LTO compression algorithms: zlib zstd]
  ignore line: [gcc version 13.1.0 (Ubuntu 13.1.0-8ubuntu1~20.04.2) ]
  ignore line: [COLLECT_GCC_OPTIONS='-v' '-o' 'CMakeFiles/cmTC_8d775.dir/CMakeCCompilerABI.c.o' '-c' '-mtune=generic' '-march=x86-64' '-dumpdir' 'CMakeFiles/cmTC_8d775.dir/']
  ignore line: [ /usr/libexec/gcc/x86_64-linux-gnu/13/cc1 -quiet -v -imultiarch x86_64-linux-gnu /usr/share/cmake-3.16/Modules/CMakeCCompilerABI.c -quiet -dumpdir CMakeFiles/cmTC_8d775.dir/ -dumpbase CMakeCCompilerABI.c.c -dumpbase-ext .c -mtune=generic -march=x86-64 -version -fasynchronous-unwind-tables -fstack-protector-strong -Wformat -Wformat-security -fstack-clash-protection -fcf-protection -o /tmp/ccleuLWW.s]
  ignore line: [GNU C17 (Ubuntu 13.1.0-8ubuntu1~20.04.2) version 13.1.0 (x86_64-linux-gnu)]
  ignore line: [	compiled by GNU C version 13.1.0  GMP version 6.2.0  MPFR version 4.0.2  MPC version 1.1.0  isl version isl-0.22.1-GMP]
  ignore line: []
  ignore line: [GGC heuristics: --param ggc-min-expand=100 --param ggc-min-heapsize=131072]
  ignore line: [ignoring nonexistent directory "/usr/local/include/x86_64-linux-gnu"]
  ignore line: [ignoring nonexistent directory "/usr/lib/gcc/x86_64-linux-gnu/13/include-fixed/x86_64-linux-gnu"]
  ignore line: [ignoring nonexistent directory "/usr/lib/gcc/x86_64-linux-gnu/13/include-fixed"]
  ignore line: [ignoring nonexistent directory "/usr/lib/gcc/x86_64-linux-gnu/13/../../../../x86_64-linux-gnu/include"]
  ignore line: [#include "..." search starts here:]
  ignore line: [#include <...> search starts here:]
  ignore line: [ /usr/lib/gcc/x86_64-linux-gnu/13/include]
  ignore line: [ /usr/local/include]
  ignore line: [ /usr/include/x86_64-linux-gnu]
  ignore line: [ /usr/include]
  ignore line: [End of search list.]
  ignore line: [Compiler executable checksum: f0b3c90e0f11c3d406d33a12053911f6]
  ignore line: [COLLECT_GCC_OPTIONS='-v' '-o' 'CMakeFiles/cmTC_8d775.dir/CMakeCCompilerABI.c.o' '-c' '-mtune=generic' '-march=x86-64' '-dumpdir' 'CMakeFiles/cmTC_8d775.dir/']
  ignore line: [ as -v --64 -o CMakeFiles/cmTC_8d775.dir/CMakeCCompilerABI.c.o /tmp/ccleuLWW.s]
  ignore line: [GNU assembler version 2.34 (x86_64-linux-gnu) using BFD version (GNU Binutils for Ubuntu) 2.34]
  ignore line: [COMPILER_PATH=/usr/libexec/gcc/x86_64-linux-gnu/13/:/usr/libexec/gcc/x86_64-linux-gnu/13/:/usr/libexec/gcc/x86_64-linux-gnu/:/usr/lib/gcc/x86_64-linux-gnu/13/:/usr/lib/gcc/x86_64-linux-gnu/]
  ignore line: [LIBRARY_PATH=/usr/lib/gcc/x86_64-linux-gnu/13/:/usr/lib/gcc/x86_64-linux-gnu/13/../../../x86_64-linux-gnu/:/usr/lib/gcc/x86_64-linux-gnu/13/../../../../lib/:/lib/x86_64-linux-gnu/:/lib/../lib/:/usr/lib/x86_64-linux-gnu/:/usr/lib/../lib/:/usr/lib/gcc/x86_64-linux-gnu/13/../../../:/lib/:/usr/lib/]
  ignore line: [COLLECT_GCC_OPTIONS='-v' '-o' 'CMakeFiles/cmTC_8d775.dir/CMakeCCompilerABI.c.o' '-c' '-mtune=generic' '-march=x86-64' '-dumpdir' 'CMakeFiles/cmTC_8d775.dir/CMakeCCompilerABI.c.']
  ignore line: [Linking C executable cmTC_8d775]
  ignore line: [/usr/bin/cmake -E cmake_link_script CMakeFiles/cmTC_8d775.dir/link.txt --verbose=1]
  ignore line: [/usr/bin/cc     -v CMakeFiles/cmTC_8d775.dir/CMakeCCompilerABI.c.o  -o cmTC_8d775 ]
  ignore line: [Using built-in specs.]
  ignore line: [COLLECT_GCC=/usr/bin/cc]
  ignore line: [COLLECT_LTO_WRAPPER=/usr/libexec/gcc/x86_64-linux-gnu/13/lto-wrapper]
  ignore line: [Target: x86_64-linux-gnu]
  ignore line: [Configured with: ../src/configure -v --with-pkgversion='Ubuntu 13.1.0-8ubuntu1~20.04.2' --with-bugurl=file:///usr/share/doc/gcc-13/README.Bugs --enable-languages=c ada c++ go d fortran objc obj-c++ m2 rust --prefix=/usr --with-gcc-major-version-only --program-suffix=-13 --program-prefix=x86_64-linux-gnu- --enable-shared --enable-linker-build-id --libexecdir=/usr/libexec --without-included-gettext --enable-threads=posix --libdir=/usr/lib --enable-nls --enable-clocale=gnu --enable-libstdcxx-debug --enable-libstdcxx-time=yes --with-default-libstdcxx-abi=new --enable-gnu-unique-object --disable-vtable-verify --enable-plugin --enable-default-pie --with-system-zlib --enable-libphobos-checking=release --with-target-system-zlib=auto --enable-objc-gc=auto --enable-multiarch --disable-werror --enable-cet --with-arch-32=i686 --with-abi=m64 --with-multilib-list=m32 m64 mx32 --enable-multilib --with-tune=generic --enable-checking=release --build=x86_64-linux-gnu --host=x86_64-linux-gnu --target=x86_64-linux-gnu]
  ignore line: [Thread model: posix]
  ignore line: [Supported LTO compression algorithms: zlib zstd]
  ignore line: [gcc version 13.1.0 (Ubuntu 13.1.0-8ubuntu1~20.04.2) ]
  ignore line: [COMPILER_PATH=/usr/libexec/gcc/x86_64-linux-gnu/13/:/usr/libexec/gcc/x86_64-linux-gnu/13/:/usr/libexec/gcc/x86_64-linux-gnu/:/usr/lib/gcc/x86_64-linux-gnu/13/:/usr/lib/gcc/x86_64-linux-gnu/]
  ignore line: [LIBRARY_PATH=/usr/lib/gcc/x86_64-linux-gnu/13/:/usr/lib/gcc/x86_64-linux-gnu/13/../../../x86_64-linux-gnu/:/usr/lib/gcc/x86_64-linux-gnu/13/../../../../lib/:/lib/x86_64-linux-gnu/:/lib/../lib/:/usr/lib/x86_64-linux-gnu/:/usr/lib/../lib/:/usr/lib/gcc/x86_64-linux-gnu/13/../../../:/lib/:/usr/lib/]
  ignore line: [COLLECT_GCC_OPTIONS='-v' '-o' 'cmTC_8d775' '-mtune=generic' '-march=x86-64' '-dumpdir' 'cmTC_8d775.']
  link line: [ /usr/libexec/gcc/x86_64-linux-gnu/13/collect2 -plugin /usr/libexec/gcc/x86_64-linux-gnu/13/liblto_plugin.so -plugin-opt=/usr/libexec/gcc/x86_64-linux-gnu/13/lto-wrapper -plugin-opt=-fresolution=/tmp/ccCjWW8o.res -plugin-opt=-pass-through=-lgcc -plugin-opt=-pass-through=-lgcc_s -plugin-opt=-pass-through=-lc -plugin-opt=-pass-through=-lgcc -plugin-opt=-pass-through=-lgcc_s --build-id --eh-frame-hdr -m elf_x86_64 --hash-style=gnu --as-needed -dynamic-linker /lib64/ld-linux-x86-64.so.2 -pie -z now -z relro -o cmTC_8d775 /usr/lib/gcc/x86_64-linux-gnu/13/../../../x86_64-linux-gnu/Scrt1.o /usr/lib/gcc/x86_64-linux-gnu/13/../../../x86_64-linux-gnu/crti.o /usr/lib/gcc/x86_64-linux-gnu/13/crtbeginS.o -L/usr/lib/gcc/x86_64-linux-gnu/13 -L/usr/lib/gcc/x86_64-linux-gnu/13/../../../x86_64-linux-gnu -L/usr/lib/gcc/x86_64-linux-gnu/13/../../../../lib -L/lib/x86_64-linux-gnu -L/lib/../lib -L/usr/lib/x86_64-linux-gnu -L/usr/lib/../lib -L/usr/lib/gcc/x86_64-linux-gnu/13/../../.. CMakeFiles/cmTC_8d775.dir/CMakeCCompilerABI.c.o -lgcc --push-state --as-needed -lgcc_s --pop-state -lc -lgcc --push-state --as-needed -lgcc_s --pop-state /usr/lib/gcc/x86_64-linux-gnu/13/crtendS.o /usr/lib/gcc/x86_64-linux-gnu/13/../../../x86_64-linux-gnu/crtn.o]
    arg [/usr/libexec/gcc/x86_64-linux-gnu/13/collect2] ==> ignore
    arg [-plugin] ==> ignore
    arg [/usr/libexec/gcc/x86_64-linux-gnu/13/liblto_plugin.so] ==> ignore
    arg [-plugin-opt=/usr/libexec/gcc/x86_64-linux-gnu/13/lto-wrapper] ==> ignore
    arg [-plugin-opt=-fresolution=/tmp/ccCjWW8o.res] ==> ignore
    arg [-plugin-opt=-pass-through=-lgcc] ==> ignore
    arg [-plugin-opt=-pass-through=-lgcc_s] ==> ignore
    arg [-plugin-opt=-pass-through=-lc] ==> ignore
    arg [-plugin-opt=-pass-through=-lgcc] ==> ignore
    arg [-plugin-opt=-pass-through=-lgcc_s] ==> ignore
    arg [--build-id] ==> ignore
    arg [--eh-frame-hdr] ==> ignore
    arg [-m] ==> ignore
    arg [elf_x86_64] ==> ignore
    arg [--hash-style=gnu] ==> ignore
    arg [--as-needed] ==> ignore
    arg [-dynamic-linker] ==> ignore
    arg [/lib64/ld-linux-x86-64.so.2] ==> ignore
    arg [-pie] ==> ignore
    arg [-znow] ==> ignore
    arg [-zrelro] ==> ignore
    arg [-o] ==> ignore
    arg [cmTC_8d775] ==> ignore
    arg [/usr/lib/gcc/x86_64-linux-gnu/13/../../../x86_64-linux-gnu/Scrt1.o] ==> ignore
    arg [/usr/lib/gcc/x86_64-linux-gnu/13/../../../x86_64-linux-gnu/crti.o] ==> ignore
    arg [/usr/lib/gcc/x86_64-linux-gnu/13/crtbeginS.o] ==> ignore
    arg [-L/usr/lib/gcc/x86_64-linux-gnu/13] ==> dir [/usr/lib/gcc/x86_64-linux-gnu/13]
    arg [-L/usr/lib/gcc/x86_64-linux-gnu/13/../../../x86_64-linux-gnu] ==> dir [/usr/lib/gcc/x86_64-linux-gnu/13/../../../x86_64-linux-gnu]
    arg [-L/usr/lib/gcc/x86_64-linux-gnu/13/../../../../lib] ==> dir [/usr/lib/gcc/x86_64-linux-gnu/13/../../../../lib]
    arg [-L/lib/x86_64-linux-gnu] ==> dir [/lib/x86_64-linux-gnu]
    arg [-L/lib/../lib] ==> dir [/lib/../lib]
    arg [-L/usr/lib/x86_64-linux-gnu] ==> dir [/usr/lib/x86_64-linux-gnu]
    arg [-L/usr/lib/../lib] ==> dir [/usr/lib/../lib]
    arg [-L/usr/lib/gcc/x86_64-linux-gnu/13/../../..] ==> dir [/usr/lib/gcc/x86_64-linux-gnu/13/../../..]
    arg [CMakeFiles/cmTC_8d775.dir/CMakeCCompilerABI.c.o] ==> ignore
    arg [-lgcc] ==> lib [gcc]
    arg [--push-state] ==> ignore
    arg [--as-needed] ==> ignore
    arg [-lgcc_s] ==> lib [gcc_s]
    arg [--pop-state] ==> ignore
    arg [-lc] ==> lib [c]
    arg [-lgcc] ==> lib [gcc]
    arg [--push-state] ==> ignore
    arg [--as-needed] ==> ignore
    arg [-lgcc_s] ==> lib [gcc_s]
    arg [--pop-state] ==> ignore
    arg [/usr/lib/gcc/x86_64-linux-gnu/13/crtendS.o] ==> ignore
    arg [/usr/lib/gcc/x86_64-linux-gnu/13/../../../x86_64-linux-gnu/crtn.o] ==> ignore
  collapse library dir [/usr/lib/gcc/x86_64-linux-gnu/13] ==> [/usr/lib/gcc/x86_64-linux-gnu/13]
  collapse library dir [/usr/lib/gcc/x86_64-linux-gnu/13/../../../x86_64-linux-gnu] ==> [/usr/lib/x86_64-linux-gnu]
  collapse library dir [/usr/lib/gcc/x86_64-linux-gnu/13/../../../../lib] ==> [/usr/lib]
  collapse library dir [/lib/x86_64-linux-gnu] ==> [/lib/x86_64-linux-gnu]
  collapse library dir [/lib/../lib] ==> [/lib]
  collapse library dir [/usr/lib/x86_64-linux-gnu] ==> [/usr/lib/x86_64-linux-gnu]
  collapse library dir [/usr/lib/../lib] ==> [/usr/lib]
  collapse library dir [/usr/lib/gcc/x86_64-linux-gnu/13/../../..] ==> [/usr/lib]
  implicit libs: [gcc;gcc_s;c;gcc;gcc_s]
  implicit dirs: [/usr/lib/gcc/x86_64-linux-gnu/13;/usr/lib/x86_64-linux-gnu;/usr/lib;/lib/x86_64-linux-gnu;/lib]
  implicit fwks: []


Determining if the CXX compiler works passed with the following output:
Change Dir: /home/dachuo/build/CMakeFiles/CMakeTmp

Run Build Command(s):/usr/bin/make cmTC_7740d/fast && /usr/bin/make -f CMakeFiles/cmTC_7740d.dir/build.make CMakeFiles/cmTC_7740d.dir/build
make[1]: Entering directory '/home/dachuo/build/CMakeFiles/CMakeTmp'
Building CXX object CMakeFiles/cmTC_7740d.dir/testCXXCompiler.cxx.o
/usr/bin/c++    -std=gnu++2a -o CMakeFiles/cmTC_7740d.dir/testCXXCompiler.cxx.o -c /home/dachuo/build/CMakeFiles/CMakeTmp/testCXXCompiler.cxx
Linking CXX executable cmTC_7740d
/usr/bin/cmake -E cmake_link_script CMakeFiles/cmTC_7740d.dir/link.txt --verbose=1
/usr/bin/c++       CMakeFiles/cmTC_7740d.dir/testCXXCompiler.cxx.o  -o cmTC_7740d 
make[1]: Leaving directory '/home/dachuo/build/CMakeFiles/CMakeTmp'



Detecting CXX compiler ABI info compiled with the following output:
Change Dir: /home/dachuo/build/CMakeFiles/CMakeTmp

Run Build Command(s):/usr/bin/make cmTC_c4ab0/fast && /usr/bin/make -f CMakeFiles/cmTC_c4ab0.dir/build.make CMakeFiles/cmTC_c4ab0.dir/build
make[1]: Entering directory '/home/dachuo/build/CMakeFiles/CMakeTmp'
Building CXX object CMakeFiles/cmTC_c4ab0.dir/CMakeCXXCompilerABI.cpp.o
/usr/bin/c++    -v -std=gnu++2a -o CMakeFiles/cmTC_c4ab0.dir/CMakeCXXCompilerABI.cpp.o -c /usr/share/cmake-3.16/Modules/CMakeCXXCompilerABI.cpp
Using built-in specs.
COLLECT_GCC=/usr/bin/c++
Target: x86_64-linux-gnu
Configured with: ../src/configure -v --with-pkgversion='Ubuntu 13.1.0-8ubuntu1~20.04.2' --with-bugurl=file:///usr/share/doc/gcc-13/README.Bugs --enable-languages=c,ada,c++,go,d,fortran,objc,obj-c++,m2,rust --prefix=/usr --with-gcc-major-version-only --program-suffix=-13 --program-prefix=x86_64-linux-gnu- --enable-shared --enable-linker-build-id --libexecdir=/usr/libexec --without-included-gettext --enable-threads=posix --libdir=/usr/lib --enable-nls --enable-clocale=gnu --enable-libstdcxx-debug --enable-libstdcxx-time=yes --with-default-libstdcxx-abi=new --enable-gnu-unique-object --disable-vtable-verify --enable-plugin --enable-default-pie --with-system-zlib --enable-libphobos-checking=release --with-target-system-zlib=auto --enable-objc-gc=auto --enable-multiarch --disable-werror --enable-cet --with-arch-32=i686 --with-abi=m64 --with-multilib-list=m32,m64,mx32 --enable-multilib --with-tune=generic --enable-checking=release --build=x86_64-linux-gnu --host=x86_64-linux-gnu --target=x86_64-linux-gnu
Thread model: posix
Supported LTO compression algorithms: zlib zstd
gcc version 13.1.0 (Ubuntu 13.1.0-8ubuntu1~20.04.2) 
COLLECT_GCC_OPTIONS='-v' '-std=gnu++20' '-o' 'CMakeFiles/cmTC_c4ab0.dir/CMakeCXXCompilerABI.cpp.o' '-c' '-shared-libgcc' '-mtune=generic' '-march=x86-64' '-dumpdir' 'CMakeFiles/cmTC_c4ab0.dir/'
 /usr/libexec/gcc/x86_64-linux-gnu/13/cc1plus -quiet -v -imultiarch x86_64-linux-gnu -D_GNU_SOURCE /usr/share/cmake-3.16/Modules/CMakeCXXCompilerABI.cpp -quiet -dumpdir CMakeFiles/cmTC_c4ab0.dir/ -dumpbase CMakeCXXCompilerABI.cpp.cpp -dumpbase-ext .cpp -mtune=generic -march=x86-64 -std=gnu++20 -version -fasynchronous-unwind-tables -fstack-protector-strong -Wformat -Wformat-security -fstack-clash-protection -fcf-protection -o /tmp/cceiTXfU.s
GNU C++20 (Ubuntu 13.1.0-8ubuntu1~20.04.2) version 13.1.0 (x86_64-linux-gnu)
	compiled by GNU C version 13.1.0, GMP version 6.2.0, MPFR version 4.0.2, MPC version 1.1.0, isl version isl-0.22.1-GMP

GGC heuristics: --param ggc-min-expand=100 --param ggc-min-heapsize=131072
ignoring duplicate directory "/usr/include/x86_64-linux-gnu/c++/13"
ignoring nonexistent directory "/usr/local/include/x86_64-linux-gnu"
ignoring nonexistent directory "/usr/lib/gcc/x86_64-linux-gnu/13/include-fixed/x86_64-linux-gnu"
ignoring nonexistent directory "/usr/lib/gcc/x86_64-linux-gnu/13/include-fixed"
ignoring nonexistent directory "/usr/lib/gcc/x86_64-linux-gnu/13/../../../../x86_64-linux-gnu/include"
#include "..." search starts here:
#include <...> search starts here:
 /usr/include/c++/13
 /usr/include/x86_64-linux-gnu/c++/13
 /usr/include/c++/13/backward
 /usr/lib/gcc/x86_64-linux-gnu/13/include
 /usr/local/include
 /usr/include/x86_64-linux-gnu
 /usr/include
End of search list.
Compiler executable checksum: 391880e3be75f4e1ac78bddcb50fff0c
COLLECT_GCC_OPTIONS='-v' '-std=gnu++20' '-o' 'CMakeFiles/cmTC_c4ab0.dir/CMakeCXXCompilerABI.cpp.o' '-c' '-shared-libgcc' '-mtune=generic' '-march=x86-64' '-dumpdir' 'CMakeFiles/cmTC_c4ab0.dir/'
 as -v --64 -o CMakeFiles/cmTC_c4ab0.dir/CMakeCXXCompilerABI.cpp.o /tmp/cceiTXfU.s
GNU assembler version 2.34 (x86_64-linux-gnu) using BFD version (GNU Binutils for Ubuntu) 2.34
COMPILER_PATH=/usr/libexec/gcc/x86_64-linux-gnu/13/:/usr/libexec/gcc/x86_64-linux-gnu/13/:/usr/libexec/gcc/x86_64-linux-gnu/:/usr/lib/gcc/x86_64-linux-gnu/13/:/usr/lib/gcc/x86_64-linux-gnu/
LIBRARY_PATH=/usr/lib/gcc/x86_64-linux-gnu/13/:/usr/lib/gcc/x86_64-linux-gnu/13/../../../x86_64-linux-gnu/:/usr/lib/gcc/x86_64-linux-gnu/13/../../../../lib/:/lib/x86_64-linux-gnu/:/lib/../lib/:/usr/lib/x86_64-linux-gnu/:/usr/lib/../lib/:/usr/lib/gcc/x86_64-linux-gnu/13/../../../:/lib/:/usr/lib/
COLLECT_GCC_OPTIONS='-v' '-std=gnu++20' '-o' 'CMakeFiles/cmTC_c4ab0.dir/CMakeCXXCompilerABI.cpp.o' '-c' '-shared-libgcc' '-mtune=generic' '-march=x86-64' '-dumpdir' 'CMakeFiles/cmTC_c4ab0.dir/CMakeCXXCompilerABI.cpp.'
Linking CXX executable cmTC_c4ab0
/usr/bin/cmake -E cmake_link_script CMakeFiles/cmTC_c4ab0.dir/link.txt --verbose=1
/usr/bin/c++      -v CMakeFiles/cmTC_c4ab0.dir/CMakeCXXCompilerABI.cpp.o  -o cmTC_c4ab0 
Using built-in specs.
COLLECT_GCC=/usr/bin/c++
COLLECT_LTO_WRAPPER=/usr/libexec/gcc/x86_64-linux-gnu/13/lto-wrapper
Target: x86_64-linux-gnu
Configured with: ../src/configure -v --with-pkgversion='Ubuntu 13.1.0-8ubuntu1~20.04.2' --with-bugurl=file:///usr/share/doc/gcc-13/README.Bugs --enable-languages=c,ada,c++,go,d,fortran,objc,obj-c++,m2,rust --prefix=/usr --with-gcc-major-version-only --program-suffix=-13 --program-prefix=x86_64-linux-gnu- --enable-shared --enable-linker-build-id --libexecdir=/usr/libexec --without-included-gettext --enable-threads=posix --libdir=/usr/lib --enable-nls --enable-clocale=gnu --enable-libstdcxx-debug --enable-libstdcxx-time=yes --with-default-libstdcxx-abi=new --enable-gnu-unique-object --disable-vtable-verify --enable-plugin --enable-default-pie --with-system-zlib --enable-libphobos-checking=release --with-target-system-zlib=auto --enable-objc-gc=auto --enable-multiarch --disable-werror --enable-cet --with-arch-32=i686 --with-abi=m64 --with-multilib-list=m32,m64,mx32 --enable-multilib --with-tune=generic --enable-checking=release --build=x86_64-linux-gnu --host=x86_64-linux-gnu --target=x86_64-linux-gnu
Thread model: posix
Supported LTO compression algorithms: zlib zstd
gcc version 13.1.0 (Ubuntu 13.1.0-8ubuntu1~20.04.2) 
COMPILER_PATH=/usr/libexec/gcc/x86_64-linux-gnu/13/:/usr/libexec/gcc/x86_64-linux-gnu/13/:/usr/libexec/gcc/x86_64-linux-gnu/:/usr/lib/gcc/x86_64-linux-gnu/13/:/usr/lib/gcc/x86_64-linux-gnu/
LIBRARY_PATH=/usr/lib/gcc/x86_64-linux-gnu/13/:/usr/lib/gcc/x86_64-linux-gnu/13/../../../x86_64-linux-gnu/:/usr/lib/gcc/x86_64-linux-gnu/13/../../../../lib/:/lib/x86_64-linux-gnu/:/lib/../lib/:/usr/lib/x86_64-linux-gnu/:/usr/lib/../lib/:/usr/lib/gcc/x86_64-linux-gnu/13/../../../:/lib/:/usr/lib/
COLLECT_GCC_OPTIONS='-v' '-o' 'cmTC_c4ab0' '-shared-libgcc' '-mtune=generic' '-march=x86-64' '-dumpdir' 'cmTC_c4ab0.'
 /usr/libexec/gcc/x86_64-linux-gnu/13/collect2 -plugin /usr/libexec/gcc/x86_64-linux-gnu/13/liblto_plugin.so -plugin-opt=/usr/libexec/gcc/x86_64-linux-gnu/13/lto-wrapper -plugin-opt=-fresolution=/tmp/ccgVV9xl.res -plugin-opt=-pass-through=-lgcc_s -plugin-opt=-pass-through=-lgcc -plugin-opt=-pass-through=-lc -plugin-opt=-pass-through=-lgcc_s -plugin-opt=-pass-through=-lgcc --build-id --eh-frame-hdr -m elf_x86_64 --hash-style=gnu --as-needed -dynamic-linker /lib64/ld-linux-x86-64.so.2 -pie -z now -z relro -o cmTC_c4ab0 /usr/lib/gcc/x86_64-linux-gnu/13/../../../x86_64-linux-gnu/Scrt1.o /usr/lib/gcc/x86_64-linux-gnu/13/../../../x86_64-linux-gnu/crti.o /usr/lib/gcc/x86_64-linux-gnu/13/crtbeginS.o -L/usr/lib/gcc/x86_64-linux-gnu/13 -L/usr/lib/gcc/x86_64-linux-gnu/13/../../../x86_64-linux-gnu -L/usr/lib/gcc/x86_64-linux-gnu/13/../../../../lib -L/lib/x86_64-linux-gnu -L/lib/../lib -L/usr/lib/x86_64-linux-gnu -L/usr/lib/../lib -L/usr/lib/gcc/x86_64-linux-gnu/13/../../.. CMakeFiles/cmTC_c4ab0.dir/CMakeCXXCompilerABI.cpp.o -lstdc++ -lm -lgcc_s -lgcc -lc -lgcc_s -lgcc /usr/lib/gcc/x86_64-linux-gnu/13/crtendS.o /usr/lib/gcc/x86_64-linux-gnu/13/../../../x86_64-linux-gnu/crtn.o
COLLECT_GCC_OPTIONS='-v' '-o' 'cmTC_c4ab0' '-shared-libgcc' '-mtune=generic' '-march=x86-64' '-dumpdir' 'cmTC_c4ab0.'
make[1]: Leaving directory '/home/dachuo/build/CMakeFiles/CMakeTmp'



Parsed CXX implicit include dir info from above output: rv=done
  found start of include info
  found start of implicit include info
    add: [/usr/include/c++/13]
    add: [/usr/include/x86_64-linux-gnu/c++/13]
    add: [/usr/include/c++/13/backward]
    add: [/usr/lib/gcc/x86_64-linux-gnu/13/include]
    add: [/usr/local/include]
    add: [/usr/include/x86_64-linux-gnu]
    add: [/usr/include]
  end of search list found
  collapse include dir [/usr/include/c++/13] ==> [/usr/include/c++/13]
  collapse include dir [/usr/include/x86_64-linux-gnu/c++/13] ==> [/usr/include/x86_64-linux-gnu/c++/13]
  collapse include dir [/usr/include/c++/13/backward] ==> [/usr/include/c++/13/backward]
  collapse include dir [/usr/lib/gcc/x86_64-linux-gnu/13/include] ==> [/usr/lib/gcc/x86_64-linux-gnu/13/include]
  collapse include dir [/usr/local/include] ==> [/usr/local/include]
  collapse include dir [/usr/include/x86_64-linux-gnu] ==> [/usr/include/x86_64-linux-gnu]
  collapse include dir [/usr/include] ==> [/usr/include]
  implicit include dirs: [/usr/include/c++/13;/usr/include/x86_64-linux-gnu/c++/13;/usr/include/c++/13/backward;/usr/lib/gcc/x86_64-linux-gnu/13/include;/usr/local/include;/usr/include/x86_64-linux-gnu;/usr/include]


Parsed CXX implicit link information from above output:
  link line regex: [^( *|.*[/\])(ld|CMAKE_LINK_STARTFILE-NOTFOUND|([^/\]+-)?ld|collect2)[^/\]*( |$)]
  ignore line: [Change Dir: /home/dachuo/build/CMakeFiles/CMakeTmp]
  ignore line: []
  ignore line: [Run Build Command(s):/usr/bin/make cmTC_c4ab0/fast && /usr/bin/make -f CMakeFiles/cmTC_c4ab0.dir/build.make CMakeFiles/cmTC_c4ab0.dir/build]
  ignore line: [make[1]: Entering directory '/home/dachuo/build/CMakeFiles/CMakeTmp']
  ignore line: [Building CXX object CMakeFiles/cmTC_c4ab0.dir/CMakeCXXCompilerABI.cpp.o]
  ignore line: [/usr/bin/c++    -v -std=gnu++2a -o CMakeFiles/cmTC_c4ab0.dir/CMakeCXXCompilerABI.cpp.o -c /usr/share/cmake-3.16/Modules/CMakeCXXCompilerABI.cpp]
  ignore line: [Using built-in specs.]
  ignore line: [COLLECT_GCC=/usr/bin/c++]
  ignore line: [Target: x86_64-linux-gnu]
  ignore line: [Configured with: ../src/configure -v --with-pkgversion='Ubuntu 13.1.0-8ubuntu1~20.04.2' --with-bugurl=file:///usr/share/doc/gcc-13/README.Bugs --enable-languages=c ada c++ go d fortran objc obj-c++ m2 rust --prefix=/usr --with-gcc-major-version-only --program-suffix=-13 --program-prefix=x86_64-linux-gnu- --enable-shared --enable-linker-build-id --libexecdir=/usr/libexec --without-included-gettext --enable-threads=posix --libdir=/usr/lib --enable-nls --enable-clocale=gnu --enable-libstdcxx-debug --enable-libstdcxx-time=yes --with-default-libstdcxx-abi=new --enable-gnu-unique-object --disable-vtable-verify --enable-plugin --enable-default-pie --with-system-zlib --enable-libphobos-checking=release --with-target-system-zlib=auto --enable-objc-gc=auto --enable-multiarch --disable-werror --enable-cet --with-arch-32=i686 --with-abi=m64 --with-multilib-list=m32 m64 mx32 --enable-multilib --with-tune=generic --enable-checking=release --build=x86_64-linux-gnu --host=x86_64-linux-gnu --target=x86_64-linux-gnu]
  ignore line: [Thread model: posix]
  ignore line: [Supported LTO compression algorithms: zlib zstd]
  ignore line: [gcc version 13.1.0 (Ubuntu 13.1.0-8ubuntu1~20.04.2) ]
  ignore line: [COLLECT_GCC_OPTIONS='-v' '-std=gnu++20' '-o' 'CMakeFiles/cmTC_c4ab0.dir/CMakeCXXCompilerABI.cpp.o' '-c' '-shared-libgcc' '-mtune=generic' '-march=x86-64' '-dumpdir' 'CMakeFiles/cmTC_c4ab0.dir/']
  ignore line: [ /usr/libexec/gcc/x86_64-linux-gnu/13/cc1plus -quiet -v -imultiarch x86_64-linux-gnu -D_GNU_SOURCE /usr/share/cmake-3.16/Modules/CMakeCXXCompilerABI.cpp -quiet -dumpdir CMakeFiles/cmTC_c4ab0.dir/ -dumpbase CMakeCXXCompilerABI.cpp.cpp -dumpbase-ext .cpp -mtune=generic -march=x86-64 -std=gnu++20 -version -fasynchronous-unwind-tables -fstack-protector-strong -Wformat -Wformat-security -fstack-clash-protection -fcf-protection -o /tmp/cceiTXfU.s]
  ignore line: [GNU C++20 (Ubuntu 13.1.0-8ubuntu1~20.04.2) version 13.1.0 (x86_64-linux-gnu)]
  ignore line: [	compiled by GNU C version 13.1.0  GMP version 6.2.0  MPFR version 4.0.2  MPC version 1.1.0  isl version isl-0.22.1-GMP]
  ignore line: []
  ignore line: [GGC heuristics: --param ggc-min-expand=100 --param ggc-min-heapsize=131072]
  ignore line: [ignoring duplicate directory "/usr/include/x86_64-linux-gnu/c++/13"]
  ignore line: [ignoring nonexistent directory "/usr/local/include/x86_64-linux-gnu"]
  ignore line: [ignoring nonexistent directory "/usr/lib/gcc/x86_64-linux-gnu/13/include-fixed/x86_64-linux-gnu"]
  ignore line: [ignoring nonexistent directory "/usr/lib/gcc/x86_64-linux-gnu/13/include-fixed"]
  ignore line: [ignoring nonexistent directory "/usr/lib/gcc/x86_64-linux-gnu/13/../../../../x86_64-linux-gnu/include"]
  ignore line: [#include "..." search starts here:]
  ignore line: [#include <...> search starts here:]
  ignore line: [ /usr/include/c++/13]
  ignore line: [ /usr/include/x86_64-linux-gnu/c++/13]
  ignore line: [ /usr/include/c++/13/backward]
  ignore line: [ /usr/lib/gcc/x86_64-linux-gnu/13/include]
  ignore line: [ /usr/local/include]
  ignore line: [ /usr/include/x86_64-linux-gnu]
  ignore line: [ /usr/include]
  ignore line: [End of search list.]
  ignore line: [Compiler executable checksum: 391880e3be75f4e1ac78bddcb50fff0c]
  ignore line: [COLLECT_GCC_OPTIONS='-v' '-std=gnu++20' '-o' 'CMakeFiles/cmTC_c4ab0.dir/CMakeCXXCompilerABI.cpp.o' '-c' '-shared-libgcc' '-mtune=generic' '-march=x86-64' '-dumpdir' 'CMakeFiles/cmTC_c4ab0.dir/']
  ignore line: [ as -v --64 -o CMakeFiles/cmTC_c4ab0.dir/CMakeCXXCompilerABI.cpp.o /tmp/cceiTXfU.s]
  ignore line: [GNU assembler version 2.34 (x86_64-linux-gnu) using BFD version (GNU Binutils for Ubuntu) 2.34]
  ignore line: [COMPILER_PATH=/usr/libexec/gcc/x86_64-linux-gnu/13/:/usr/libexec/gcc/x86_64-linux-gnu/13/:/usr/libexec/gcc/x86_64-linux-gnu/:/usr/lib/gcc/x86_64-linux-gnu/13/:/usr/lib/gcc/x86_64-linux-gnu/]
  ignore line: [LIBRARY_PATH=/usr/lib/gcc/x86_64-linux-gnu/13/:/usr/lib/gcc/x86_64-linux-gnu/13/../../../x86_64-linux-gnu/:/usr/lib/gcc/x86_64-linux-gnu/13/../../../../lib/:/lib/x86_64-linux-gnu/:/lib/../lib/:/usr/lib/x86_64-linux-gnu/:/usr/lib/../lib/:/usr/lib/gcc/x86_64-linux-gnu/13/../../../:/lib/:/usr/lib/]
  ignore line: [COLLECT_GCC_OPTIONS='-v' '-std=gnu++20' '-o' 'CMakeFiles/cmTC_c4ab0.dir/CMakeCXXCompilerABI.cpp.o' '-c' '-shared-libgcc' '-mtune=generic' '-march=x86-64' '-dumpdir' 'CMakeFiles/cmTC_c4ab0.dir/CMakeCXXCompilerABI.cpp.']
  ignore line: [Linking CXX executable cmTC_c4ab0]
  ignore line: [/usr/bin/cmake -E cmake_link_script CMakeFiles/cmTC_c4ab0.dir/link.txt --verbose=1]
  ignore line: [/usr/bin/c++      -v CMakeFiles/cmTC_c4ab0.dir/CMakeCXXCompilerABI.cpp.o  -o cmTC_c4ab0 ]
  ignore line: [Using built-in specs.]
  ignore line: [COLLECT_GCC=/usr/bin/c++]
  ignore line: [COLLECT_LTO_WRAPPER=/usr/libexec/gcc/x86_64-linux-gnu/13/lto-wrapper]
  ignore line: [Target: x86_64-linux-gnu]
  ignore line: [Configured with: ../src/configure -v --with-pkgversion='Ubuntu 13.1.0-8ubuntu1~20.04.2' --with-bugurl=file:///usr/share/doc/gcc-13/README.Bugs --enable-languages=c ada c++ go d fortran objc obj-c++ m2 rust --prefix=/usr --with-gcc-major-version-only --program-suffix=-13 --program-prefix=x86_64-linux-gnu- --enable-shared --enable-linker-build-id --libexecdir=/usr/libexec --without-included-gettext --enable-threads=posix --libdir=/usr/lib --enable-nls --enable-clocale=gnu --enable-libstdcxx-debug --enable-libstdcxx-time=yes --with-default-libstdcxx-abi=new --enable-gnu-unique-object --disable-vtable-verify --enable-plugin --enable-default-pie --with-system-zlib --enable-libphobos-checking=release --with-target-system-zlib=auto --enable-objc-gc=auto --enable-multiarch --disable-werror --enable-cet --with-arch-32=i686 --with-abi=m64 --with-multilib-list=m32 m64 mx32 --enable-multilib --with-tune=generic --enable-checking=release --build=x86_64-linux-gnu --host=x86_64-linux-gnu --target=x86_64-linux-gnu]
  ignore line: [Thread model: posix]
  ignore line: [Supported LTO compression algorithms: zlib zstd]
  ignore line: [gcc version 13.1.0 (Ubuntu 13.1.0-8ubuntu1~20.04.2) ]
  ignore line: [COMPILER_PATH=/usr/libexec/gcc/x86_64-linux-gnu/13/:/usr/libexec/gcc/x86_64-linux-gnu/13/:/usr/libexec/gcc/x86_64-linux-gnu/:/usr/lib/gcc/x86_64-linux-gnu/13/:/usr/lib/gcc/x86_64-linux-gnu/]
  ignore line: [LIBRARY_PATH=/usr/lib/gcc/x86_64-linux-gnu/13/:/usr/lib/gcc/x86_64-linux-gnu/13/../../../x86_64-linux-gnu/:/usr/lib/gcc/x86_64-linux-gnu/13/../../../../lib/:/lib/x86_64-linux-gnu/:/lib/../lib/:/usr/lib/x86_64-linux-gnu/:/usr/lib/../lib/:/usr/lib/gcc/x86_64-linux-gnu/13/../../../:/lib/:/usr/lib/]
  ignore line: [COLLECT_GCC_OPTIONS='-v' '-o' 'cmTC_c4ab0' '-shared-libgcc' '-mtune=generic' '-march=x86-64' '-dumpdir' 'cmTC_c4ab0.']
  link line: [ /usr/libexec/gcc/x86_64-linux-gnu/13/collect2 -plugin /usr/libexec/gcc/x86_64-linux-gnu/13/liblto_plugin.so -plugin-opt=/usr/libexec/gcc/x86_64-linux-gnu/13/lto-wrapper -plugin-opt=-fresolution=/tmp/ccgVV9xl.res -plugin-opt=-pass-through=-lgcc_s -plugin-opt=-pass-through=-lgcc -plugin-opt=-pass-through=-lc -plugin-opt=-pass-through=-lgcc_s -plugin-opt=-pass-through=-lgcc --build-id --eh-frame-hdr -m elf_x86_64 --hash-style=gnu --as-needed -dynamic-linker /lib64/ld-linux-x86-64.so.2 -pie -z now -z relro -o cmTC_c4ab0 /usr/lib/gcc/x86_64-linux-gnu/13/../../../x86_64-linux-gnu/Scrt1.o /usr/lib/gcc/x86_64-linux-gnu/13/../../../x86_64-linux-gnu/crti.o /usr/lib/gcc/x86_64-linux-gnu/13/crtbeginS.o -L/usr/lib/gcc/x86_64-linux-gnu/13 -L/usr/lib/gcc/x86_64-linux-gnu/13/../../../x86_64-linux-gnu -L/usr/lib/gcc/x86_64-linux-gnu/13/../../../../lib -L/lib/x86_64-linux-gnu -L/lib/../lib -L/usr/lib/x86_64-linux-gnu -L/usr/lib/../lib -L/usr/lib/gcc/x86_64-linux-gnu/13/../../.. CMakeFiles/cmTC_c4ab0.dir/CMakeCXXCompilerABI.cpp.o -lstdc++ -lm -lgcc_s -lgcc -lc -lgcc_s -lgcc /usr/lib/gcc/x86_64-linux-gnu/13/crtendS.o /usr/lib/gcc/x86_64-linux-gnu/13/../../../x86_64-linux-gnu/crtn.o]
    arg [/usr/libexec/gcc/x86_64-linux-gnu/13/collect2] ==> ignore
    arg [-plugin] ==> ignore
    arg [/usr/libexec/gcc/x86_64-linux-gnu/13/liblto_plugin.so] ==> ignore
    arg [-plugin-opt=/usr/libexec/gcc/x86_64-linux-gnu/13/lto-wrapper] ==> ignore
    arg [-plugin-opt=-fresolution=/tmp/ccgVV9xl.res] ==> ignore
    arg [-plugin-opt=-pass-through=-lgcc_s] ==> ignore
    arg [-plugin-opt=-pass-through=-lgcc] ==> ignore
    arg [-plugin-opt=-pass-through=-lc] ==> ignore
    arg [-plugin-opt=-pass-through=-lgcc_s] ==> ignore
    arg [-plugin-opt=-pass-through=-lgcc] ==> ignore
    arg [--build-id] ==> ignore
    arg [--eh-frame-hdr] ==> ignore
    arg [-m] ==> ignore
    arg [elf_x86_64] ==> ignore
    arg [--hash-style=gnu] ==> ignore
    arg [--as-needed] ==> ignore
    arg [-dynamic-linker] ==> ignore
    arg [/lib64/ld-linux-x86-64.so.2] ==> ignore
    arg [-pie] ==> ignore
    arg [-znow] ==> ignore
    arg [-zrelro] ==> ignore
    arg [-o] ==> ignore
    arg [cmTC_c4ab0] ==> ignore
    arg [/usr/lib/gcc/x86_64-linux-gnu/13/../../../x86_64-linux-gnu/Scrt1.o] ==> ignore
    arg [/usr/lib/gcc/x86_64-linux-gnu/13/../../../x86_64-linux-gnu/crti.o] ==> ignore
    arg [/usr/lib/gcc/x86_64-linux-gnu/13/crtbeginS.o] ==> ignore
    arg [-L/usr/lib/gcc/x86_64-linux-gnu/13] ==> dir [/usr/lib/gcc/x86_64-linux-gnu/13]
    arg [-L/usr/lib/gcc/x86_64-linux-gnu/13/../../../x86_64-linux-gnu] ==> dir [/usr/lib/gcc/x86_64-linux-gnu/13/../../../x86_64-linux-gnu]
    arg [-L/usr/lib/gcc/x86_64-linux-gnu/13/../../../../lib] ==> dir [/usr/lib/gcc/x86_64-linux-gnu/13/../../../../lib]
    arg [-L/lib/x86_64-linux-gnu] ==> dir [/lib/x86_64-linux-gnu]
    arg [-L/lib/../lib] ==> dir [/lib/../lib]
    arg [-L/usr/lib/x86_64-linux-gnu] ==> dir [/usr/lib/x86_64-linux-gnu]
    arg [-L/usr/lib/../lib] ==> dir [/usr/lib/../lib]
    arg [-L/usr/lib/gcc/x86_64-linux-gnu/13/../../..] ==> dir [/usr/lib/gcc/x86_64-linux-gnu/13/../../..]
    arg [CMakeFiles/cmTC_c4ab0.dir/CMakeCXXCompilerABI.cpp.o] ==> ignore
    arg [-lstdc++] ==> lib [stdc++]
    arg [-lm] ==> lib [m]
    arg [-lgcc_s] ==> lib [gcc_s]
    arg [-lgcc] ==> lib [gcc]
    arg [-lc] ==> lib [c]
    arg [-lgcc_s] ==> lib [gcc_s]
    arg [-lgcc] ==> lib [gcc]
    arg [/usr/lib/gcc/x86_64-linux-gnu/13/crtendS.o] ==> ignore
    arg [/usr/lib/gcc/x86_64-linux-gnu/13/../../../x86_64-linux-gnu/crtn.o] ==> ignore
  collapse library dir [/usr/lib/gcc/x86_64-linux-gnu/13] ==> [/usr/lib/gcc/x86_64-linux-gnu/13]
  collapse library dir [/usr/lib/gcc/x86_64-linux-gnu/13/../../../x86_64-linux-gnu] ==> [/usr/lib/x86_64-linux-gnu]
  collapse library dir [/usr/lib/gcc/x86_64-linux-gnu/13/../../../../lib] ==> [/usr/lib]
  collapse library dir [/lib/x86_64-linux-gnu] ==> [/lib/x86_64-linux-gnu]
  collapse library dir [/lib/../lib] ==> [/lib]
  collapse library dir [/usr/lib/x86_64-linux-gnu] ==> [/usr/lib/x86_64-linux-gnu]
  collapse library dir [/usr/lib/../lib] ==> [/usr/lib]
  collapse library dir [/usr/lib/gcc/x86_64-linux-gnu/13/../../..] ==> [/usr/lib]
  implicit libs: [stdc++;m;gcc_s;gcc;c;gcc_s;gcc]
  implicit dirs: [/usr/lib/gcc/x86_64-linux-gnu/13;/usr/lib/x86_64-linux-gnu;/usr/lib;/lib/x86_64-linux-gnu;/lib]
  implicit fwks: []


The system is: Linux - 4.4.0-19041-Microsoft - x86_64
Compiling the C compiler identification source file "CMakeCCompilerId.c" succeeded.
Compiler: /usr/bin/cc 
Build flags: 
Id flags:  

The output was:
0


Compilation of the C compiler identification source "CMakeCCompilerId.c" produced "a.out"

The C compiler identification is GNU, found in "/home/dachuo/build/CMakeFiles/3.16.3/CompilerIdC/a.out"

Compiling the CXX compiler identification source file "CMakeCXXCompilerId.cpp" succeeded.
Compiler: /usr/bin/c++ 
Build flags: 
Id flags:  

The output was:
0


Compilation of the CXX compiler identification source "CMakeCXXCompilerId.cpp" produced "a.out"

The CXX compiler identification is GNU, found in "/home/dachuo/build/CMakeFiles/3.16.3/CompilerIdCXX/a.out"

Determining if the C compiler works passed with the following output:
Change Dir: /home/dachuo/build/CMakeFiles/CMakeTmp

Run Build Command(s):/usr/bin/make cmTC_ea198/fast && /usr/bin/make -f CMakeFiles/cmTC_ea198.dir/build.make CMakeFiles/cmTC_ea198.dir/build
make[1]: Entering directory '/home/dachuo/build/CMakeFiles/CMakeTmp'
Building C object CMakeFiles/cmTC_ea198.dir/testCCompiler.c.o
/usr/bin/cc    -o CMakeFiles/cmTC_ea198.dir/testCCompiler.c.o   -c /home/dachuo/build/CMakeFiles/CMakeTmp/testCCompiler.c
Linking C executable cmTC_ea198
/usr/bin/cmake -E cmake_link_script CMakeFiles/cmTC_ea198.dir/link.txt --verbose=1
/usr/bin/cc      CMakeFiles/cmTC_ea198.dir/testCCompiler.c.o  -o cmTC_ea198 
make[1]: Leaving directory '/home/dachuo/build/CMakeFiles/CMakeTmp'



Detecting C compiler ABI info compiled with the following output:
Change Dir: /home/dachuo/build/CMakeFiles/CMakeTmp

Run Build Command(s):/usr/bin/make cmTC_69bbf/fast && /usr/bin/make -f CMakeFiles/cmTC_69bbf.dir/build.make CMakeFiles/cmTC_69bbf.dir/build
make[1]: Entering directory '/home/dachuo/build/CMakeFiles/CMakeTmp'
Building C object CMakeFiles/cmTC_69bbf.dir/CMakeCCompilerABI.c.o
/usr/bin/cc   -v -o CMakeFiles/cmTC_69bbf.dir/CMakeCCompilerABI.c.o   -c /usr/share/cmake-3.16/Modules/CMakeCCompilerABI.c
Using built-in specs.
COLLECT_GCC=/usr/bin/cc
Target: x86_64-linux-gnu
Configured with: ../src/configure -v --with-pkgversion='Ubuntu 13.1.0-8ubuntu1~20.04.2' --with-bugurl=file:///usr/share/doc/gcc-13/README.Bugs --enable-languages=c,ada,c++,go,d,fortran,objc,obj-c++,m2,rust --prefix=/usr --with-gcc-major-version-only --program-suffix=-13 --program-prefix=x86_64-linux-gnu- --enable-shared --enable-linker-build-id --libexecdir=/usr/libexec --without-included-gettext --enable-threads=posix --libdir=/usr/lib --enable-nls --enable-clocale=gnu --enable-libstdcxx-debug --enable-libstdcxx-time=yes --with-default-libstdcxx-abi=new --enable-gnu-unique-object --disable-vtable-verify --enable-plugin --enable-default-pie --with-system-zlib --enable-libphobos-checking=release --with-target-system-zlib=auto --enable-objc-gc=auto --enable-multiarch --disable-werror --enable-cet --with-arch-32=i686 --with-abi=m64 --with-multilib-list=m32,m64,mx32 --enable-multilib --with-tune=generic --enable-checking=release --build=x86_64-linux-gnu --host=x86_64-linux-gnu --target=x86_64-linux-gnu
Thread model: posix
Supported LTO compression algorithms: zlib zstd
gcc version 13.1.0 (Ubuntu 13.1.0-8ubuntu1~20.04.2) 
COLLECT_GCC_OPTIONS='-v' '-o' 'CMakeFiles/cmTC_69bbf.dir/CMakeCCompilerABI.c.o' '-c' '-mtune=generic' '-march=x86-64' '-dumpdir' 'CMakeFiles/cmTC_69bbf.dir/'
 /usr/libexec/gcc/x86_64-linux-gnu/13/cc1 -quiet -v -imultiarch x86_64-linux-gnu /usr/share/cmake-3.16/Modules/CMakeCCompilerABI.c -quiet -dumpdir CMakeFiles/cmTC_69bbf.dir/ -dumpbase CMakeCCompilerABI.c.c -dumpbase-ext .c -mtune=generic -march=x86-64 -version -fasynchronous-unwind-tables -fstack-protector-strong -Wformat -Wformat-security -fstack-clash-protection -fcf-protection -o /tmp/cciWN16a.s
GNU C17 (Ubuntu 13.1.0-8ubuntu1~20.04.2) version 13.1.0 (x86_64-linux-gnu)
	compiled by GNU C version 13.1.0, GMP version 6.2.0, MPFR version 4.0.2, MPC version 1.1.0, isl version isl-0.22.1-GMP

GGC heuristics: --param ggc-min-expand=100 --param ggc-min-heapsize=131072
ignoring nonexistent directory "/usr/local/include/x86_64-linux-gnu"
ignoring nonexistent directory "/usr/lib/gcc/x86_64-linux-gnu/13/include-fixed/x86_64-linux-gnu"
ignoring nonexistent directory "/usr/lib/gcc/x86_64-linux-gnu/13/include-fixed"
ignoring nonexistent directory "/usr/lib/gcc/x86_64-linux-gnu/13/../../../../x86_64-linux-gnu/include"
#include "..." search starts here:
#include <...> search starts here:
 /usr/lib/gcc/x86_64-linux-gnu/13/include
 /usr/local/include
 /usr/include/x86_64-linux-gnu
 /usr/include
End of search list.
Compiler executable checksum: f0b3c90e0f11c3d406d33a12053911f6
COLLECT_GCC_OPTIONS='-v' '-o' 'CMakeFiles/cmTC_69bbf.dir/CMakeCCompilerABI.c.o' '-c' '-mtune=generic' '-march=x86-64' '-dumpdir' 'CMakeFiles/cmTC_69bbf.dir/'
 as -v --64 -o CMakeFiles/cmTC_69bbf.dir/CMakeCCompilerABI.c.o /tmp/cciWN16a.s
GNU assembler version 2.34 (x86_64-linux-gnu) using BFD version (GNU Binutils for Ubuntu) 2.34
COMPILER_PATH=/usr/libexec/gcc/x86_64-linux-gnu/13/:/usr/libexec/gcc/x86_64-linux-gnu/13/:/usr/libexec/gcc/x86_64-linux-gnu/:/usr/lib/gcc/x86_64-linux-gnu/13/:/usr/lib/gcc/x86_64-linux-gnu/
LIBRARY_PATH=/usr/lib/gcc/x86_64-linux-gnu/13/:/usr/lib/gcc/x86_64-linux-gnu/13/../../../x86_64-linux-gnu/:/usr/lib/gcc/x86_64-linux-gnu/13/../../../../lib/:/lib/x86_64-linux-gnu/:/lib/../lib/:/usr/lib/x86_64-linux-gnu/:/usr/lib/../lib/:/usr/lib/gcc/x86_64-linux-gnu/13/../../../:/lib/:/usr/lib/
COLLECT_GCC_OPTIONS='-v' '-o' 'CMakeFiles/cmTC_69bbf.dir/CMakeCCompilerABI.c.o' '-c' '-mtune=generic' '-march=x86-64' '-dumpdir' 'CMakeFiles/cmTC_69bbf.dir/CMakeCCompilerABI.c.'
Linking C executable cmTC_69bbf
/usr/bin/cmake -E cmake_link_script CMakeFiles/cmTC_69bbf.dir/link.txt --verbose=1
/usr/bin/cc     -v CMakeFiles/cmTC_69bbf.dir/CMakeCCompilerABI.c.o  -o cmTC_69bbf 
Using built-in specs.
COLLECT_GCC=/usr/bin/cc
COLLECT_LTO_WRAPPER=/usr/libexec/gcc/x86_64-linux-gnu/13/lto-wrapper
Target: x86_64-linux-gnu
Configured with: ../src/configure -v --with-pkgversion='Ubuntu 13.1.0-8ubuntu1~20.04.2' --with-bugurl=file:///usr/share/doc/gcc-13/README.Bugs --enable-languages=c,ada,c++,go,d,fortran,objc,obj-c++,m2,rust --prefix=/usr --with-gcc-major-version-only --program-suffix=-13 --program-prefix=x86_64-linux-gnu- --enable-shared --enable-linker-build-id --libexecdir=/usr/libexec --without-included-gettext --enable-threads=posix --libdir=/usr/lib --enable-nls --enable-clocale=gnu --enable-libstdcxx-debug --enable-libstdcxx-time=yes --with-default-libstdcxx-abi=new --enable-gnu-unique-object --disable-vtable-verify --enable-plugin --enable-default-pie --with-system-zlib --enable-libphobos-checking=release --with-target-system-zlib=auto --enable-objc-gc=auto --enable-multiarch --disable-werror --enable-cet --with-arch-32=i686 --with-abi=m64 --with-multilib-list=m32,m64,mx32 --enable-multilib --with-tune=generic --enable-checking=release --build=x86_64-linux-gnu --host=x86_64-linux-gnu --target=x86_64-linux-gnu
Thread model: posix
Supported LTO compression algorithms: zlib zstd
gcc version 13.1.0 (Ubuntu 13.1.0-8ubuntu1~20.04.2) 
COMPILER_PATH=/usr/libexec/gcc/x86_64-linux-gnu/13/:/usr/libexec/gcc/x86_64-linux-gnu/13/:/usr/libexec/gcc/x86_64-linux-gnu/:/usr/lib/gcc/x86_64-linux-gnu/13/:/usr/lib/gcc/x86_64-linux-gnu/
LIBRARY_PATH=/usr/lib/gcc/x86_64-linux-gnu/13/:/usr/lib/gcc/x86_64-linux-gnu/13/../../../x86_64-linux-gnu/:/usr/lib/gcc/x86_64-linux-gnu/13/../../../../lib/:/lib/x86_64-linux-gnu/:/lib/../lib/:/usr/lib/x86_64-linux-gnu/:/usr/lib/../lib/:/usr/lib/gcc/x86_64-linux-gnu/13/../../../:/lib/:/usr/lib/
COLLECT_GCC_OPTIONS='-v' '-o' 'cmTC_69bbf' '-mtune=generic' '-march=x86-64' '-dumpdir' 'cmTC_69bbf.'
 /usr/libexec/gcc/x86_64-linux-gnu/13/collect2 -plugin /usr/libexec/gcc/x86_64-linux-gnu/13/liblto_plugin.so -plugin-opt=/usr/libexec/gcc/x86_64-linux-gnu/13/lto-wrapper -plugin-opt=-fresolution=/tmp/ccFJi7sC.res -plugin-opt=-pass-through=-lgcc -plugin-opt=-pass-through=-lgcc_s -plugin-opt=-pass-through=-lc -plugin-opt=-pass-through=-lgcc -plugin-opt=-pass-through=-lgcc_s --build-id --eh-frame-hdr -m elf_x86_64 --hash-style=gnu --as-needed -dynamic-linker /lib64/ld-linux-x86-64.so.2 -pie -z now -z relro -o cmTC_69bbf /usr/lib/gcc/x86_64-linux-gnu/13/../../../x86_64-linux-gnu/Scrt1.o /usr/lib/gcc/x86_64-linux-gnu/13/../../../x86_64-linux-gnu/crti.o /usr/lib/gcc/x86_64-linux-gnu/13/crtbeginS.o -L/usr/lib/gcc/x86_64-linux-gnu/13 -L/usr/lib/gcc/x86_64-linux-gnu/13/../../../x86_64-linux-gnu -L/usr/lib/gcc/x86_64-linux-gnu/13/../../../../lib -L/lib/x86_64-linux-gnu -L/lib/../lib -L/usr/lib/x86_64-linux-gnu -L/usr/lib/../lib -L/usr/lib/gcc/x86_64-linux-gnu/13/../../.. CMakeFiles/cmTC_69bbf.dir/CMakeCCompilerABI.c.o -lgcc --push-state --as-needed -lgcc_s --pop-state -lc -lgcc --push-state --as-needed -lgcc_s --pop-state /usr/lib/gcc/x86_64-linux-gnu/13/crtendS.o /usr/lib/gcc/x86_64-linux-gnu/13/../../../x86_64-linux-gnu/crtn.o
COLLECT_GCC_OPTIONS='-v' '-o' 'cmTC_69bbf' '-mtune=generic' '-march=x86-64' '-dumpdir' 'cmTC_69bbf.'
make[1]: Leaving directory '/home/dachuo/build/CMakeFiles/CMakeTmp'



Parsed C implicit include dir info from above output: rv=done
  found start of include info
  found start of implicit include info
    add: [/usr/lib/gcc/x86_64-linux-gnu/13/include]
    add: [/usr/local/include]
    add: [/usr/include/x86_64-linux-gnu]
    add: [/usr/include]
  end of search list found
  collapse include dir [/usr/lib/gcc/x86_64-linux-gnu/13/include] ==> [/usr/lib/gcc/x86_64-linux-gnu/13/include]
  collapse include dir [/usr/local/include] ==> [/usr/local/include]
  collapse include dir [/usr/include/x86_64-linux-gnu] ==> [/usr/include/x86_64-linux-gnu]
  collapse include dir [/usr/include] ==> [/usr/include]
  implicit include dirs: [/usr/lib/gcc/x86_64-linux-gnu/13/include;/usr/local/include;/usr/include/x86_64-linux-gnu;/usr/include]


Parsed C implicit link information from above output:
  link line regex: [^( *|.*[/\])(ld|CMAKE_LINK_STARTFILE-NOTFOUND|([^/\]+-)?ld|collect2)[^/\]*( |$)]
  ignore line: [Change Dir: /home/dachuo/build/CMakeFiles/CMakeTmp]
  ignore line: []
  ignore line: [Run Build Command(s):/usr/bin/make cmTC_69bbf/fast && /usr/bin/make -f CMakeFiles/cmTC_69bbf.dir/build.make CMakeFiles/cmTC_69bbf.dir/build]
  ignore line: [make[1]: Entering directory '/home/dachuo/build/CMakeFiles/CMakeTmp']
  ignore line: [Building C object CMakeFiles/cmTC_69bbf.dir/CMakeCCompilerABI.c.o]
  ignore line: [/usr/bin/cc   -v -o CMakeFiles/cmTC_69bbf.dir/CMakeCCompilerABI.c.o   -c /usr/share/cmake-3.16/Modules/CMakeCCompilerABI.c]
  ignore line: [Using built-in specs.]
  ignore line: [COLLECT_GCC=/usr/bin/cc]
  ignore line: [Target: x86_64-linux-gnu]
  ignore line: [Configured with: ../src/configure -v --with-pkgversion='Ubuntu 13.1.0-8ubuntu1~20.04.2' --with-bugurl=file:///usr/share/doc/gcc-13/README.Bugs --enable-languages=c ada c++ go d fortran objc obj-c++ m2 rust --prefix=/usr --with-gcc-major-version-only --program-suffix=-13 --program-prefix=x86_64-linux-gnu- --enable-shared --enable-linker-build-id --libexecdir=/usr/libexec --without-included-gettext --enable-threads=posix --libdir=/usr/lib --enable-nls --enable-clocale=gnu --enable-libstdcxx-debug --enable-libstdcxx-time=yes --with-default-libstdcxx-abi=new --enable-gnu-unique-object --disable-vtable-verify --enable-plugin --enable-default-pie --with-system-zlib --enable-libphobos-checking=release --with-target-system-zlib=auto --enable-objc-gc=auto --enable-multiarch --disable-werror --enable-cet --with-arch-32=i686 --with-abi=m64 --with-multilib-list=m32 m64 mx32 --enable-multilib --with-tune=generic --enable-checking=release --build=x86_64-linux-gnu --host=x86_64-linux-gnu --target=x86_64-linux-gnu]
  ignore line: [Thread model: posix]
  ignore line: [Supported LTO compression algorithms: zlib zstd]
  ignore line: [gcc version 13.1.0 (Ubuntu 13.1.0-8ubuntu1~20.04.2) ]
  ignore line: [COLLECT_GCC_OPTIONS='-v' '-o' 'CMakeFiles/cmTC_69bbf.dir/CMakeCCompilerABI.c.o' '-c' '-mtune=generic' '-march=x86-64' '-dumpdir' 'CMakeFiles/cmTC_69bbf.dir/']
  ignore line: [ /usr/libexec/gcc/x86_64-linux-gnu/13/cc1 -quiet -v -imultiarch x86_64-linux-gnu /usr/share/cmake-3.16/Modules/CMakeCCompilerABI.c -quiet -dumpdir CMakeFiles/cmTC_69bbf.dir/ -dumpbase CMakeCCompilerABI.c.c -dumpbase-ext .c -mtune=generic -march=x86-64 -version -fasynchronous-unwind-tables -fstack-protector-strong -Wformat -Wformat-security -fstack-clash-protection -fcf-protection -o /tmp/cciWN16a.s]
  ignore line: [GNU C17 (Ubuntu 13.1.0-8ubuntu1~20.04.2) version 13.1.0 (x86_64-linux-gnu)]
  ignore line: [	compiled by GNU C version 13.1.0  GMP version 6.2.0  MPFR version 4.0.2  MPC version 1.1.0  isl version isl-0.22.1-GMP]
  ignore line: []
  ignore line: [GGC heuristics: --param ggc-min-expand=100 --param ggc-min-heapsize=131072]
  ignore line: [ignoring nonexistent directory "/usr/local/include/x86_64-linux-gnu"]
  ignore line: [ignoring nonexistent directory "/usr/lib/gcc/x86_64-linux-gnu/13/include-fixed/x86_64-linux-gnu"]
  ignore line: [ignoring nonexistent directory "/usr/lib/gcc/x86_64-linux-gnu/13/include-fixed"]
  ignore line: [ignoring nonexistent directory "/usr/lib/gcc/x86_64-linux-gnu/13/../../../../x86_64-linux-gnu/include"]
  ignore line: [#include "..." search starts here:]
  ignore line: [#include <...> search starts here:]
  ignore line: [ /usr/lib/gcc/x86_64-linux-gnu/13/include]
  ignore line: [ /usr/local/include]
  ignore line: [ /usr/include/x86_64-linux-gnu]
  ignore line: [ /usr/include]
  ignore line: [End of search list.]
  ignore line: [Compiler executable checksum: f0b3c90e0f11c3d406d33a12053911f6]
  ignore line: [COLLECT_GCC_OPTIONS='-v' '-o' 'CMakeFiles/cmTC_69bbf.dir/CMakeCCompilerABI.c.o' '-c' '-mtune=generic' '-march=x86-64' '-dumpdir' 'CMakeFiles/cmTC_69bbf.dir/']
  ignore line: [ as -v --64 -o CMakeFiles/cmTC_69bbf.dir/CMakeCCompilerABI.c.o /tmp/cciWN16a.s]
  ignore line: [GNU assembler version 2.34 (x86_64-linux-gnu) using BFD version (GNU Binutils for Ubuntu) 2.34]
  ignore line: [COMPILER_PATH=/usr/libexec/gcc/x86_64-linux-gnu/13/:/usr/libexec/gcc/x86_64-linux-gnu/13/:/usr/libexec/gcc/x86_64-linux-gnu/:/usr/lib/gcc/x86_64-linux-gnu/13/:/usr/lib/gcc/x86_64-linux-gnu/]
  ignore line: [LIBRARY_PATH=/usr/lib/gcc/x86_64-linux-gnu/13/:/usr/lib/gcc/x86_64-linux-gnu/13/../../../x86_64-linux-gnu/:/usr/lib/gcc/x86_64-linux-gnu/13/../../../../lib/:/lib/x86_64-linux-gnu/:/lib/../lib/:/usr/lib/x86_64-linux-gnu/:/usr/lib/../lib/:/usr/lib/gcc/x86_64-linux-gnu/13/../../../:/lib/:/usr/lib/]
  ignore line: [COLLECT_GCC_OPTIONS='-v' '-o' 'CMakeFiles/cmTC_69bbf.dir/CMakeCCompilerABI.c.o' '-c' '-mtune=generic' '-march=x86-64' '-dumpdir' 'CMakeFiles/cmTC_69bbf.dir/CMakeCCompilerABI.c.']
  ignore line: [Linking C executable cmTC_69bbf]
  ignore line: [/usr/bin/cmake -E cmake_link_script CMakeFiles/cmTC_69bbf.dir/link.txt --verbose=1]
  ignore line: [/usr/bin/cc     -v CMakeFiles/cmTC_69bbf.dir/CMakeCCompilerABI.c.o  -o cmTC_69bbf ]
  ignore line: [Using built-in specs.]
  ignore line: [COLLECT_GCC=/usr/bin/cc]
  ignore line: [COLLECT_LTO_WRAPPER=/usr/libexec/gcc/x86_64-linux-gnu/13/lto-wrapper]
  ignore line: [Target: x86_64-linux-gnu]
  ignore line: [Configured with: ../src/configure -v --with-pkgversion='Ubuntu 13.1.0-8ubuntu1~20.04.2' --with-bugurl=file:///usr/share/doc/gcc-13/README.Bugs --enable-languages=c ada c++ go d fortran objc obj-c++ m2 rust --prefix=/usr --with-gcc-major-version-only --program-suffix=-13 --program-prefix=x86_64-linux-gnu- --enable-shared --enable-linker-build-id --libexecdir=/usr/libexec --without-included-gettext --enable-threads=posix --libdir=/usr/lib --enable-nls --enable-clocale=gnu --enable-libstdcxx-debug --enable-libstdcxx-time=yes --with-default-libstdcxx-abi=new --enable-gnu-unique-object --disable-vtable-verify --enable-plugin --enable-default-pie --with-system-zlib --enable-libphobos-checking=release --with-target-system-zlib=auto --enable-objc-gc=auto --enable-multiarch --disable-werror --enable-cet --with-arch-32=i686 --with-abi=m64 --with-multilib-list=m32 m64 mx32 --enable-multilib --with-tune=generic --enable-checking=release --build=x86_64-linux-gnu --host=x86_64-linux-gnu --target=x86_64-linux-gnu]
  ignore line: [Thread model: posix]
  ignore line: [Supported LTO compression algorithms: zlib zstd]
  ignore line: [gcc version 13.1.0 (Ubuntu 13.1.0-8ubuntu1~20.04.2) ]
  ignore line: [COMPILER_PATH=/usr/libexec/gcc/x86_64-linux-gnu/13/:/usr/libexec/gcc/x86_64-linux-gnu/13/:/usr/libexec/gcc/x86_64-linux-gnu/:/usr/lib/gcc/x86_64-linux-gnu/13/:/usr/lib/gcc/x86_64-linux-gnu/]
  ignore line: [LIBRARY_PATH=/usr/lib/gcc/x86_64-linux-gnu/13/:/usr/lib/gcc/x86_64-linux-gnu/13/../../../x86_64-linux-gnu/:/usr/lib/gcc/x86_64-linux-gnu/13/../../../../lib/:/lib/x86_64-linux-gnu/:/lib/../lib/:/usr/lib/x86_64-linux-gnu/:/usr/lib/../lib/:/usr/lib/gcc/x86_64-linux-gnu/13/../../../:/lib/:/usr/lib/]
  ignore line: [COLLECT_GCC_OPTIONS='-v' '-o' 'cmTC_69bbf' '-mtune=generic' '-march=x86-64' '-dumpdir' 'cmTC_69bbf.']
  link line: [ /usr/libexec/gcc/x86_64-linux-gnu/13/collect2 -plugin /usr/libexec/gcc/x86_64-linux-gnu/13/liblto_plugin.so -plugin-opt=/usr/libexec/gcc/x86_64-linux-gnu/13/lto-wrapper -plugin-opt=-fresolution=/tmp/ccFJi7sC.res -plugin-opt=-pass-through=-lgcc -plugin-opt=-pass-through=-lgcc_s -plugin-opt=-pass-through=-lc -plugin-opt=-pass-through=-lgcc -plugin-opt=-pass-through=-lgcc_s --build-id --eh-frame-hdr -m elf_x86_64 --hash-style=gnu --as-needed -dynamic-linker /lib64/ld-linux-x86-64.so.2 -pie -z now -z relro -o cmTC_69bbf /usr/lib/gcc/x86_64-linux-gnu/13/../../../x86_64-linux-gnu/Scrt1.o /usr/lib/gcc/x86_64-linux-gnu/13/../../../x86_64-linux-gnu/crti.o /usr/lib/gcc/x86_64-linux-gnu/13/crtbeginS.o -L/usr/lib/gcc/x86_64-linux-gnu/13 -L/usr/lib/gcc/x86_64-linux-gnu/13/../../../x86_64-linux-gnu -L/usr/lib/gcc/x86_64-linux-gnu/13/../../../../lib -L/lib/x86_64-linux-gnu -L/lib/../lib -L/usr/lib/x86_64-linux-gnu -L/usr/lib/../lib -L/usr/lib/gcc/x86_64-linux-gnu/13/../../.. CMakeFiles/cmTC_69bbf.dir/CMakeCCompilerABI.c.o -lgcc --push-state --as-needed -lgcc_s --pop-state -lc -lgcc --push-state --as-needed -lgcc_s --pop-state /usr/lib/gcc/x86_64-linux-gnu/13/crtendS.o /usr/lib/gcc/x86_64-linux-gnu/13/../../../x86_64-linux-gnu/crtn.o]
    arg [/usr/libexec/gcc/x86_64-linux-gnu/13/collect2] ==> ignore
    arg [-plugin] ==> ignore
    arg [/usr/libexec/gcc/x86_64-linux-gnu/13/liblto_plugin.so] ==> ignore
    arg [-plugin-opt=/usr/libexec/gcc/x86_64-linux-gnu/13/lto-wrapper] ==> ignore
    arg [-plugin-opt=-fresolution=/tmp/ccFJi7sC.res] ==> ignore
    arg [-plugin-opt=-pass-through=-lgcc] ==> ignore
    arg [-plugin-opt=-pass-through=-lgcc_s] ==> ignore
    arg [-plugin-opt=-pass-through=-lc] ==> ignore
    arg [-plugin-opt=-pass-through=-lgcc] ==> ignore
    arg [-plugin-opt=-pass-through=-lgcc_s] ==> ignore
    arg [--build-id] ==> ignore
    arg [--eh-frame-hdr] ==> ignore
    arg [-m] ==> ignore
    arg [elf_x86_64] ==> ignore
    arg [--hash-style=gnu] ==> ignore
    arg [--as-needed] ==> ignore
    arg [-dynamic-linker] ==> ignore
    arg [/lib64/ld-linux-x86-64.so.2] ==> ignore
    arg [-pie] ==> ignore
    arg [-znow] ==> ignore
    arg [-zrelro] ==> ignore
    arg [-o] ==> ignore
    arg [cmTC_69bbf] ==> ignore
    arg [/usr/lib/gcc/x86_64-linux-gnu/13/../../../x86_64-linux-gnu/Scrt1.o] ==> ignore
    arg [/usr/lib/gcc/x86_64-linux-gnu/13/../../../x86_64-linux-gnu/crti.o] ==> ignore
    arg [/usr/lib/gcc/x86_64-linux-gnu/13/crtbeginS.o] ==> ignore
    arg [-L/usr/lib/gcc/x86_64-linux-gnu/13] ==> dir [/usr/lib/gcc/x86_64-linux-gnu/13]
    arg [-L/usr/lib/gcc/x86_64-linux-gnu/13/../../../x86_64-linux-gnu] ==> dir [/usr/lib/gcc/x86_64-linux-gnu/13/../../../x86_64-linux-gnu]
    arg [-L/usr/lib/gcc/x86_64-linux-gnu/13/../../../../lib] ==> dir [/usr/lib/gcc/x86_64-linux-gnu/13/../../../../lib]
    arg [-L/lib/x86_64-linux-gnu] ==> dir [/lib/x86_64-linux-gnu]
    arg [-L/lib/../lib] ==> dir [/lib/../lib]
    arg [-L/usr/lib/x86_64-linux-gnu] ==> dir [/usr/lib/x86_64-linux-gnu]
    arg [-L/usr/lib/../lib] ==> dir [/usr/lib/../lib]
    arg [-L/usr/lib/gcc/x86_64-linux-gnu/13/../../..] ==> dir [/usr/lib/gcc/x86_64-linux-gnu/13/../../..]
    arg [CMakeFiles/cmTC_69bbf.dir/CMakeCCompilerABI.c.o] ==> ignore
    arg [-lgcc] ==> lib [gcc]
    arg [--push-state] ==> ignore
    arg [--as-needed] ==> ignore
    arg [-lgcc_s] ==> lib [gcc_s]
    arg [--pop-state] ==> ignore
    arg [-lc] ==> lib [c]
    arg [-lgcc] ==> lib [gcc]
    arg [--push-state] ==> ignore
    arg [--as-needed] ==> ignore
    arg [-lgcc_s] ==> lib [gcc_s]
    arg [--pop-state] ==> ignore
    arg [/usr/lib/gcc/x86_64-linux-gnu/13/crtendS.o] ==> ignore
    arg [/usr/lib/gcc/x86_64-linux-gnu/13/../../../x86_64-linux-gnu/crtn.o] ==> ignore
  collapse library dir [/usr/lib/gcc/x86_64-linux-gnu/13] ==> [/usr/lib/gcc/x86_64-linux-gnu/13]
  collapse library dir [/usr/lib/gcc/x86_64-linux-gnu/13/../../../x86_64-linux-gnu] ==> [/usr/lib/x86_64-linux-gnu]
  collapse library dir [/usr/lib/gcc/x86_64-linux-gnu/13/../../../../lib] ==> [/usr/lib]
  collapse library dir [/lib/x86_64-linux-gnu] ==> [/lib/x86_64-linux-gnu]
  collapse library dir [/lib/../lib] ==> [/lib]
  collapse library dir [/usr/lib/x86_64-linux-gnu] ==> [/usr/lib/x86_64-linux-gnu]
  collapse library dir [/usr/lib/../lib] ==> [/usr/lib]
  collapse library dir [/usr/lib/gcc/x86_64-linux-gnu/13/../../..] ==> [/usr/lib]
  implicit libs: [gcc;gcc_s;c;gcc;gcc_s]
  implicit dirs: [/usr/lib/gcc/x86_64-linux-gnu/13;/usr/lib/x86_64-linux-gnu;/usr/lib;/lib/x86_64-linux-gnu;/lib]
  implicit fwks: []


Determining if the CXX compiler works passed with the following output:
Change Dir: /home/dachuo/build/CMakeFiles/CMakeTmp

Run Build Command(s):/usr/bin/make cmTC_b07f3/fast && /usr/bin/make -f CMakeFiles/cmTC_b07f3.dir/build.make CMakeFiles/cmTC_b07f3.dir/build
make[1]: Entering directory '/home/dachuo/build/CMakeFiles/CMakeTmp'
Building CXX object CMakeFiles/cmTC_b07f3.dir/testCXXCompiler.cxx.o
/usr/bin/c++    -std=gnu++2a -o CMakeFiles/cmTC_b07f3.dir/testCXXCompiler.cxx.o -c /home/dachuo/build/CMakeFiles/CMakeTmp/testCXXCompiler.cxx
Linking CXX executable cmTC_b07f3
/usr/bin/cmake -E cmake_link_script CMakeFiles/cmTC_b07f3.dir/link.txt --verbose=1
/usr/bin/c++       CMakeFiles/cmTC_b07f3.dir/testCXXCompiler.cxx.o  -o cmTC_b07f3 
make[1]: Leaving directory '/home/dachuo/build/CMakeFiles/CMakeTmp'



Detecting CXX compiler ABI info compiled with the following output:
Change Dir: /home/dachuo/build/CMakeFiles/CMakeTmp

Run Build Command(s):/usr/bin/make cmTC_bd520/fast && /usr/bin/make -f CMakeFiles/cmTC_bd520.dir/build.make CMakeFiles/cmTC_bd520.dir/build
make[1]: Entering directory '/home/dachuo/build/CMakeFiles/CMakeTmp'
Building CXX object CMakeFiles/cmTC_bd520.dir/CMakeCXXCompilerABI.cpp.o
/usr/bin/c++    -v -std=gnu++2a -o CMakeFiles/cmTC_bd520.dir/CMakeCXXCompilerABI.cpp.o -c /usr/share/cmake-3.16/Modules/CMakeCXXCompilerABI.cpp
Using built-in specs.
COLLECT_GCC=/usr/bin/c++
Target: x86_64-linux-gnu
Configured with: ../src/configure -v --with-pkgversion='Ubuntu 13.1.0-8ubuntu1~20.04.2' --with-bugurl=file:///usr/share/doc/gcc-13/README.Bugs --enable-languages=c,ada,c++,go,d,fortran,objc,obj-c++,m2,rust --prefix=/usr --with-gcc-major-version-only --program-suffix=-13 --program-prefix=x86_64-linux-gnu- --enable-shared --enable-linker-build-id --libexecdir=/usr/libexec --without-included-gettext --enable-threads=posix --libdir=/usr/lib --enable-nls --enable-clocale=gnu --enable-libstdcxx-debug --enable-libstdcxx-time=yes --with-default-libstdcxx-abi=new --enable-gnu-unique-object --disable-vtable-verify --enable-plugin --enable-default-pie --with-system-zlib --enable-libphobos-checking=release --with-target-system-zlib=auto --enable-objc-gc=auto --enable-multiarch --disable-werror --enable-cet --with-arch-32=i686 --with-abi=m64 --with-multilib-list=m32,m64,mx32 --enable-multilib --with-tune=generic --enable-checking=release --build=x86_64-linux-gnu --host=x86_64-linux-gnu --target=x86_64-linux-gnu
Thread model: posix
Supported LTO compression algorithms: zlib zstd
gcc version 13.1.0 (Ubuntu 13.1.0-8ubuntu1~20.04.2) 
COLLECT_GCC_OPTIONS='-v' '-std=gnu++20' '-o' 'CMakeFiles/cmTC_bd520.dir/CMakeCXXCompilerABI.cpp.o' '-c' '-shared-libgcc' '-mtune=generic' '-march=x86-64' '-dumpdir' 'CMakeFiles/cmTC_bd520.dir/'
 /usr/libexec/gcc/x86_64-linux-gnu/13/cc1plus -quiet -v -imultiarch x86_64-linux-gnu -D_GNU_SOURCE /usr/share/cmake-3.16/Modules/CMakeCXXCompilerABI.cpp -quiet -dumpdir CMakeFiles/cmTC_bd520.dir/ -dumpbase CMakeCXXCompilerABI.cpp.cpp -dumpbase-ext .cpp -mtune=generic -march=x86-64 -std=gnu++20 -version -fasynchronous-unwind-tables -fstack-protector-strong -Wformat -Wformat-security -fstack-clash-protection -fcf-protection -o /tmp/ccd3BI0n.s
GNU C++20 (Ubuntu 13.1.0-8ubuntu1~20.04.2) version 13.1.0 (x86_64-linux-gnu)
	compiled by GNU C version 13.1.0, GMP version 6.2.0, MPFR version 4.0.2, MPC version 1.1.0, isl version isl-0.22.1-GMP

GGC heuristics: --param ggc-min-expand=100 --param ggc-min-heapsize=131072
ignoring duplicate directory "/usr/include/x86_64-linux-gnu/c++/13"
ignoring nonexistent directory "/usr/local/include/x86_64-linux-gnu"
ignoring nonexistent directory "/usr/lib/gcc/x86_64-linux-gnu/13/include-fixed/x86_64-linux-gnu"
ignoring nonexistent directory "/usr/lib/gcc/x86_64-linux-gnu/13/include-fixed"
ignoring nonexistent directory "/usr/lib/gcc/x86_64-linux-gnu/13/../../../../x86_64-linux-gnu/include"
#include "..." search starts here:
#include <...> search starts here:
 /usr/include/c++/13
 /usr/include/x86_64-linux-gnu/c++/13
 /usr/include/c++/13/backward
 /usr/lib/gcc/x86_64-linux-gnu/13/include
 /usr/local/include
 /usr/include/x86_64-linux-gnu
 /usr/include
End of search list.
Compiler executable checksum: 391880e3be75f4e1ac78bddcb50fff0c
COLLECT_GCC_OPTIONS='-v' '-std=gnu++20' '-o' 'CMakeFiles/cmTC_bd520.dir/CMakeCXXCompilerABI.cpp.o' '-c' '-shared-libgcc' '-mtune=generic' '-march=x86-64' '-dumpdir' 'CMakeFiles/cmTC_bd520.dir/'
 as -v --64 -o CMakeFiles/cmTC_bd520.dir/CMakeCXXCompilerABI.cpp.o /tmp/ccd3BI0n.s
GNU assembler version 2.34 (x86_64-linux-gnu) using BFD version (GNU Binutils for Ubuntu) 2.34
COMPILER_PATH=/usr/libexec/gcc/x86_64-linux-gnu/13/:/usr/libexec/gcc/x86_64-linux-gnu/13/:/usr/libexec/gcc/x86_64-linux-gnu/:/usr/lib/gcc/x86_64-linux-gnu/13/:/usr/lib/gcc/x86_64-linux-gnu/
LIBRARY_PATH=/usr/lib/gcc/x86_64-linux-gnu/13/:/usr/lib/gcc/x86_64-linux-gnu/13/../../../x86_64-linux-gnu/:/usr/lib/gcc/x86_64-linux-gnu/13/../../../../lib/:/lib/x86_64-linux-gnu/:/lib/../lib/:/usr/lib/x86_64-linux-gnu/:/usr/lib/../lib/:/usr/lib/gcc/x86_64-linux-gnu/13/../../../:/lib/:/usr/lib/
COLLECT_GCC_OPTIONS='-v' '-std=gnu++20' '-o' 'CMakeFiles/cmTC_bd520.dir/CMakeCXXCompilerABI.cpp.o' '-c' '-shared-libgcc' '-mtune=generic' '-march=x86-64' '-dumpdir' 'CMakeFiles/cmTC_bd520.dir/CMakeCXXCompilerABI.cpp.'
Linking CXX executable cmTC_bd520
/usr/bin/cmake -E cmake_link_script CMakeFiles/cmTC_bd520.dir/link.txt --verbose=1
/usr/bin/c++      -v CMakeFiles/cmTC_bd520.dir/CMakeCXXCompilerABI.cpp.o  -o cmTC_bd520 
Using built-in specs.
COLLECT_GCC=/usr/bin/c++
COLLECT_LTO_WRAPPER=/usr/libexec/gcc/x86_64-linux-gnu/13/lto-wrapper
Target: x86_64-linux-gnu
Configured with: ../src/configure -v --with-pkgversion='Ubuntu 13.1.0-8ubuntu1~20.04.2' --with-bugurl=file:///usr/share/doc/gcc-13/README.Bugs --enable-languages=c,ada,c++,go,d,fortran,objc,obj-c++,m2,rust --prefix=/usr --with-gcc-major-version-only --program-suffix=-13 --program-prefix=x86_64-linux-gnu- --enable-shared --enable-linker-build-id --libexecdir=/usr/libexec --without-included-gettext --enable-threads=posix --libdir=/usr/lib --enable-nls --enable-clocale=gnu --enable-libstdcxx-debug --enable-libstdcxx-time=yes --with-default-libstdcxx-abi=new --enable-gnu-unique-object --disable-vtable-verify --enable-plugin --enable-default-pie --with-system-zlib --enable-libphobos-checking=release --with-target-system-zlib=auto --enable-objc-gc=auto --enable-multiarch --disable-werror --enable-cet --with-arch-32=i686 --with-abi=m64 --with-multilib-list=m32,m64,mx32 --enable-multilib --with-tune=generic --enable-checking=release --build=x86_64-linux-gnu --host=x86_64-linux-gnu --target=x86_64-linux-gnu
Thread model: posix
Supported LTO compression algorithms: zlib zstd
gcc version 13.1.0 (Ubuntu 13.1.0-8ubuntu1~20.04.2) 
COMPILER_PATH=/usr/libexec/gcc/x86_64-linux-gnu/13/:/usr/libexec/gcc/x86_64-linux-gnu/13/:/usr/libexec/gcc/x86_64-linux-gnu/:/usr/lib/gcc/x86_64-linux-gnu/13/:/usr/lib/gcc/x86_64-linux-gnu/
LIBRARY_PATH=/usr/lib/gcc/x86_64-linux-gnu/13/:/usr/lib/gcc/x86_64-linux-gnu/13/../../../x86_64-linux-gnu/:/usr/lib/gcc/x86_64-linux-gnu/13/../../../../lib/:/lib/x86_64-linux-gnu/:/lib/../lib/:/usr/lib/x86_64-linux-gnu/:/usr/lib/../lib/:/usr/lib/gcc/x86_64-linux-gnu/13/../../../:/lib/:/usr/lib/
COLLECT_GCC_OPTIONS='-v' '-o' 'cmTC_bd520' '-shared-libgcc' '-mtune=generic' '-march=x86-64' '-dumpdir' 'cmTC_bd520.'
 /usr/libexec/gcc/x86_64-linux-gnu/13/collect2 -plugin /usr/libexec/gcc/x86_64-linux-gnu/13/liblto_plugin.so -plugin-opt=/usr/libexec/gcc/x86_64-linux-gnu/13/lto-wrapper -plugin-opt=-fresolution=/tmp/ccSqpIkR.res -plugin-opt=-pass-through=-lgcc_s -plugin-opt=-pass-through=-lgcc -plugin-opt=-pass-through=-lc -plugin-opt=-pass-through=-lgcc_s -plugin-opt=-pass-through=-lgcc --build-id --eh-frame-hdr -m elf_x86_64 --hash-style=gnu --as-needed -dynamic-linker /lib64/ld-linux-x86-64.so.2 -pie -z now -z relro -o cmTC_bd520 /usr/lib/gcc/x86_64-linux-gnu/13/../../../x86_64-linux-gnu/Scrt1.o /usr/lib/gcc/x86_64-linux-gnu/13/../../../x86_64-linux-gnu/crti.o /usr/lib/gcc/x86_64-linux-gnu/13/crtbeginS.o -L/usr/lib/gcc/x86_64-linux-gnu/13 -L/usr/lib/gcc/x86_64-linux-gnu/13/../../../x86_64-linux-gnu -L/usr/lib/gcc/x86_64-linux-gnu/13/../../../../lib -L/lib/x86_64-linux-gnu -L/lib/../lib -L/usr/lib/x86_64-linux-gnu -L/usr/lib/../lib -L/usr/lib/gcc/x86_64-linux-gnu/13/../../.. CMakeFiles/cmTC_bd520.dir/CMakeCXXCompilerABI.cpp.o -lstdc++ -lm -lgcc_s -lgcc -lc -lgcc_s -lgcc /usr/lib/gcc/x86_64-linux-gnu/13/crtendS.o /usr/lib/gcc/x86_64-linux-gnu/13/../../../x86_64-linux-gnu/crtn.o
COLLECT_GCC_OPTIONS='-v' '-o' 'cmTC_bd520' '-shared-libgcc' '-mtune=generic' '-march=x86-64' '-dumpdir' 'cmTC_bd520.'
make[1]: Leaving directory '/home/dachuo/build/CMakeFiles/CMakeTmp'



Parsed CXX implicit include dir info from above output: rv=done
  found start of include info
  found start of implicit include info
    add: [/usr/include/c++/13]
    add: [/usr/include/x86_64-linux-gnu/c++/13]
    add: [/usr/include/c++/13/backward]
    add: [/usr/lib/gcc/x86_64-linux-gnu/13/include]
    add: [/usr/local/include]
    add: [/usr/include/x86_64-linux-gnu]
    add: [/usr/include]
  end of search list found
  collapse include dir [/usr/include/c++/13] ==> [/usr/include/c++/13]
  collapse include dir [/usr/include/x86_64-linux-gnu/c++/13] ==> [/usr/include/x86_64-linux-gnu/c++/13]
  collapse include dir [/usr/include/c++/13/backward] ==> [/usr/include/c++/13/backward]
  collapse include dir [/usr/lib/gcc/x86_64-linux-gnu/13/include] ==> [/usr/lib/gcc/x86_64-linux-gnu/13/include]
  collapse include dir [/usr/local/include] ==> [/usr/local/include]
  collapse include dir [/usr/include/x86_64-linux-gnu] ==> [/usr/include/x86_64-linux-gnu]
  collapse include dir [/usr/include] ==> [/usr/include]
  implicit include dirs: [/usr/include/c++/13;/usr/include/x86_64-linux-gnu/c++/13;/usr/include/c++/13/backward;/usr/lib/gcc/x86_64-linux-gnu/13/include;/usr/local/include;/usr/include/x86_64-linux-gnu;/usr/include]


Parsed CXX implicit link information from above output:
  link line regex: [^( *|.*[/\])(ld|CMAKE_LINK_STARTFILE-NOTFOUND|([^/\]+-)?ld|collect2)[^/\]*( |$)]
  ignore line: [Change Dir: /home/dachuo/build/CMakeFiles/CMakeTmp]
  ignore line: []
  ignore line: [Run Build Command(s):/usr/bin/make cmTC_bd520/fast && /usr/bin/make -f CMakeFiles/cmTC_bd520.dir/build.make CMakeFiles/cmTC_bd520.dir/build]
  ignore line: [make[1]: Entering directory '/home/dachuo/build/CMakeFiles/CMakeTmp']
  ignore line: [Building CXX object CMakeFiles/cmTC_bd520.dir/CMakeCXXCompilerABI.cpp.o]
  ignore line: [/usr/bin/c++    -v -std=gnu++2a -o CMakeFiles/cmTC_bd520.dir/CMakeCXXCompilerABI.cpp.o -c /usr/share/cmake-3.16/Modules/CMakeCXXCompilerABI.cpp]
  ignore line: [Using built-in specs.]
  ignore line: [COLLECT_GCC=/usr/bin/c++]
  ignore line: [Target: x86_64-linux-gnu]
  ignore line: [Configured with: ../src/configure -v --with-pkgversion='Ubuntu 13.1.0-8ubuntu1~20.04.2' --with-bugurl=file:///usr/share/doc/gcc-13/README.Bugs --enable-languages=c ada c++ go d fortran objc obj-c++ m2 rust --prefix=/usr --with-gcc-major-version-only --program-suffix=-13 --program-prefix=x86_64-linux-gnu- --enable-shared --enable-linker-build-id --libexecdir=/usr/libexec --without-included-gettext --enable-threads=posix --libdir=/usr/lib --enable-nls --enable-clocale=gnu --enable-libstdcxx-debug --enable-libstdcxx-time=yes --with-default-libstdcxx-abi=new --enable-gnu-unique-object --disable-vtable-verify --enable-plugin --enable-default-pie --with-system-zlib --enable-libphobos-checking=release --with-target-system-zlib=auto --enable-objc-gc=auto --enable-multiarch --disable-werror --enable-cet --with-arch-32=i686 --with-abi=m64 --with-multilib-list=m32 m64 mx32 --enable-multilib --with-tune=generic --enable-checking=release --build=x86_64-linux-gnu --host=x86_64-linux-gnu --target=x86_64-linux-gnu]
  ignore line: [Thread model: posix]
  ignore line: [Supported LTO compression algorithms: zlib zstd]
  ignore line: [gcc version 13.1.0 (Ubuntu 13.1.0-8ubuntu1~20.04.2) ]
  ignore line: [COLLECT_GCC_OPTIONS='-v' '-std=gnu++20' '-o' 'CMakeFiles/cmTC_bd520.dir/CMakeCXXCompilerABI.cpp.o' '-c' '-shared-libgcc' '-mtune=generic' '-march=x86-64' '-dumpdir' 'CMakeFiles/cmTC_bd520.dir/']
  ignore line: [ /usr/libexec/gcc/x86_64-linux-gnu/13/cc1plus -quiet -v -imultiarch x86_64-linux-gnu -D_GNU_SOURCE /usr/share/cmake-3.16/Modules/CMakeCXXCompilerABI.cpp -quiet -dumpdir CMakeFiles/cmTC_bd520.dir/ -dumpbase CMakeCXXCompilerABI.cpp.cpp -dumpbase-ext .cpp -mtune=generic -march=x86-64 -std=gnu++20 -version -fasynchronous-unwind-tables -fstack-protector-strong -Wformat -Wformat-security -fstack-clash-protection -fcf-protection -o /tmp/ccd3BI0n.s]
  ignore line: [GNU C++20 (Ubuntu 13.1.0-8ubuntu1~20.04.2) version 13.1.0 (x86_64-linux-gnu)]
  ignore line: [	compiled by GNU C version 13.1.0  GMP version 6.2.0  MPFR version 4.0.2  MPC version 1.1.0  isl version isl-0.22.1-GMP]
  ignore line: []
  ignore line: [GGC heuristics: --param ggc-min-expand=100 --param ggc-min-heapsize=131072]
  ignore line: [ignoring duplicate directory "/usr/include/x86_64-linux-gnu/c++/13"]
  ignore line: [ignoring nonexistent directory "/usr/local/include/x86_64-linux-gnu"]
  ignore line: [ignoring nonexistent directory "/usr/lib/gcc/x86_64-linux-gnu/13/include-fixed/x86_64-linux-gnu"]
  ignore line: [ignoring nonexistent directory "/usr/lib/gcc/x86_64-linux-gnu/13/include-fixed"]
  ignore line: [ignoring nonexistent directory "/usr/lib/gcc/x86_64-linux-gnu/13/../../../../x86_64-linux-gnu/include"]
  ignore line: [#include "..." search starts here:]
  ignore line: [#include <...> search starts here:]
  ignore line: [ /usr/include/c++/13]
  ignore line: [ /usr/include/x86_64-linux-gnu/c++/13]
  ignore line: [ /usr/include/c++/13/backward]
  ignore line: [ /usr/lib/gcc/x86_64-linux-gnu/13/include]
  ignore line: [ /usr/local/include]
  ignore line: [ /usr/include/x86_64-linux-gnu]
  ignore line: [ /usr/include]
  ignore line: [End of search list.]
  ignore line: [Compiler executable checksum: 391880e3be75f4e1ac78bddcb50fff0c]
  ignore line: [COLLECT_GCC_OPTIONS='-v' '-std=gnu++20' '-o' 'CMakeFiles/cmTC_bd520.dir/CMakeCXXCompilerABI.cpp.o' '-c' '-shared-libgcc' '-mtune=generic' '-march=x86-64' '-dumpdir' 'CMakeFiles/cmTC_bd520.dir/']
  ignore line: [ as -v --64 -o CMakeFiles/cmTC_bd520.dir/CMakeCXXCompilerABI.cpp.o /tmp/ccd3BI0n.s]
  ignore line: [GNU assembler version 2.34 (x86_64-linux-gnu) using BFD version (GNU Binutils for Ubuntu) 2.34]
  ignore line: [COMPILER_PATH=/usr/libexec/gcc/x86_64-linux-gnu/13/:/usr/libexec/gcc/x86_64-linux-gnu/13/:/usr/libexec/gcc/x86_64-linux-gnu/:/usr/lib/gcc/x86_64-linux-gnu/13/:/usr/lib/gcc/x86_64-linux-gnu/]
  ignore line: [LIBRARY_PATH=/usr/lib/gcc/x86_64-linux-gnu/13/:/usr/lib/gcc/x86_64-linux-gnu/13/../../../x86_64-linux-gnu/:/usr/lib/gcc/x86_64-linux-gnu/13/../../../../lib/:/lib/x86_64-linux-gnu/:/lib/../lib/:/usr/lib/x86_64-linux-gnu/:/usr/lib/../lib/:/usr/lib/gcc/x86_64-linux-gnu/13/../../../:/lib/:/usr/lib/]
  ignore line: [COLLECT_GCC_OPTIONS='-v' '-std=gnu++20' '-o' 'CMakeFiles/cmTC_bd520.dir/CMakeCXXCompilerABI.cpp.o' '-c' '-shared-libgcc' '-mtune=generic' '-march=x86-64' '-dumpdir' 'CMakeFiles/cmTC_bd520.dir/CMakeCXXCompilerABI.cpp.']
  ignore line: [Linking CXX executable cmTC_bd520]
  ignore line: [/usr/bin/cmake -E cmake_link_script CMakeFiles/cmTC_bd520.dir/link.txt --verbose=1]
  ignore line: [/usr/bin/c++      -v CMakeFiles/cmTC_bd520.dir/CMakeCXXCompilerABI.cpp.o  -o cmTC_bd520 ]
  ignore line: [Using built-in specs.]
  ignore line: [COLLECT_GCC=/usr/bin/c++]
  ignore line: [COLLECT_LTO_WRAPPER=/usr/libexec/gcc/x86_64-linux-gnu/13/lto-wrapper]
  ignore line: [Target: x86_64-linux-gnu]
  ignore line: [Configured with: ../src/configure -v --with-pkgversion='Ubuntu 13.1.0-8ubuntu1~20.04.2' --with-bugurl=file:///usr/share/doc/gcc-13/README.Bugs --enable-languages=c ada c++ go d fortran objc obj-c++ m2 rust --prefix=/usr --with-gcc-major-version-only --program-suffix=-13 --program-prefix=x86_64-linux-gnu- --enable-shared --enable-linker-build-id --libexecdir=/usr/libexec --without-included-gettext --enable-threads=posix --libdir=/usr/lib --enable-nls --enable-clocale=gnu --enable-libstdcxx-debug --enable-libstdcxx-time=yes --with-default-libstdcxx-abi=new --enable-gnu-unique-object --disable-vtable-verify --enable-plugin --enable-default-pie --with-system-zlib --enable-libphobos-checking=release --with-target-system-zlib=auto --enable-objc-gc=auto --enable-multiarch --disable-werror --enable-cet --with-arch-32=i686 --with-abi=m64 --with-multilib-list=m32 m64 mx32 --enable-multilib --with-tune=generic --enable-checking=release --build=x86_64-linux-gnu --host=x86_64-linux-gnu --target=x86_64-linux-gnu]
  ignore line: [Thread model: posix]
  ignore line: [Supported LTO compression algorithms: zlib zstd]
  ignore line: [gcc version 13.1.0 (Ubuntu 13.1.0-8ubuntu1~20.04.2) ]
  ignore line: [COMPILER_PATH=/usr/libexec/gcc/x86_64-linux-gnu/13/:/usr/libexec/gcc/x86_64-linux-gnu/13/:/usr/libexec/gcc/x86_64-linux-gnu/:/usr/lib/gcc/x86_64-linux-gnu/13/:/usr/lib/gcc/x86_64-linux-gnu/]
  ignore line: [LIBRARY_PATH=/usr/lib/gcc/x86_64-linux-gnu/13/:/usr/lib/gcc/x86_64-linux-gnu/13/../../../x86_64-linux-gnu/:/usr/lib/gcc/x86_64-linux-gnu/13/../../../../lib/:/lib/x86_64-linux-gnu/:/lib/../lib/:/usr/lib/x86_64-linux-gnu/:/usr/lib/../lib/:/usr/lib/gcc/x86_64-linux-gnu/13/../../../:/lib/:/usr/lib/]
  ignore line: [COLLECT_GCC_OPTIONS='-v' '-o' 'cmTC_bd520' '-shared-libgcc' '-mtune=generic' '-march=x86-64' '-dumpdir' 'cmTC_bd520.']
  link line: [ /usr/libexec/gcc/x86_64-linux-gnu/13/collect2 -plugin /usr/libexec/gcc/x86_64-linux-gnu/13/liblto_plugin.so -plugin-opt=/usr/libexec/gcc/x86_64-linux-gnu/13/lto-wrapper -plugin-opt=-fresolution=/tmp/ccSqpIkR.res -plugin-opt=-pass-through=-lgcc_s -plugin-opt=-pass-through=-lgcc -plugin-opt=-pass-through=-lc -plugin-opt=-pass-through=-lgcc_s -plugin-opt=-pass-through=-lgcc --build-id --eh-frame-hdr -m elf_x86_64 --hash-style=gnu --as-needed -dynamic-linker /lib64/ld-linux-x86-64.so.2 -pie -z now -z relro -o cmTC_bd520 /usr/lib/gcc/x86_64-linux-gnu/13/../../../x86_64-linux-gnu/Scrt1.o /usr/lib/gcc/x86_64-linux-gnu/13/../../../x86_64-linux-gnu/crti.o /usr/lib/gcc/x86_64-linux-gnu/13/crtbeginS.o -L/usr/lib/gcc/x86_64-linux-gnu/13 -L/usr/lib/gcc/x86_64-linux-gnu/13/../../../x86_64-linux-gnu -L/usr/lib/gcc/x86_64-linux-gnu/13/../../../../lib -L/lib/x86_64-linux-gnu -L/lib/../lib -L/usr/lib/x86_64-linux-gnu -L/usr/lib/../lib -L/usr/lib/gcc/x86_64-linux-gnu/13/../../.. CMakeFiles/cmTC_bd520.dir/CMakeCXXCompilerABI.cpp.o -lstdc++ -lm -lgcc_s -lgcc -lc -lgcc_s -lgcc /usr/lib/gcc/x86_64-linux-gnu/13/crtendS.o /usr/lib/gcc/x86_64-linux-gnu/13/../../../x86_64-linux-gnu/crtn.o]
    arg [/usr/libexec/gcc/x86_64-linux-gnu/13/collect2] ==> ignore
    arg [-plugin] ==> ignore
    arg [/usr/libexec/gcc/x86_64-linux-gnu/13/liblto_plugin.so] ==> ignore
    arg [-plugin-opt=/usr/libexec/gcc/x86_64-linux-gnu/13/lto-wrapper] ==> ignore
    arg [-plugin-opt=-fresolution=/tmp/ccSqpIkR.res] ==> ignore
    arg [-plugin-opt=-pass-through=-lgcc_s] ==> ignore
    arg [-plugin-opt=-pass-through=-lgcc] ==> ignore
    arg [-plugin-opt=-pass-through=-lc] ==> ignore
    arg [-plugin-opt=-pass-through=-lgcc_s] ==> ignore
    arg [-plugin-opt=-pass-through=-lgcc] ==> ignore
    arg [--build-id] ==> ignore
    arg [--eh-frame-hdr] ==> ignore
    arg [-m] ==> ignore
    arg [elf_x86_64] ==> ignore
    arg [--hash-style=gnu] ==> ignore
    arg [--as-needed] ==> ignore
    arg [-dynamic-linker] ==> ignore
    arg [/lib64/ld-linux-x86-64.so.2] ==> ignore
    arg [-pie] ==> ignore
    arg [-znow] ==> ignore
    arg [-zrelro] ==> ignore
    arg [-o] ==> ignore
    arg [cmTC_bd520] ==> ignore
    arg [/usr/lib/gcc/x86_64-linux-gnu/13/../../../x86_64-linux-gnu/Scrt1.o] ==> ignore
    arg [/usr/lib/gcc/x86_64-linux-gnu/13/../../../x86_64-linux-gnu/crti.o] ==> ignore
    arg [/usr/lib/gcc/x86_64-linux-gnu/13/crtbeginS.o] ==> ignore
    arg [-L/usr/lib/gcc/x86_64-linux-gnu/13] ==> dir [/usr/lib/gcc/x86_64-linux-gnu/13]
    arg [-L/usr/lib/gcc/x86_64-linux-gnu/13/../../../x86_64-linux-gnu] ==> dir [/usr/lib/gcc/x86_64-linux-gnu/13/../../../x86_64-linux-gnu]
    arg [-L/usr/lib/gcc/x86_64-linux-gnu/13/../../../../lib] ==> dir [/usr/lib/gcc/x86_64-linux-gnu/13/../../../../lib]
    arg [-L/lib/x86_64-linux-gnu] ==> dir [/lib/x86_64-linux-gnu]
    arg [-L/lib/../lib] ==> dir [/lib/../lib]
    arg [-L/usr/lib/x86_64-linux-gnu] ==> dir [/usr/lib/x86_64-linux-gnu]
    arg [-L/usr/lib/../lib] ==> dir [/usr/lib/../lib]
    arg [-L/usr/lib/gcc/x86_64-linux-gnu/13/../../..] ==> dir [/usr/lib/gcc/x86_64-linux-gnu/13/../../..]
    arg [CMakeFiles/cmTC_bd520.dir/CMakeCXXCompilerABI.cpp.o] ==> ignore
    arg [-lstdc++] ==> lib [stdc++]
    arg [-lm] ==> lib [m]
    arg [-lgcc_s] ==> lib [gcc_s]
    arg [-lgcc] ==> lib [gcc]
    arg [-lc] ==> lib [c]
    arg [-lgcc_s] ==> lib [gcc_s]
    arg [-lgcc] ==> lib [gcc]
    arg [/usr/lib/gcc/x86_64-linux-gnu/13/crtendS.o] ==> ignore
    arg [/usr/lib/gcc/x86_64-linux-gnu/13/../../../x86_64-linux-gnu/crtn.o] ==> ignore
  collapse library dir [/usr/lib/gcc/x86_64-linux-gnu/13] ==> [/usr/lib/gcc/x86_64-linux-gnu/13]
  collapse library dir [/usr/lib/gcc/x86_64-linux-gnu/13/../../../x86_64-linux-gnu] ==> [/usr/lib/x86_64-linux-gnu]
  collapse library dir [/usr/lib/gcc/x86_64-linux-gnu/13/../../../../lib] ==> [/usr/lib]
  collapse library dir [/lib/x86_64-linux-gnu] ==> [/lib/x86_64-linux-gnu]
  collapse library dir [/lib/../lib] ==> [/lib]
  collapse library dir [/usr/lib/x86_64-linux-gnu] ==> [/usr/lib/x86_64-linux-gnu]
  collapse library dir [/usr/lib/../lib] ==> [/usr/lib]
  collapse library dir [/usr/lib/gcc/x86_64-linux-gnu/13/../../..] ==> [/usr/lib]
  implicit libs: [stdc++;m;gcc_s;gcc;c;gcc_s;gcc]
  implicit dirs: [/usr/lib/gcc/x86_64-linux-gnu/13;/usr/lib/x86_64-linux-gnu;/usr/lib;/lib/x86_64-linux-gnu;/lib]
  implicit fwks: []


The system is: Linux - 4.4.0-19041-Microsoft - x86_64
Compiling the C compiler identification source file "CMakeCCompilerId.c" succeeded.
Compiler: /usr/bin/cc 
Build flags: 
Id flags:  

The output was:
0


Compilation of the C compiler identification source "CMakeCCompilerId.c" produced "a.out"

The C compiler identification is GNU, found in "/home/dachuo/build/CMakeFiles/3.16.3/CompilerIdC/a.out"

Compiling the CXX compiler identification source file "CMakeCXXCompilerId.cpp" succeeded.
Compiler: /usr/bin/c++ 
Build flags: 
Id flags:  

The output was:
0


Compilation of the CXX compiler identification source "CMakeCXXCompilerId.cpp" produced "a.out"

The CXX compiler identification is GNU, found in "/home/dachuo/build/CMakeFiles/3.16.3/CompilerIdCXX/a.out"

Determining if the C compiler works passed with the following output:
Change Dir: /home/dachuo/build/CMakeFiles/CMakeTmp

Run Build Command(s):/usr/bin/make cmTC_341c5/fast && /usr/bin/make -f CMakeFiles/cmTC_341c5.dir/build.make CMakeFiles/cmTC_341c5.dir/build
make[1]: Entering directory '/home/dachuo/build/CMakeFiles/CMakeTmp'
Building C object CMakeFiles/cmTC_341c5.dir/testCCompiler.c.o
/usr/bin/cc    -o CMakeFiles/cmTC_341c5.dir/testCCompiler.c.o   -c /home/dachuo/build/CMakeFiles/CMakeTmp/testCCompiler.c
Linking C executable cmTC_341c5
/usr/bin/cmake -E cmake_link_script CMakeFiles/cmTC_341c5.dir/link.txt --verbose=1
/usr/bin/cc      CMakeFiles/cmTC_341c5.dir/testCCompiler.c.o  -o cmTC_341c5 
make[1]: Leaving directory '/home/dachuo/build/CMakeFiles/CMakeTmp'



Detecting C compiler ABI info compiled with the following output:
Change Dir: /home/dachuo/build/CMakeFiles/CMakeTmp

Run Build Command(s):/usr/bin/make cmTC_bdd33/fast && /usr/bin/make -f CMakeFiles/cmTC_bdd33.dir/build.make CMakeFiles/cmTC_bdd33.dir/build
make[1]: Entering directory '/home/dachuo/build/CMakeFiles/CMakeTmp'
Building C object CMakeFiles/cmTC_bdd33.dir/CMakeCCompilerABI.c.o
/usr/bin/cc   -v -o CMakeFiles/cmTC_bdd33.dir/CMakeCCompilerABI.c.o   -c /usr/share/cmake-3.16/Modules/CMakeCCompilerABI.c
Using built-in specs.
COLLECT_GCC=/usr/bin/cc
Target: x86_64-linux-gnu
Configured with: ../src/configure -v --with-pkgversion='Ubuntu 13.1.0-8ubuntu1~20.04.2' --with-bugurl=file:///usr/share/doc/gcc-13/README.Bugs --enable-languages=c,ada,c++,go,d,fortran,objc,obj-c++,m2,rust --prefix=/usr --with-gcc-major-version-only --program-suffix=-13 --program-prefix=x86_64-linux-gnu- --enable-shared --enable-linker-build-id --libexecdir=/usr/libexec --without-included-gettext --enable-threads=posix --libdir=/usr/lib --enable-nls --enable-clocale=gnu --enable-libstdcxx-debug --enable-libstdcxx-time=yes --with-default-libstdcxx-abi=new --enable-gnu-unique-object --disable-vtable-verify --enable-plugin --enable-default-pie --with-system-zlib --enable-libphobos-checking=release --with-target-system-zlib=auto --enable-objc-gc=auto --enable-multiarch --disable-werror --enable-cet --with-arch-32=i686 --with-abi=m64 --with-multilib-list=m32,m64,mx32 --enable-multilib --with-tune=generic --enable-checking=release --build=x86_64-linux-gnu --host=x86_64-linux-gnu --target=x86_64-linux-gnu
Thread model: posix
Supported LTO compression algorithms: zlib zstd
gcc version 13.1.0 (Ubuntu 13.1.0-8ubuntu1~20.04.2) 
COLLECT_GCC_OPTIONS='-v' '-o' 'CMakeFiles/cmTC_bdd33.dir/CMakeCCompilerABI.c.o' '-c' '-mtune=generic' '-march=x86-64' '-dumpdir' 'CMakeFiles/cmTC_bdd33.dir/'
 /usr/libexec/gcc/x86_64-linux-gnu/13/cc1 -quiet -v -imultiarch x86_64-linux-gnu /usr/share/cmake-3.16/Modules/CMakeCCompilerABI.c -quiet -dumpdir CMakeFiles/cmTC_bdd33.dir/ -dumpbase CMakeCCompilerABI.c.c -dumpbase-ext .c -mtune=generic -march=x86-64 -version -fasynchronous-unwind-tables -fstack-protector-strong -Wformat -Wformat-security -fstack-clash-protection -fcf-protection -o /tmp/ccdNg3Lk.s
GNU C17 (Ubuntu 13.1.0-8ubuntu1~20.04.2) version 13.1.0 (x86_64-linux-gnu)
	compiled by GNU C version 13.1.0, GMP version 6.2.0, MPFR version 4.0.2, MPC version 1.1.0, isl version isl-0.22.1-GMP

GGC heuristics: --param ggc-min-expand=100 --param ggc-min-heapsize=131072
ignoring nonexistent directory "/usr/local/include/x86_64-linux-gnu"
ignoring nonexistent directory "/usr/lib/gcc/x86_64-linux-gnu/13/include-fixed/x86_64-linux-gnu"
ignoring nonexistent directory "/usr/lib/gcc/x86_64-linux-gnu/13/include-fixed"
ignoring nonexistent directory "/usr/lib/gcc/x86_64-linux-gnu/13/../../../../x86_64-linux-gnu/include"
#include "..." search starts here:
#include <...> search starts here:
 /usr/lib/gcc/x86_64-linux-gnu/13/include
 /usr/local/include
 /usr/include/x86_64-linux-gnu
 /usr/include
End of search list.
Compiler executable checksum: f0b3c90e0f11c3d406d33a12053911f6
COLLECT_GCC_OPTIONS='-v' '-o' 'CMakeFiles/cmTC_bdd33.dir/CMakeCCompilerABI.c.o' '-c' '-mtune=generic' '-march=x86-64' '-dumpdir' 'CMakeFiles/cmTC_bdd33.dir/'
 as -v --64 -o CMakeFiles/cmTC_bdd33.dir/CMakeCCompilerABI.c.o /tmp/ccdNg3Lk.s
GNU assembler version 2.34 (x86_64-linux-gnu) using BFD version (GNU Binutils for Ubuntu) 2.34
COMPILER_PATH=/usr/libexec/gcc/x86_64-linux-gnu/13/:/usr/libexec/gcc/x86_64-linux-gnu/13/:/usr/libexec/gcc/x86_64-linux-gnu/:/usr/lib/gcc/x86_64-linux-gnu/13/:/usr/lib/gcc/x86_64-linux-gnu/
LIBRARY_PATH=/usr/lib/gcc/x86_64-linux-gnu/13/:/usr/lib/gcc/x86_64-linux-gnu/13/../../../x86_64-linux-gnu/:/usr/lib/gcc/x86_64-linux-gnu/13/../../../../lib/:/lib/x86_64-linux-gnu/:/lib/../lib/:/usr/lib/x86_64-linux-gnu/:/usr/lib/../lib/:/usr/lib/gcc/x86_64-linux-gnu/13/../../../:/lib/:/usr/lib/
COLLECT_GCC_OPTIONS='-v' '-o' 'CMakeFiles/cmTC_bdd33.dir/CMakeCCompilerABI.c.o' '-c' '-mtune=generic' '-march=x86-64' '-dumpdir' 'CMakeFiles/cmTC_bdd33.dir/CMakeCCompilerABI.c.'
Linking C executable cmTC_bdd33
/usr/bin/cmake -E cmake_link_script CMakeFiles/cmTC_bdd33.dir/link.txt --verbose=1
/usr/bin/cc     -v CMakeFiles/cmTC_bdd33.dir/CMakeCCompilerABI.c.o  -o cmTC_bdd33 
Using built-in specs.
COLLECT_GCC=/usr/bin/cc
COLLECT_LTO_WRAPPER=/usr/libexec/gcc/x86_64-linux-gnu/13/lto-wrapper
Target: x86_64-linux-gnu
Configured with: ../src/configure -v --with-pkgversion='Ubuntu 13.1.0-8ubuntu1~20.04.2' --with-bugurl=file:///usr/share/doc/gcc-13/README.Bugs --enable-languages=c,ada,c++,go,d,fortran,objc,obj-c++,m2,rust --prefix=/usr --with-gcc-major-version-only --program-suffix=-13 --program-prefix=x86_64-linux-gnu- --enable-shared --enable-linker-build-id --libexecdir=/usr/libexec --without-included-gettext --enable-threads=posix --libdir=/usr/lib --enable-nls --enable-clocale=gnu --enable-libstdcxx-debug --enable-libstdcxx-time=yes --with-default-libstdcxx-abi=new --enable-gnu-unique-object --disable-vtable-verify --enable-plugin --enable-default-pie --with-system-zlib --enable-libphobos-checking=release --with-target-system-zlib=auto --enable-objc-gc=auto --enable-multiarch --disable-werror --enable-cet --with-arch-32=i686 --with-abi=m64 --with-multilib-list=m32,m64,mx32 --enable-multilib --with-tune=generic --enable-checking=release --build=x86_64-linux-gnu --host=x86_64-linux-gnu --target=x86_64-linux-gnu
Thread model: posix
Supported LTO compression algorithms: zlib zstd
gcc version 13.1.0 (Ubuntu 13.1.0-8ubuntu1~20.04.2) 
COMPILER_PATH=/usr/libexec/gcc/x86_64-linux-gnu/13/:/usr/libexec/gcc/x86_64-linux-gnu/13/:/usr/libexec/gcc/x86_64-linux-gnu/:/usr/lib/gcc/x86_64-linux-gnu/13/:/usr/lib/gcc/x86_64-linux-gnu/
LIBRARY_PATH=/usr/lib/gcc/x86_64-linux-gnu/13/:/usr/lib/gcc/x86_64-linux-gnu/13/../../../x86_64-linux-gnu/:/usr/lib/gcc/x86_64-linux-gnu/13/../../../../lib/:/lib/x86_64-linux-gnu/:/lib/../lib/:/usr/lib/x86_64-linux-gnu/:/usr/lib/../lib/:/usr/lib/gcc/x86_64-linux-gnu/13/../../../:/lib/:/usr/lib/
COLLECT_GCC_OPTIONS='-v' '-o' 'cmTC_bdd33' '-mtune=generic' '-march=x86-64' '-dumpdir' 'cmTC_bdd33.'
 /usr/libexec/gcc/x86_64-linux-gnu/13/collect2 -plugin /usr/libexec/gcc/x86_64-linux-gnu/13/liblto_plugin.so -plugin-opt=/usr/libexec/gcc/x86_64-linux-gnu/13/lto-wrapper -plugin-opt=-fresolution=/tmp/ccvXKgzw.res -plugin-opt=-pass-through=-lgcc -plugin-opt=-pass-through=-lgcc_s -plugin-opt=-pass-through=-lc -plugin-opt=-pass-through=-lgcc -plugin-opt=-pass-through=-lgcc_s --build-id --eh-frame-hdr -m elf_x86_64 --hash-style=gnu --as-needed -dynamic-linker /lib64/ld-linux-x86-64.so.2 -pie -z now -z relro -o cmTC_bdd33 /usr/lib/gcc/x86_64-linux-gnu/13/../../../x86_64-linux-gnu/Scrt1.o /usr/lib/gcc/x86_64-linux-gnu/13/../../../x86_64-linux-gnu/crti.o /usr/lib/gcc/x86_64-linux-gnu/13/crtbeginS.o -L/usr/lib/gcc/x86_64-linux-gnu/13 -L/usr/lib/gcc/x86_64-linux-gnu/13/../../../x86_64-linux-gnu -L/usr/lib/gcc/x86_64-linux-gnu/13/../../../../lib -L/lib/x86_64-linux-gnu -L/lib/../lib -L/usr/lib/x86_64-linux-gnu -L/usr/lib/../lib -L/usr/lib/gcc/x86_64-linux-gnu/13/../../.. CMakeFiles/cmTC_bdd33.dir/CMakeCCompilerABI.c.o -lgcc --push-state --as-needed -lgcc_s --pop-state -lc -lgcc --push-state --as-needed -lgcc_s --pop-state /usr/lib/gcc/x86_64-linux-gnu/13/crtendS.o /usr/lib/gcc/x86_64-linux-gnu/13/../../../x86_64-linux-gnu/crtn.o
COLLECT_GCC_OPTIONS='-v' '-o' 'cmTC_bdd33' '-mtune=generic' '-march=x86-64' '-dumpdir' 'cmTC_bdd33.'
make[1]: Leaving directory '/home/dachuo/build/CMakeFiles/CMakeTmp'



Parsed C implicit include dir info from above output: rv=done
  found start of include info
  found start of implicit include info
    add: [/usr/lib/gcc/x86_64-linux-gnu/13/include]
    add: [/usr/local/include]
    add: [/usr/include/x86_64-linux-gnu]
    add: [/usr/include]
  end of search list found
  collapse include dir [/usr/lib/gcc/x86_64-linux-gnu/13/include] ==> [/usr/lib/gcc/x86_64-linux-gnu/13/include]
  collapse include dir [/usr/local/include] ==> [/usr/local/include]
  collapse include dir [/usr/include/x86_64-linux-gnu] ==> [/usr/include/x86_64-linux-gnu]
  collapse include dir [/usr/include] ==> [/usr/include]
  implicit include dirs: [/usr/lib/gcc/x86_64-linux-gnu/13/include;/usr/local/include;/usr/include/x86_64-linux-gnu;/usr/include]


Parsed C implicit link information from above output:
  link line regex: [^( *|.*[/\])(ld|CMAKE_LINK_STARTFILE-NOTFOUND|([^/\]+-)?ld|collect2)[^/\]*( |$)]
  ignore line: [Change Dir: /home/dachuo/build/CMakeFiles/CMakeTmp]
  ignore line: []
  ignore line: [Run Build Command(s):/usr/bin/make cmTC_bdd33/fast && /usr/bin/make -f CMakeFiles/cmTC_bdd33.dir/build.make CMakeFiles/cmTC_bdd33.dir/build]
  ignore line: [make[1]: Entering directory '/home/dachuo/build/CMakeFiles/CMakeTmp']
  ignore line: [Building C object CMakeFiles/cmTC_bdd33.dir/CMakeCCompilerABI.c.o]
  ignore line: [/usr/bin/cc   -v -o CMakeFiles/cmTC_bdd33.dir/CMakeCCompilerABI.c.o   -c /usr/share/cmake-3.16/Modules/CMakeCCompilerABI.c]
  ignore line: [Using built-in specs.]
  ignore line: [COLLECT_GCC=/usr/bin/cc]
  ignore line: [Target: x86_64-linux-gnu]
  ignore line: [Configured with: ../src/configure -v --with-pkgversion='Ubuntu 13.1.0-8ubuntu1~20.04.2' --with-bugurl=file:///usr/share/doc/gcc-13/README.Bugs --enable-languages=c ada c++ go d fortran objc obj-c++ m2 rust --prefix=/usr --with-gcc-major-version-only --program-suffix=-13 --program-prefix=x86_64-linux-gnu- --enable-shared --enable-linker-build-id --libexecdir=/usr/libexec --without-included-gettext --enable-threads=posix --libdir=/usr/lib --enable-nls --enable-clocale=gnu --enable-libstdcxx-debug --enable-libstdcxx-time=yes --with-default-libstdcxx-abi=new --enable-gnu-unique-object --disable-vtable-verify --enable-plugin --enable-default-pie --with-system-zlib --enable-libphobos-checking=release --with-target-system-zlib=auto --enable-objc-gc=auto --enable-multiarch --disable-werror --enable-cet --with-arch-32=i686 --with-abi=m64 --with-multilib-list=m32 m64 mx32 --enable-multilib --with-tune=generic --enable-checking=release --build=x86_64-linux-gnu --host=x86_64-linux-gnu --target=x86_64-linux-gnu]
  ignore line: [Thread model: posix]
  ignore line: [Supported LTO compression algorithms: zlib zstd]
  ignore line: [gcc version 13.1.0 (Ubuntu 13.1.0-8ubuntu1~20.04.2) ]
  ignore line: [COLLECT_GCC_OPTIONS='-v' '-o' 'CMakeFiles/cmTC_bdd33.dir/CMakeCCompilerABI.c.o' '-c' '-mtune=generic' '-march=x86-64' '-dumpdir' 'CMakeFiles/cmTC_bdd33.dir/']
  ignore line: [ /usr/libexec/gcc/x86_64-linux-gnu/13/cc1 -quiet -v -imultiarch x86_64-linux-gnu /usr/share/cmake-3.16/Modules/CMakeCCompilerABI.c -quiet -dumpdir CMakeFiles/cmTC_bdd33.dir/ -dumpbase CMakeCCompilerABI.c.c -dumpbase-ext .c -mtune=generic -march=x86-64 -version -fasynchronous-unwind-tables -fstack-protector-strong -Wformat -Wformat-security -fstack-clash-protection -fcf-protection -o /tmp/ccdNg3Lk.s]
  ignore line: [GNU C17 (Ubuntu 13.1.0-8ubuntu1~20.04.2) version 13.1.0 (x86_64-linux-gnu)]
  ignore line: [	compiled by GNU C version 13.1.0  GMP version 6.2.0  MPFR version 4.0.2  MPC version 1.1.0  isl version isl-0.22.1-GMP]
  ignore line: []
  ignore line: [GGC heuristics: --param ggc-min-expand=100 --param ggc-min-heapsize=131072]
  ignore line: [ignoring nonexistent directory "/usr/local/include/x86_64-linux-gnu"]
  ignore line: [ignoring nonexistent directory "/usr/lib/gcc/x86_64-linux-gnu/13/include-fixed/x86_64-linux-gnu"]
  ignore line: [ignoring nonexistent directory "/usr/lib/gcc/x86_64-linux-gnu/13/include-fixed"]
  ignore line: [ignoring nonexistent directory "/usr/lib/gcc/x86_64-linux-gnu/13/../../../../x86_64-linux-gnu/include"]
  ignore line: [#include "..." search starts here:]
  ignore line: [#include <...> search starts here:]
  ignore line: [ /usr/lib/gcc/x86_64-linux-gnu/13/include]
  ignore line: [ /usr/local/include]
  ignore line: [ /usr/include/x86_64-linux-gnu]
  ignore line: [ /usr/include]
  ignore line: [End of search list.]
  ignore line: [Compiler executable checksum: f0b3c90e0f11c3d406d33a12053911f6]
  ignore line: [COLLECT_GCC_OPTIONS='-v' '-o' 'CMakeFiles/cmTC_bdd33.dir/CMakeCCompilerABI.c.o' '-c' '-mtune=generic' '-march=x86-64' '-dumpdir' 'CMakeFiles/cmTC_bdd33.dir/']
  ignore line: [ as -v --64 -o CMakeFiles/cmTC_bdd33.dir/CMakeCCompilerABI.c.o /tmp/ccdNg3Lk.s]
  ignore line: [GNU assembler version 2.34 (x86_64-linux-gnu) using BFD version (GNU Binutils for Ubuntu) 2.34]
  ignore line: [COMPILER_PATH=/usr/libexec/gcc/x86_64-linux-gnu/13/:/usr/libexec/gcc/x86_64-linux-gnu/13/:/usr/libexec/gcc/x86_64-linux-gnu/:/usr/lib/gcc/x86_64-linux-gnu/13/:/usr/lib/gcc/x86_64-linux-gnu/]
  ignore line: [LIBRARY_PATH=/usr/lib/gcc/x86_64-linux-gnu/13/:/usr/lib/gcc/x86_64-linux-gnu/13/../../../x86_64-linux-gnu/:/usr/lib/gcc/x86_64-linux-gnu/13/../../../../lib/:/lib/x86_64-linux-gnu/:/lib/../lib/:/usr/lib/x86_64-linux-gnu/:/usr/lib/../lib/:/usr/lib/gcc/x86_64-linux-gnu/13/../../../:/lib/:/usr/lib/]
  ignore line: [COLLECT_GCC_OPTIONS='-v' '-o' 'CMakeFiles/cmTC_bdd33.dir/CMakeCCompilerABI.c.o' '-c' '-mtune=generic' '-march=x86-64' '-dumpdir' 'CMakeFiles/cmTC_bdd33.dir/CMakeCCompilerABI.c.']
  ignore line: [Linking C executable cmTC_bdd33]
  ignore line: [/usr/bin/cmake -E cmake_link_script CMakeFiles/cmTC_bdd33.dir/link.txt --verbose=1]
  ignore line: [/usr/bin/cc     -v CMakeFiles/cmTC_bdd33.dir/CMakeCCompilerABI.c.o  -o cmTC_bdd33 ]
  ignore line: [Using built-in specs.]
  ignore line: [COLLECT_GCC=/usr/bin/cc]
  ignore line: [COLLECT_LTO_WRAPPER=/usr/libexec/gcc/x86_64-linux-gnu/13/lto-wrapper]
  ignore line: [Target: x86_64-linux-gnu]
  ignore line: [Configured with: ../src/configure -v --with-pkgversion='Ubuntu 13.1.0-8ubuntu1~20.04.2' --with-bugurl=file:///usr/share/doc/gcc-13/README.Bugs --enable-languages=c ada c++ go d fortran objc obj-c++ m2 rust --prefix=/usr --with-gcc-major-version-only --program-suffix=-13 --program-prefix=x86_64-linux-gnu- --enable-shared --enable-linker-build-id --libexecdir=/usr/libexec --without-included-gettext --enable-threads=posix --libdir=/usr/lib --enable-nls --enable-clocale=gnu --enable-libstdcxx-debug --enable-libstdcxx-time=yes --with-default-libstdcxx-abi=new --enable-gnu-unique-object --disable-vtable-verify --enable-plugin --enable-default-pie --with-system-zlib --enable-libphobos-checking=release --with-target-system-zlib=auto --enable-objc-gc=auto --enable-multiarch --disable-werror --enable-cet --with-arch-32=i686 --with-abi=m64 --with-multilib-list=m32 m64 mx32 --enable-multilib --with-tune=generic --enable-checking=release --build=x86_64-linux-gnu --host=x86_64-linux-gnu --target=x86_64-linux-gnu]
  ignore line: [Thread model: posix]
  ignore line: [Supported LTO compression algorithms: zlib zstd]
  ignore line: [gcc version 13.1.0 (Ubuntu 13.1.0-8ubuntu1~20.04.2) ]
  ignore line: [COMPILER_PATH=/usr/libexec/gcc/x86_64-linux-gnu/13/:/usr/libexec/gcc/x86_64-linux-gnu/13/:/usr/libexec/gcc/x86_64-linux-gnu/:/usr/lib/gcc/x86_64-linux-gnu/13/:/usr/lib/gcc/x86_64-linux-gnu/]
  ignore line: [LIBRARY_PATH=/usr/lib/gcc/x86_64-linux-gnu/13/:/usr/lib/gcc/x86_64-linux-gnu/13/../../../x86_64-linux-gnu/:/usr/lib/gcc/x86_64-linux-gnu/13/../../../../lib/:/lib/x86_64-linux-gnu/:/lib/../lib/:/usr/lib/x86_64-linux-gnu/:/usr/lib/../lib/:/usr/lib/gcc/x86_64-linux-gnu/13/../../../:/lib/:/usr/lib/]
  ignore line: [COLLECT_GCC_OPTIONS='-v' '-o' 'cmTC_bdd33' '-mtune=generic' '-march=x86-64' '-dumpdir' 'cmTC_bdd33.']
  link line: [ /usr/libexec/gcc/x86_64-linux-gnu/13/collect2 -plugin /usr/libexec/gcc/x86_64-linux-gnu/13/liblto_plugin.so -plugin-opt=/usr/libexec/gcc/x86_64-linux-gnu/13/lto-wrapper -plugin-opt=-fresolution=/tmp/ccvXKgzw.res -plugin-opt=-pass-through=-lgcc -plugin-opt=-pass-through=-lgcc_s -plugin-opt=-pass-through=-lc -plugin-opt=-pass-through=-lgcc -plugin-opt=-pass-through=-lgcc_s --build-id --eh-frame-hdr -m elf_x86_64 --hash-style=gnu --as-needed -dynamic-linker /lib64/ld-linux-x86-64.so.2 -pie -z now -z relro -o cmTC_bdd33 /usr/lib/gcc/x86_64-linux-gnu/13/../../../x86_64-linux-gnu/Scrt1.o /usr/lib/gcc/x86_64-linux-gnu/13/../../../x86_64-linux-gnu/crti.o /usr/lib/gcc/x86_64-linux-gnu/13/crtbeginS.o -L/usr/lib/gcc/x86_64-linux-gnu/13 -L/usr/lib/gcc/x86_64-linux-gnu/13/../../../x86_64-linux-gnu -L/usr/lib/gcc/x86_64-linux-gnu/13/../../../../lib -L/lib/x86_64-linux-gnu -L/lib/../lib -L/usr/lib/x86_64-linux-gnu -L/usr/lib/../lib -L/usr/lib/gcc/x86_64-linux-gnu/13/../../.. CMakeFiles/cmTC_bdd33.dir/CMakeCCompilerABI.c.o -lgcc --push-state --as-needed -lgcc_s --pop-state -lc -lgcc --push-state --as-needed -lgcc_s --pop-state /usr/lib/gcc/x86_64-linux-gnu/13/crtendS.o /usr/lib/gcc/x86_64-linux-gnu/13/../../../x86_64-linux-gnu/crtn.o]
    arg [/usr/libexec/gcc/x86_64-linux-gnu/13/collect2] ==> ignore
    arg [-plugin] ==> ignore
    arg [/usr/libexec/gcc/x86_64-linux-gnu/13/liblto_plugin.so] ==> ignore
    arg [-plugin-opt=/usr/libexec/gcc/x86_64-linux-gnu/13/lto-wrapper] ==> ignore
    arg [-plugin-opt=-fresolution=/tmp/ccvXKgzw.res] ==> ignore
    arg [-plugin-opt=-pass-through=-lgcc] ==> ignore
    arg [-plugin-opt=-pass-through=-lgcc_s] ==> ignore
    arg [-plugin-opt=-pass-through=-lc] ==> ignore
    arg [-plugin-opt=-pass-through=-lgcc] ==> ignore
    arg [-plugin-opt=-pass-through=-lgcc_s] ==> ignore
    arg [--build-id] ==> ignore
    arg [--eh-frame-hdr] ==> ignore
    arg [-m] ==> ignore
    arg [elf_x86_64] ==> ignore
    arg [--hash-style=gnu] ==> ignore
    arg [--as-needed] ==> ignore
    arg [-dynamic-linker] ==> ignore
    arg [/lib64/ld-linux-x86-64.so.2] ==> ignore
    arg [-pie] ==> ignore
    arg [-znow] ==> ignore
    arg [-zrelro] ==> ignore
    arg [-o] ==> ignore
    arg [cmTC_bdd33] ==> ignore
    arg [/usr/lib/gcc/x86_64-linux-gnu/13/../../../x86_64-linux-gnu/Scrt1.o] ==> ignore
    arg [/usr/lib/gcc/x86_64-linux-gnu/13/../../../x86_64-linux-gnu/crti.o] ==> ignore
    arg [/usr/lib/gcc/x86_64-linux-gnu/13/crtbeginS.o] ==> ignore
    arg [-L/usr/lib/gcc/x86_64-linux-gnu/13] ==> dir [/usr/lib/gcc/x86_64-linux-gnu/13]
    arg [-L/usr/lib/gcc/x86_64-linux-gnu/13/../../../x86_64-linux-gnu] ==> dir [/usr/lib/gcc/x86_64-linux-gnu/13/../../../x86_64-linux-gnu]
    arg [-L/usr/lib/gcc/x86_64-linux-gnu/13/../../../../lib] ==> dir [/usr/lib/gcc/x86_64-linux-gnu/13/../../../../lib]
    arg [-L/lib/x86_64-linux-gnu] ==> dir [/lib/x86_64-linux-gnu]
    arg [-L/lib/../lib] ==> dir [/lib/../lib]
    arg [-L/usr/lib/x86_64-linux-gnu] ==> dir [/usr/lib/x86_64-linux-gnu]
    arg [-L/usr/lib/../lib] ==> dir [/usr/lib/../lib]
    arg [-L/usr/lib/gcc/x86_64-linux-gnu/13/../../..] ==> dir [/usr/lib/gcc/x86_64-linux-gnu/13/../../..]
    arg [CMakeFiles/cmTC_bdd33.dir/CMakeCCompilerABI.c.o] ==> ignore
    arg [-lgcc] ==> lib [gcc]
    arg [--push-state] ==> ignore
    arg [--as-needed] ==> ignore
    arg [-lgcc_s] ==> lib [gcc_s]
    arg [--pop-state] ==> ignore
    arg [-lc] ==> lib [c]
    arg [-lgcc] ==> lib [gcc]
    arg [--push-state] ==> ignore
    arg [--as-needed] ==> ignore
    arg [-lgcc_s] ==> lib [gcc_s]
    arg [--pop-state] ==> ignore
    arg [/usr/lib/gcc/x86_64-linux-gnu/13/crtendS.o] ==> ignore
    arg [/usr/lib/gcc/x86_64-linux-gnu/13/../../../x86_64-linux-gnu/crtn.o] ==> ignore
  collapse library dir [/usr/lib/gcc/x86_64-linux-gnu/13] ==> [/usr/lib/gcc/x86_64-linux-gnu/13]
  collapse library dir [/usr/lib/gcc/x86_64-linux-gnu/13/../../../x86_64-linux-gnu] ==> [/usr/lib/x86_64-linux-gnu]
  collapse library dir [/usr/lib/gcc/x86_64-linux-gnu/13/../../../../lib] ==> [/usr/lib]
  collapse library dir [/lib/x86_64-linux-gnu] ==> [/lib/x86_64-linux-gnu]
  collapse library dir [/lib/../lib] ==> [/lib]
  collapse library dir [/usr/lib/x86_64-linux-gnu] ==> [/usr/lib/x86_64-linux-gnu]
  collapse library dir [/usr/lib/../lib] ==> [/usr/lib]
  collapse library dir [/usr/lib/gcc/x86_64-linux-gnu/13/../../..] ==> [/usr/lib]
  implicit libs: [gcc;gcc_s;c;gcc;gcc_s]
  implicit dirs: [/usr/lib/gcc/x86_64-linux-gnu/13;/usr/lib/x86_64-linux-gnu;/usr/lib;/lib/x86_64-linux-gnu;/lib]
  implicit fwks: []


Determining if the CXX compiler works passed with the following output:
Change Dir: /home/dachuo/build/CMakeFiles/CMakeTmp

Run Build Command(s):/usr/bin/make cmTC_b7a4c/fast && /usr/bin/make -f CMakeFiles/cmTC_b7a4c.dir/build.make CMakeFiles/cmTC_b7a4c.dir/build
make[1]: Entering directory '/home/dachuo/build/CMakeFiles/CMakeTmp'
Building CXX object CMakeFiles/cmTC_b7a4c.dir/testCXXCompiler.cxx.o
/usr/bin/c++    -std=gnu++2a -o CMakeFiles/cmTC_b7a4c.dir/testCXXCompiler.cxx.o -c /home/dachuo/build/CMakeFiles/CMakeTmp/testCXXCompiler.cxx
Linking CXX executable cmTC_b7a4c
/usr/bin/cmake -E cmake_link_script CMakeFiles/cmTC_b7a4c.dir/link.txt --verbose=1
/usr/bin/c++       CMakeFiles/cmTC_b7a4c.dir/testCXXCompiler.cxx.o  -o cmTC_b7a4c 
make[1]: Leaving directory '/home/dachuo/build/CMakeFiles/CMakeTmp'



Detecting CXX compiler ABI info compiled with the following output:
Change Dir: /home/dachuo/build/CMakeFiles/CMakeTmp

Run Build Command(s):/usr/bin/make cmTC_b5e77/fast && /usr/bin/make -f CMakeFiles/cmTC_b5e77.dir/build.make CMakeFiles/cmTC_b5e77.dir/build
make[1]: Entering directory '/home/dachuo/build/CMakeFiles/CMakeTmp'
Building CXX object CMakeFiles/cmTC_b5e77.dir/CMakeCXXCompilerABI.cpp.o
/usr/bin/c++    -v -std=gnu++2a -o CMakeFiles/cmTC_b5e77.dir/CMakeCXXCompilerABI.cpp.o -c /usr/share/cmake-3.16/Modules/CMakeCXXCompilerABI.cpp
Using built-in specs.
COLLECT_GCC=/usr/bin/c++
Target: x86_64-linux-gnu
Configured with: ../src/configure -v --with-pkgversion='Ubuntu 13.1.0-8ubuntu1~20.04.2' --with-bugurl=file:///usr/share/doc/gcc-13/README.Bugs --enable-languages=c,ada,c++,go,d,fortran,objc,obj-c++,m2,rust --prefix=/usr --with-gcc-major-version-only --program-suffix=-13 --program-prefix=x86_64-linux-gnu- --enable-shared --enable-linker-build-id --libexecdir=/usr/libexec --without-included-gettext --enable-threads=posix --libdir=/usr/lib --enable-nls --enable-clocale=gnu --enable-libstdcxx-debug --enable-libstdcxx-time=yes --with-default-libstdcxx-abi=new --enable-gnu-unique-object --disable-vtable-verify --enable-plugin --enable-default-pie --with-system-zlib --enable-libphobos-checking=release --with-target-system-zlib=auto --enable-objc-gc=auto --enable-multiarch --disable-werror --enable-cet --with-arch-32=i686 --with-abi=m64 --with-multilib-list=m32,m64,mx32 --enable-multilib --with-tune=generic --enable-checking=release --build=x86_64-linux-gnu --host=x86_64-linux-gnu --target=x86_64-linux-gnu
Thread model: posix
Supported LTO compression algorithms: zlib zstd
gcc version 13.1.0 (Ubuntu 13.1.0-8ubuntu1~20.04.2) 
COLLECT_GCC_OPTIONS='-v' '-std=gnu++20' '-o' 'CMakeFiles/cmTC_b5e77.dir/CMakeCXXCompilerABI.cpp.o' '-c' '-shared-libgcc' '-mtune=generic' '-march=x86-64' '-dumpdir' 'CMakeFiles/cmTC_b5e77.dir/'
 /usr/libexec/gcc/x86_64-linux-gnu/13/cc1plus -quiet -v -imultiarch x86_64-linux-gnu -D_GNU_SOURCE /usr/share/cmake-3.16/Modules/CMakeCXXCompilerABI.cpp -quiet -dumpdir CMakeFiles/cmTC_b5e77.dir/ -dumpbase CMakeCXXCompilerABI.cpp.cpp -dumpbase-ext .cpp -mtune=generic -march=x86-64 -std=gnu++20 -version -fasynchronous-unwind-tables -fstack-protector-strong -Wformat -Wformat-security -fstack-clash-protection -fcf-protection -o /tmp/ccVYhNB1.s
GNU C++20 (Ubuntu 13.1.0-8ubuntu1~20.04.2) version 13.1.0 (x86_64-linux-gnu)
	compiled by GNU C version 13.1.0, GMP version 6.2.0, MPFR version 4.0.2, MPC version 1.1.0, isl version isl-0.22.1-GMP

GGC heuristics: --param ggc-min-expand=100 --param ggc-min-heapsize=131072
ignoring duplicate directory "/usr/include/x86_64-linux-gnu/c++/13"
ignoring nonexistent directory "/usr/local/include/x86_64-linux-gnu"
ignoring nonexistent directory "/usr/lib/gcc/x86_64-linux-gnu/13/include-fixed/x86_64-linux-gnu"
ignoring nonexistent directory "/usr/lib/gcc/x86_64-linux-gnu/13/include-fixed"
ignoring nonexistent directory "/usr/lib/gcc/x86_64-linux-gnu/13/../../../../x86_64-linux-gnu/include"
#include "..." search starts here:
#include <...> search starts here:
 /usr/include/c++/13
 /usr/include/x86_64-linux-gnu/c++/13
 /usr/include/c++/13/backward
 /usr/lib/gcc/x86_64-linux-gnu/13/include
 /usr/local/include
 /usr/include/x86_64-linux-gnu
 /usr/include
End of search list.
Compiler executable checksum: 391880e3be75f4e1ac78bddcb50fff0c
COLLECT_GCC_OPTIONS='-v' '-std=gnu++20' '-o' 'CMakeFiles/cmTC_b5e77.dir/CMakeCXXCompilerABI.cpp.o' '-c' '-shared-libgcc' '-mtune=generic' '-march=x86-64' '-dumpdir' 'CMakeFiles/cmTC_b5e77.dir/'
 as -v --64 -o CMakeFiles/cmTC_b5e77.dir/CMakeCXXCompilerABI.cpp.o /tmp/ccVYhNB1.s
GNU assembler version 2.34 (x86_64-linux-gnu) using BFD version (GNU Binutils for Ubuntu) 2.34
COMPILER_PATH=/usr/libexec/gcc/x86_64-linux-gnu/13/:/usr/libexec/gcc/x86_64-linux-gnu/13/:/usr/libexec/gcc/x86_64-linux-gnu/:/usr/lib/gcc/x86_64-linux-gnu/13/:/usr/lib/gcc/x86_64-linux-gnu/
LIBRARY_PATH=/usr/lib/gcc/x86_64-linux-gnu/13/:/usr/lib/gcc/x86_64-linux-gnu/13/../../../x86_64-linux-gnu/:/usr/lib/gcc/x86_64-linux-gnu/13/../../../../lib/:/lib/x86_64-linux-gnu/:/lib/../lib/:/usr/lib/x86_64-linux-gnu/:/usr/lib/../lib/:/usr/lib/gcc/x86_64-linux-gnu/13/../../../:/lib/:/usr/lib/
COLLECT_GCC_OPTIONS='-v' '-std=gnu++20' '-o' 'CMakeFiles/cmTC_b5e77.dir/CMakeCXXCompilerABI.cpp.o' '-c' '-shared-libgcc' '-mtune=generic' '-march=x86-64' '-dumpdir' 'CMakeFiles/cmTC_b5e77.dir/CMakeCXXCompilerABI.cpp.'
Linking CXX executable cmTC_b5e77
/usr/bin/cmake -E cmake_link_script CMakeFiles/cmTC_b5e77.dir/link.txt --verbose=1
/usr/bin/c++      -v CMakeFiles/cmTC_b5e77.dir/CMakeCXXCompilerABI.cpp.o  -o cmTC_b5e77 
Using built-in specs.
COLLECT_GCC=/usr/bin/c++
COLLECT_LTO_WRAPPER=/usr/libexec/gcc/x86_64-linux-gnu/13/lto-wrapper
Target: x86_64-linux-gnu
Configured with: ../src/configure -v --with-pkgversion='Ubuntu 13.1.0-8ubuntu1~20.04.2' --with-bugurl=file:///usr/share/doc/gcc-13/README.Bugs --enable-languages=c,ada,c++,go,d,fortran,objc,obj-c++,m2,rust --prefix=/usr --with-gcc-major-version-only --program-suffix=-13 --program-prefix=x86_64-linux-gnu- --enable-shared --enable-linker-build-id --libexecdir=/usr/libexec --without-included-gettext --enable-threads=posix --libdir=/usr/lib --enable-nls --enable-clocale=gnu --enable-libstdcxx-debug --enable-libstdcxx-time=yes --with-default-libstdcxx-abi=new --enable-gnu-unique-object --disable-vtable-verify --enable-plugin --enable-default-pie --with-system-zlib --enable-libphobos-checking=release --with-target-system-zlib=auto --enable-objc-gc=auto --enable-multiarch --disable-werror --enable-cet --with-arch-32=i686 --with-abi=m64 --with-multilib-list=m32,m64,mx32 --enable-multilib --with-tune=generic --enable-checking=release --build=x86_64-linux-gnu --host=x86_64-linux-gnu --target=x86_64-linux-gnu
Thread model: posix
Supported LTO compression algorithms: zlib zstd
gcc version 13.1.0 (Ubuntu 13.1.0-8ubuntu1~20.04.2) 
COMPILER_PATH=/usr/libexec/gcc/x86_64-linux-gnu/13/:/usr/libexec/gcc/x86_64-linux-gnu/13/:/usr/libexec/gcc/x86_64-linux-gnu/:/usr/lib/gcc/x86_64-linux-gnu/13/:/usr/lib/gcc/x86_64-linux-gnu/
LIBRARY_PATH=/usr/lib/gcc/x86_64-linux-gnu/13/:/usr/lib/gcc/x86_64-linux-gnu/13/../../../x86_64-linux-gnu/:/usr/lib/gcc/x86_64-linux-gnu/13/../../../../lib/:/lib/x86_64-linux-gnu/:/lib/../lib/:/usr/lib/x86_64-linux-gnu/:/usr/lib/../lib/:/usr/lib/gcc/x86_64-linux-gnu/13/../../../:/lib/:/usr/lib/
COLLECT_GCC_OPTIONS='-v' '-o' 'cmTC_b5e77' '-shared-libgcc' '-mtune=generic' '-march=x86-64' '-dumpdir' 'cmTC_b5e77.'
 /usr/libexec/gcc/x86_64-linux-gnu/13/collect2 -plugin /usr/libexec/gcc/x86_64-linux-gnu/13/liblto_plugin.so -plugin-opt=/usr/libexec/gcc/x86_64-linux-gnu/13/lto-wrapper -plugin-opt=-fresolution=/tmp/ccjTuxUu.res -plugin-opt=-pass-through=-lgcc_s -plugin-opt=-pass-through=-lgcc -plugin-opt=-pass-through=-lc -plugin-opt=-pass-through=-lgcc_s -plugin-opt=-pass-through=-lgcc --build-id --eh-frame-hdr -m elf_x86_64 --hash-style=gnu --as-needed -dynamic-linker /lib64/ld-linux-x86-64.so.2 -pie -z now -z relro -o cmTC_b5e77 /usr/lib/gcc/x86_64-linux-gnu/13/../../../x86_64-linux-gnu/Scrt1.o /usr/lib/gcc/x86_64-linux-gnu/13/../../../x86_64-linux-gnu/crti.o /usr/lib/gcc/x86_64-linux-gnu/13/crtbeginS.o -L/usr/lib/gcc/x86_64-linux-gnu/13 -L/usr/lib/gcc/x86_64-linux-gnu/13/../../../x86_64-linux-gnu -L/usr/lib/gcc/x86_64-linux-gnu/13/../../../../lib -L/lib/x86_64-linux-gnu -L/lib/../lib -L/usr/lib/x86_64-linux-gnu -L/usr/lib/../lib -L/usr/lib/gcc/x86_64-linux-gnu/13/../../.. CMakeFiles/cmTC_b5e77.dir/CMakeCXXCompilerABI.cpp.o -lstdc++ -lm -lgcc_s -lgcc -lc -lgcc_s -lgcc /usr/lib/gcc/x86_64-linux-gnu/13/crtendS.o /usr/lib/gcc/x86_64-linux-gnu/13/../../../x86_64-linux-gnu/crtn.o
COLLECT_GCC_OPTIONS='-v' '-o' 'cmTC_b5e77' '-shared-libgcc' '-mtune=generic' '-march=x86-64' '-dumpdir' 'cmTC_b5e77.'
make[1]: Leaving directory '/home/dachuo/build/CMakeFiles/CMakeTmp'



Parsed CXX implicit include dir info from above output: rv=done
  found start of include info
  found start of implicit include info
    add: [/usr/include/c++/13]
    add: [/usr/include/x86_64-linux-gnu/c++/13]
    add: [/usr/include/c++/13/backward]
    add: [/usr/lib/gcc/x86_64-linux-gnu/13/include]
    add: [/usr/local/include]
    add: [/usr/include/x86_64-linux-gnu]
    add: [/usr/include]
  end of search list found
  collapse include dir [/usr/include/c++/13] ==> [/usr/include/c++/13]
  collapse include dir [/usr/include/x86_64-linux-gnu/c++/13] ==> [/usr/include/x86_64-linux-gnu/c++/13]
  collapse include dir [/usr/include/c++/13/backward] ==> [/usr/include/c++/13/backward]
  collapse include dir [/usr/lib/gcc/x86_64-linux-gnu/13/include] ==> [/usr/lib/gcc/x86_64-linux-gnu/13/include]
  collapse include dir [/usr/local/include] ==> [/usr/local/include]
  collapse include dir [/usr/include/x86_64-linux-gnu] ==> [/usr/include/x86_64-linux-gnu]
  collapse include dir [/usr/include] ==> [/usr/include]
  implicit include dirs: [/usr/include/c++/13;/usr/include/x86_64-linux-gnu/c++/13;/usr/include/c++/13/backward;/usr/lib/gcc/x86_64-linux-gnu/13/include;/usr/local/include;/usr/include/x86_64-linux-gnu;/usr/include]


Parsed CXX implicit link information from above output:
  link line regex: [^( *|.*[/\])(ld|CMAKE_LINK_STARTFILE-NOTFOUND|([^/\]+-)?ld|collect2)[^/\]*( |$)]
  ignore line: [Change Dir: /home/dachuo/build/CMakeFiles/CMakeTmp]
  ignore line: []
  ignore line: [Run Build Command(s):/usr/bin/make cmTC_b5e77/fast && /usr/bin/make -f CMakeFiles/cmTC_b5e77.dir/build.make CMakeFiles/cmTC_b5e77.dir/build]
  ignore line: [make[1]: Entering directory '/home/dachuo/build/CMakeFiles/CMakeTmp']
  ignore line: [Building CXX object CMakeFiles/cmTC_b5e77.dir/CMakeCXXCompilerABI.cpp.o]
  ignore line: [/usr/bin/c++    -v -std=gnu++2a -o CMakeFiles/cmTC_b5e77.dir/CMakeCXXCompilerABI.cpp.o -c /usr/share/cmake-3.16/Modules/CMakeCXXCompilerABI.cpp]
  ignore line: [Using built-in specs.]
  ignore line: [COLLECT_GCC=/usr/bin/c++]
  ignore line: [Target: x86_64-linux-gnu]
  ignore line: [Configured with: ../src/configure -v --with-pkgversion='Ubuntu 13.1.0-8ubuntu1~20.04.2' --with-bugurl=file:///usr/share/doc/gcc-13/README.Bugs --enable-languages=c ada c++ go d fortran objc obj-c++ m2 rust --prefix=/usr --with-gcc-major-version-only --program-suffix=-13 --program-prefix=x86_64-linux-gnu- --enable-shared --enable-linker-build-id --libexecdir=/usr/libexec --without-included-gettext --enable-threads=posix --libdir=/usr/lib --enable-nls --enable-clocale=gnu --enable-libstdcxx-debug --enable-libstdcxx-time=yes --with-default-libstdcxx-abi=new --enable-gnu-unique-object --disable-vtable-verify --enable-plugin --enable-default-pie --with-system-zlib --enable-libphobos-checking=release --with-target-system-zlib=auto --enable-objc-gc=auto --enable-multiarch --disable-werror --enable-cet --with-arch-32=i686 --with-abi=m64 --with-multilib-list=m32 m64 mx32 --enable-multilib --with-tune=generic --enable-checking=release --build=x86_64-linux-gnu --host=x86_64-linux-gnu --target=x86_64-linux-gnu]
  ignore line: [Thread model: posix]
  ignore line: [Supported LTO compression algorithms: zlib zstd]
  ignore line: [gcc version 13.1.0 (Ubuntu 13.1.0-8ubuntu1~20.04.2) ]
  ignore line: [COLLECT_GCC_OPTIONS='-v' '-std=gnu++20' '-o' 'CMakeFiles/cmTC_b5e77.dir/CMakeCXXCompilerABI.cpp.o' '-c' '-shared-libgcc' '-mtune=generic' '-march=x86-64' '-dumpdir' 'CMakeFiles/cmTC_b5e77.dir/']
  ignore line: [ /usr/libexec/gcc/x86_64-linux-gnu/13/cc1plus -quiet -v -imultiarch x86_64-linux-gnu -D_GNU_SOURCE /usr/share/cmake-3.16/Modules/CMakeCXXCompilerABI.cpp -quiet -dumpdir CMakeFiles/cmTC_b5e77.dir/ -dumpbase CMakeCXXCompilerABI.cpp.cpp -dumpbase-ext .cpp -mtune=generic -march=x86-64 -std=gnu++20 -version -fasynchronous-unwind-tables -fstack-protector-strong -Wformat -Wformat-security -fstack-clash-protection -fcf-protection -o /tmp/ccVYhNB1.s]
  ignore line: [GNU C++20 (Ubuntu 13.1.0-8ubuntu1~20.04.2) version 13.1.0 (x86_64-linux-gnu)]
  ignore line: [	compiled by GNU C version 13.1.0  GMP version 6.2.0  MPFR version 4.0.2  MPC version 1.1.0  isl version isl-0.22.1-GMP]
  ignore line: []
  ignore line: [GGC heuristics: --param ggc-min-expand=100 --param ggc-min-heapsize=131072]
  ignore line: [ignoring duplicate directory "/usr/include/x86_64-linux-gnu/c++/13"]
  ignore line: [ignoring nonexistent directory "/usr/local/include/x86_64-linux-gnu"]
  ignore line: [ignoring nonexistent directory "/usr/lib/gcc/x86_64-linux-gnu/13/include-fixed/x86_64-linux-gnu"]
  ignore line: [ignoring nonexistent directory "/usr/lib/gcc/x86_64-linux-gnu/13/include-fixed"]
  ignore line: [ignoring nonexistent directory "/usr/lib/gcc/x86_64-linux-gnu/13/../../../../x86_64-linux-gnu/include"]
  ignore line: [#include "..." search starts here:]
  ignore line: [#include <...> search starts here:]
  ignore line: [ /usr/include/c++/13]
  ignore line: [ /usr/include/x86_64-linux-gnu/c++/13]
  ignore line: [ /usr/include/c++/13/backward]
  ignore line: [ /usr/lib/gcc/x86_64-linux-gnu/13/include]
  ignore line: [ /usr/local/include]
  ignore line: [ /usr/include/x86_64-linux-gnu]
  ignore line: [ /usr/include]
  ignore line: [End of search list.]
  ignore line: [Compiler executable checksum: 391880e3be75f4e1ac78bddcb50fff0c]
  ignore line: [COLLECT_GCC_OPTIONS='-v' '-std=gnu++20' '-o' 'CMakeFiles/cmTC_b5e77.dir/CMakeCXXCompilerABI.cpp.o' '-c' '-shared-libgcc' '-mtune=generic' '-march=x86-64' '-dumpdir' 'CMakeFiles/cmTC_b5e77.dir/']
  ignore line: [ as -v --64 -o CMakeFiles/cmTC_b5e77.dir/CMakeCXXCompilerABI.cpp.o /tmp/ccVYhNB1.s]
  ignore line: [GNU assembler version 2.34 (x86_64-linux-gnu) using BFD version (GNU Binutils for Ubuntu) 2.34]
  ignore line: [COMPILER_PATH=/usr/libexec/gcc/x86_64-linux-gnu/13/:/usr/libexec/gcc/x86_64-linux-gnu/13/:/usr/libexec/gcc/x86_64-linux-gnu/:/usr/lib/gcc/x86_64-linux-gnu/13/:/usr/lib/gcc/x86_64-linux-gnu/]
  ignore line: [LIBRARY_PATH=/usr/lib/gcc/x86_64-linux-gnu/13/:/usr/lib/gcc/x86_64-linux-gnu/13/../../../x86_64-linux-gnu/:/usr/lib/gcc/x86_64-linux-gnu/13/../../../../lib/:/lib/x86_64-linux-gnu/:/lib/../lib/:/usr/lib/x86_64-linux-gnu/:/usr/lib/../lib/:/usr/lib/gcc/x86_64-linux-gnu/13/../../../:/lib/:/usr/lib/]
  ignore line: [COLLECT_GCC_OPTIONS='-v' '-std=gnu++20' '-o' 'CMakeFiles/cmTC_b5e77.dir/CMakeCXXCompilerABI.cpp.o' '-c' '-shared-libgcc' '-mtune=generic' '-march=x86-64' '-dumpdir' 'CMakeFiles/cmTC_b5e77.dir/CMakeCXXCompilerABI.cpp.']
  ignore line: [Linking CXX executable cmTC_b5e77]
  ignore line: [/usr/bin/cmake -E cmake_link_script CMakeFiles/cmTC_b5e77.dir/link.txt --verbose=1]
  ignore line: [/usr/bin/c++      -v CMakeFiles/cmTC_b5e77.dir/CMakeCXXCompilerABI.cpp.o  -o cmTC_b5e77 ]
  ignore line: [Using built-in specs.]
  ignore line: [COLLECT_GCC=/usr/bin/c++]
  ignore line: [COLLECT_LTO_WRAPPER=/usr/libexec/gcc/x86_64-linux-gnu/13/lto-wrapper]
  ignore line: [Target: x86_64-linux-gnu]
  ignore line: [Configured with: ../src/configure -v --with-pkgversion='Ubuntu 13.1.0-8ubuntu1~20.04.2' --with-bugurl=file:///usr/share/doc/gcc-13/README.Bugs --enable-languages=c ada c++ go d fortran objc obj-c++ m2 rust --prefix=/usr --with-gcc-major-version-only --program-suffix=-13 --program-prefix=x86_64-linux-gnu- --enable-shared --enable-linker-build-id --libexecdir=/usr/libexec --without-included-gettext --enable-threads=posix --libdir=/usr/lib --enable-nls --enable-clocale=gnu --enable-libstdcxx-debug --enable-libstdcxx-time=yes --with-default-libstdcxx-abi=new --enable-gnu-unique-object --disable-vtable-verify --enable-plugin --enable-default-pie --with-system-zlib --enable-libphobos-checking=release --with-target-system-zlib=auto --enable-objc-gc=auto --enable-multiarch --disable-werror --enable-cet --with-arch-32=i686 --with-abi=m64 --with-multilib-list=m32 m64 mx32 --enable-multilib --with-tune=generic --enable-checking=release --build=x86_64-linux-gnu --host=x86_64-linux-gnu --target=x86_64-linux-gnu]
  ignore line: [Thread model: posix]
  ignore line: [Supported LTO compression algorithms: zlib zstd]
  ignore line: [gcc version 13.1.0 (Ubuntu 13.1.0-8ubuntu1~20.04.2) ]
  ignore line: [COMPILER_PATH=/usr/libexec/gcc/x86_64-linux-gnu/13/:/usr/libexec/gcc/x86_64-linux-gnu/13/:/usr/libexec/gcc/x86_64-linux-gnu/:/usr/lib/gcc/x86_64-linux-gnu/13/:/usr/lib/gcc/x86_64-linux-gnu/]
  ignore line: [LIBRARY_PATH=/usr/lib/gcc/x86_64-linux-gnu/13/:/usr/lib/gcc/x86_64-linux-gnu/13/../../../x86_64-linux-gnu/:/usr/lib/gcc/x86_64-linux-gnu/13/../../../../lib/:/lib/x86_64-linux-gnu/:/lib/../lib/:/usr/lib/x86_64-linux-gnu/:/usr/lib/../lib/:/usr/lib/gcc/x86_64-linux-gnu/13/../../../:/lib/:/usr/lib/]
  ignore line: [COLLECT_GCC_OPTIONS='-v' '-o' 'cmTC_b5e77' '-shared-libgcc' '-mtune=generic' '-march=x86-64' '-dumpdir' 'cmTC_b5e77.']
  link line: [ /usr/libexec/gcc/x86_64-linux-gnu/13/collect2 -plugin /usr/libexec/gcc/x86_64-linux-gnu/13/liblto_plugin.so -plugin-opt=/usr/libexec/gcc/x86_64-linux-gnu/13/lto-wrapper -plugin-opt=-fresolution=/tmp/ccjTuxUu.res -plugin-opt=-pass-through=-lgcc_s -plugin-opt=-pass-through=-lgcc -plugin-opt=-pass-through=-lc -plugin-opt=-pass-through=-lgcc_s -plugin-opt=-pass-through=-lgcc --build-id --eh-frame-hdr -m elf_x86_64 --hash-style=gnu --as-needed -dynamic-linker /lib64/ld-linux-x86-64.so.2 -pie -z now -z relro -o cmTC_b5e77 /usr/lib/gcc/x86_64-linux-gnu/13/../../../x86_64-linux-gnu/Scrt1.o /usr/lib/gcc/x86_64-linux-gnu/13/../../../x86_64-linux-gnu/crti.o /usr/lib/gcc/x86_64-linux-gnu/13/crtbeginS.o -L/usr/lib/gcc/x86_64-linux-gnu/13 -L/usr/lib/gcc/x86_64-linux-gnu/13/../../../x86_64-linux-gnu -L/usr/lib/gcc/x86_64-linux-gnu/13/../../../../lib -L/lib/x86_64-linux-gnu -L/lib/../lib -L/usr/lib/x86_64-linux-gnu -L/usr/lib/../lib -L/usr/lib/gcc/x86_64-linux-gnu/13/../../.. CMakeFiles/cmTC_b5e77.dir/CMakeCXXCompilerABI.cpp.o -lstdc++ -lm -lgcc_s -lgcc -lc -lgcc_s -lgcc /usr/lib/gcc/x86_64-linux-gnu/13/crtendS.o /usr/lib/gcc/x86_64-linux-gnu/13/../../../x86_64-linux-gnu/crtn.o]
    arg [/usr/libexec/gcc/x86_64-linux-gnu/13/collect2] ==> ignore
    arg [-plugin] ==> ignore
    arg [/usr/libexec/gcc/x86_64-linux-gnu/13/liblto_plugin.so] ==> ignore
    arg [-plugin-opt=/usr/libexec/gcc/x86_64-linux-gnu/13/lto-wrapper] ==> ignore
    arg [-plugin-opt=-fresolution=/tmp/ccjTuxUu.res] ==> ignore
    arg [-plugin-opt=-pass-through=-lgcc_s] ==> ignore
    arg [-plugin-opt=-pass-through=-lgcc] ==> ignore
    arg [-plugin-opt=-pass-through=-lc] ==> ignore
    arg [-plugin-opt=-pass-through=-lgcc_s] ==> ignore
    arg [-plugin-opt=-pass-through=-lgcc] ==> ignore
    arg [--build-id] ==> ignore
    arg [--eh-frame-hdr] ==> ignore
    arg [-m] ==> ignore
    arg [elf_x86_64] ==> ignore
    arg [--hash-style=gnu] ==> ignore
    arg [--as-needed] ==> ignore
    arg [-dynamic-linker] ==> ignore
    arg [/lib64/ld-linux-x86-64.so.2] ==> ignore
    arg [-pie] ==> ignore
    arg [-znow] ==> ignore
    arg [-zrelro] ==> ignore
    arg [-o] ==> ignore
    arg [cmTC_b5e77] ==> ignore
    arg [/usr/lib/gcc/x86_64-linux-gnu/13/../../../x86_64-linux-gnu/Scrt1.o] ==> ignore
    arg [/usr/lib/gcc/x86_64-linux-gnu/13/../../../x86_64-linux-gnu/crti.o] ==> ignore
    arg [/usr/lib/gcc/x86_64-linux-gnu/13/crtbeginS.o] ==> ignore
    arg [-L/usr/lib/gcc/x86_64-linux-gnu/13] ==> dir [/usr/lib/gcc/x86_64-linux-gnu/13]
    arg [-L/usr/lib/gcc/x86_64-linux-gnu/13/../../../x86_64-linux-gnu] ==> dir [/usr/lib/gcc/x86_64-linux-gnu/13/../../../x86_64-linux-gnu]
    arg [-L/usr/lib/gcc/x86_64-linux-gnu/13/../../../../lib] ==> dir [/usr/lib/gcc/x86_64-linux-gnu/13/../../../../lib]
    arg [-L/lib/x86_64-linux-gnu] ==> dir [/lib/x86_64-linux-gnu]
    arg [-L/lib/../lib] ==> dir [/lib/../lib]
    arg [-L/usr/lib/x86_64-linux-gnu] ==> dir [/usr/lib/x86_64-linux-gnu]
    arg [-L/usr/lib/../lib] ==> dir [/usr/lib/../lib]
    arg [-L/usr/lib/gcc/x86_64-linux-gnu/13/../../..] ==> dir [/usr/lib/gcc/x86_64-linux-gnu/13/../../..]
    arg [CMakeFiles/cmTC_b5e77.dir/CMakeCXXCompilerABI.cpp.o] ==> ignore
    arg [-lstdc++] ==> lib [stdc++]
    arg [-lm] ==> lib [m]
    arg [-lgcc_s] ==> lib [gcc_s]
    arg [-lgcc] ==> lib [gcc]
    arg [-lc] ==> lib [c]
    arg [-lgcc_s] ==> lib [gcc_s]
    arg [-lgcc] ==> lib [gcc]
    arg [/usr/lib/gcc/x86_64-linux-gnu/13/crtendS.o] ==> ignore
    arg [/usr/lib/gcc/x86_64-linux-gnu/13/../../../x86_64-linux-gnu/crtn.o] ==> ignore
  collapse library dir [/usr/lib/gcc/x86_64-linux-gnu/13] ==> [/usr/lib/gcc/x86_64-linux-gnu/13]
  collapse library dir [/usr/lib/gcc/x86_64-linux-gnu/13/../../../x86_64-linux-gnu] ==> [/usr/lib/x86_64-linux-gnu]
  collapse library dir [/usr/lib/gcc/x86_64-linux-gnu/13/../../../../lib] ==> [/usr/lib]
  collapse library dir [/lib/x86_64-linux-gnu] ==> [/lib/x86_64-linux-gnu]
  collapse library dir [/lib/../lib] ==> [/lib]
  collapse library dir [/usr/lib/x86_64-linux-gnu] ==> [/usr/lib/x86_64-linux-gnu]
  collapse library dir [/usr/lib/../lib] ==> [/usr/lib]
  collapse library dir [/usr/lib/gcc/x86_64-linux-gnu/13/../../..] ==> [/usr/lib]
  implicit libs: [stdc++;m;gcc_s;gcc;c;gcc_s;gcc]
  implicit dirs: [/usr/lib/gcc/x86_64-linux-gnu/13;/usr/lib/x86_64-linux-gnu;/usr/lib;/lib/x86_64-linux-gnu;/lib]
  implicit fwks: []


The system is: Linux - 4.4.0-19041-Microsoft - x86_64
Compiling the C compiler identification source file "CMakeCCompilerId.c" succeeded.
Compiler: /usr/bin/cc 
Build flags: 
Id flags:  

The output was:
0


Compilation of the C compiler identification source "CMakeCCompilerId.c" produced "a.out"

The C compiler identification is GNU, found in "/home/dachuo/build/CMakeFiles/3.16.3/CompilerIdC/a.out"

Compiling the CXX compiler identification source file "CMakeCXXCompilerId.cpp" succeeded.
Compiler: /usr/bin/c++ 
Build flags: 
Id flags:  

The output was:
0


Compilation of the CXX compiler identification source "CMakeCXXCompilerId.cpp" produced "a.out"

The CXX compiler identification is GNU, found in "/home/dachuo/build/CMakeFiles/3.16.3/CompilerIdCXX/a.out"

Determining if the C compiler works passed with the following output:
Change Dir: /home/dachuo/build/CMakeFiles/CMakeTmp

Run Build Command(s):/usr/bin/make cmTC_8eec8/fast && /usr/bin/make -f CMakeFiles/cmTC_8eec8.dir/build.make CMakeFiles/cmTC_8eec8.dir/build
make[1]: Entering directory '/home/dachuo/build/CMakeFiles/CMakeTmp'
Building C object CMakeFiles/cmTC_8eec8.dir/testCCompiler.c.o
/usr/bin/cc    -o CMakeFiles/cmTC_8eec8.dir/testCCompiler.c.o   -c /home/dachuo/build/CMakeFiles/CMakeTmp/testCCompiler.c
Linking C executable cmTC_8eec8
/usr/bin/cmake -E cmake_link_script CMakeFiles/cmTC_8eec8.dir/link.txt --verbose=1
/usr/bin/cc      CMakeFiles/cmTC_8eec8.dir/testCCompiler.c.o  -o cmTC_8eec8 
make[1]: Leaving directory '/home/dachuo/build/CMakeFiles/CMakeTmp'



Detecting C compiler ABI info compiled with the following output:
Change Dir: /home/dachuo/build/CMakeFiles/CMakeTmp

Run Build Command(s):/usr/bin/make cmTC_77cfc/fast && /usr/bin/make -f CMakeFiles/cmTC_77cfc.dir/build.make CMakeFiles/cmTC_77cfc.dir/build
make[1]: Entering directory '/home/dachuo/build/CMakeFiles/CMakeTmp'
Building C object CMakeFiles/cmTC_77cfc.dir/CMakeCCompilerABI.c.o
/usr/bin/cc   -v -o CMakeFiles/cmTC_77cfc.dir/CMakeCCompilerABI.c.o   -c /usr/share/cmake-3.16/Modules/CMakeCCompilerABI.c
Using built-in specs.
COLLECT_GCC=/usr/bin/cc
Target: x86_64-linux-gnu
Configured with: ../src/configure -v --with-pkgversion='Ubuntu 13.1.0-8ubuntu1~20.04.2' --with-bugurl=file:///usr/share/doc/gcc-13/README.Bugs --enable-languages=c,ada,c++,go,d,fortran,objc,obj-c++,m2,rust --prefix=/usr --with-gcc-major-version-only --program-suffix=-13 --program-prefix=x86_64-linux-gnu- --enable-shared --enable-linker-build-id --libexecdir=/usr/libexec --without-included-gettext --enable-threads=posix --libdir=/usr/lib --enable-nls --enable-clocale=gnu --enable-libstdcxx-debug --enable-libstdcxx-time=yes --with-default-libstdcxx-abi=new --enable-gnu-unique-object --disable-vtable-verify --enable-plugin --enable-default-pie --with-system-zlib --enable-libphobos-checking=release --with-target-system-zlib=auto --enable-objc-gc=auto --enable-multiarch --disable-werror --enable-cet --with-arch-32=i686 --with-abi=m64 --with-multilib-list=m32,m64,mx32 --enable-multilib --with-tune=generic --enable-checking=release --build=x86_64-linux-gnu --host=x86_64-linux-gnu --target=x86_64-linux-gnu
Thread model: posix
Supported LTO compression algorithms: zlib zstd
gcc version 13.1.0 (Ubuntu 13.1.0-8ubuntu1~20.04.2) 
COLLECT_GCC_OPTIONS='-v' '-o' 'CMakeFiles/cmTC_77cfc.dir/CMakeCCompilerABI.c.o' '-c' '-mtune=generic' '-march=x86-64' '-dumpdir' 'CMakeFiles/cmTC_77cfc.dir/'
 /usr/libexec/gcc/x86_64-linux-gnu/13/cc1 -quiet -v -imultiarch x86_64-linux-gnu /usr/share/cmake-3.16/Modules/CMakeCCompilerABI.c -quiet -dumpdir CMakeFiles/cmTC_77cfc.dir/ -dumpbase CMakeCCompilerABI.c.c -dumpbase-ext .c -mtune=generic -march=x86-64 -version -fasynchronous-unwind-tables -fstack-protector-strong -Wformat -Wformat-security -fstack-clash-protection -fcf-protection -o /tmp/ccD98KG4.s
GNU C17 (Ubuntu 13.1.0-8ubuntu1~20.04.2) version 13.1.0 (x86_64-linux-gnu)
	compiled by GNU C version 13.1.0, GMP version 6.2.0, MPFR version 4.0.2, MPC version 1.1.0, isl version isl-0.22.1-GMP

GGC heuristics: --param ggc-min-expand=100 --param ggc-min-heapsize=131072
ignoring nonexistent directory "/usr/local/include/x86_64-linux-gnu"
ignoring nonexistent directory "/usr/lib/gcc/x86_64-linux-gnu/13/include-fixed/x86_64-linux-gnu"
ignoring nonexistent directory "/usr/lib/gcc/x86_64-linux-gnu/13/include-fixed"
ignoring nonexistent directory "/usr/lib/gcc/x86_64-linux-gnu/13/../../../../x86_64-linux-gnu/include"
#include "..." search starts here:
#include <...> search starts here:
 /usr/lib/gcc/x86_64-linux-gnu/13/include
 /usr/local/include
 /usr/include/x86_64-linux-gnu
 /usr/include
End of search list.
Compiler executable checksum: f0b3c90e0f11c3d406d33a12053911f6
COLLECT_GCC_OPTIONS='-v' '-o' 'CMakeFiles/cmTC_77cfc.dir/CMakeCCompilerABI.c.o' '-c' '-mtune=generic' '-march=x86-64' '-dumpdir' 'CMakeFiles/cmTC_77cfc.dir/'
 as -v --64 -o CMakeFiles/cmTC_77cfc.dir/CMakeCCompilerABI.c.o /tmp/ccD98KG4.s
GNU assembler version 2.34 (x86_64-linux-gnu) using BFD version (GNU Binutils for Ubuntu) 2.34
COMPILER_PATH=/usr/libexec/gcc/x86_64-linux-gnu/13/:/usr/libexec/gcc/x86_64-linux-gnu/13/:/usr/libexec/gcc/x86_64-linux-gnu/:/usr/lib/gcc/x86_64-linux-gnu/13/:/usr/lib/gcc/x86_64-linux-gnu/
LIBRARY_PATH=/usr/lib/gcc/x86_64-linux-gnu/13/:/usr/lib/gcc/x86_64-linux-gnu/13/../../../x86_64-linux-gnu/:/usr/lib/gcc/x86_64-linux-gnu/13/../../../../lib/:/lib/x86_64-linux-gnu/:/lib/../lib/:/usr/lib/x86_64-linux-gnu/:/usr/lib/../lib/:/usr/lib/gcc/x86_64-linux-gnu/13/../../../:/lib/:/usr/lib/
COLLECT_GCC_OPTIONS='-v' '-o' 'CMakeFiles/cmTC_77cfc.dir/CMakeCCompilerABI.c.o' '-c' '-mtune=generic' '-march=x86-64' '-dumpdir' 'CMakeFiles/cmTC_77cfc.dir/CMakeCCompilerABI.c.'
Linking C executable cmTC_77cfc
/usr/bin/cmake -E cmake_link_script CMakeFiles/cmTC_77cfc.dir/link.txt --verbose=1
/usr/bin/cc     -v CMakeFiles/cmTC_77cfc.dir/CMakeCCompilerABI.c.o  -o cmTC_77cfc 
Using built-in specs.
COLLECT_GCC=/usr/bin/cc
COLLECT_LTO_WRAPPER=/usr/libexec/gcc/x86_64-linux-gnu/13/lto-wrapper
Target: x86_64-linux-gnu
Configured with: ../src/configure -v --with-pkgversion='Ubuntu 13.1.0-8ubuntu1~20.04.2' --with-bugurl=file:///usr/share/doc/gcc-13/README.Bugs --enable-languages=c,ada,c++,go,d,fortran,objc,obj-c++,m2,rust --prefix=/usr --with-gcc-major-version-only --program-suffix=-13 --program-prefix=x86_64-linux-gnu- --enable-shared --enable-linker-build-id --libexecdir=/usr/libexec --without-included-gettext --enable-threads=posix --libdir=/usr/lib --enable-nls --enable-clocale=gnu --enable-libstdcxx-debug --enable-libstdcxx-time=yes --with-default-libstdcxx-abi=new --enable-gnu-unique-object --disable-vtable-verify --enable-plugin --enable-default-pie --with-system-zlib --enable-libphobos-checking=release --with-target-system-zlib=auto --enable-objc-gc=auto --enable-multiarch --disable-werror --enable-cet --with-arch-32=i686 --with-abi=m64 --with-multilib-list=m32,m64,mx32 --enable-multilib --with-tune=generic --enable-checking=release --build=x86_64-linux-gnu --host=x86_64-linux-gnu --target=x86_64-linux-gnu
Thread model: posix
Supported LTO compression algorithms: zlib zstd
gcc version 13.1.0 (Ubuntu 13.1.0-8ubuntu1~20.04.2) 
COMPILER_PATH=/usr/libexec/gcc/x86_64-linux-gnu/13/:/usr/libexec/gcc/x86_64-linux-gnu/13/:/usr/libexec/gcc/x86_64-linux-gnu/:/usr/lib/gcc/x86_64-linux-gnu/13/:/usr/lib/gcc/x86_64-linux-gnu/
LIBRARY_PATH=/usr/lib/gcc/x86_64-linux-gnu/13/:/usr/lib/gcc/x86_64-linux-gnu/13/../../../x86_64-linux-gnu/:/usr/lib/gcc/x86_64-linux-gnu/13/../../../../lib/:/lib/x86_64-linux-gnu/:/lib/../lib/:/usr/lib/x86_64-linux-gnu/:/usr/lib/../lib/:/usr/lib/gcc/x86_64-linux-gnu/13/../../../:/lib/:/usr/lib/
COLLECT_GCC_OPTIONS='-v' '-o' 'cmTC_77cfc' '-mtune=generic' '-march=x86-64' '-dumpdir' 'cmTC_77cfc.'
 /usr/libexec/gcc/x86_64-linux-gnu/13/collect2 -plugin /usr/libexec/gcc/x86_64-linux-gnu/13/liblto_plugin.so -plugin-opt=/usr/libexec/gcc/x86_64-linux-gnu/13/lto-wrapper -plugin-opt=-fresolution=/tmp/ccuvM1lh.res -plugin-opt=-pass-through=-lgcc -plugin-opt=-pass-through=-lgcc_s -plugin-opt=-pass-through=-lc -plugin-opt=-pass-through=-lgcc -plugin-opt=-pass-through=-lgcc_s --build-id --eh-frame-hdr -m elf_x86_64 --hash-style=gnu --as-needed -dynamic-linker /lib64/ld-linux-x86-64.so.2 -pie -z now -z relro -o cmTC_77cfc /usr/lib/gcc/x86_64-linux-gnu/13/../../../x86_64-linux-gnu/Scrt1.o /usr/lib/gcc/x86_64-linux-gnu/13/../../../x86_64-linux-gnu/crti.o /usr/lib/gcc/x86_64-linux-gnu/13/crtbeginS.o -L/usr/lib/gcc/x86_64-linux-gnu/13 -L/usr/lib/gcc/x86_64-linux-gnu/13/../../../x86_64-linux-gnu -L/usr/lib/gcc/x86_64-linux-gnu/13/../../../../lib -L/lib/x86_64-linux-gnu -L/lib/../lib -L/usr/lib/x86_64-linux-gnu -L/usr/lib/../lib -L/usr/lib/gcc/x86_64-linux-gnu/13/../../.. CMakeFiles/cmTC_77cfc.dir/CMakeCCompilerABI.c.o -lgcc --push-state --as-needed -lgcc_s --pop-state -lc -lgcc --push-state --as-needed -lgcc_s --pop-state /usr/lib/gcc/x86_64-linux-gnu/13/crtendS.o /usr/lib/gcc/x86_64-linux-gnu/13/../../../x86_64-linux-gnu/crtn.o
COLLECT_GCC_OPTIONS='-v' '-o' 'cmTC_77cfc' '-mtune=generic' '-march=x86-64' '-dumpdir' 'cmTC_77cfc.'
make[1]: Leaving directory '/home/dachuo/build/CMakeFiles/CMakeTmp'



Parsed C implicit include dir info from above output: rv=done
  found start of include info
  found start of implicit include info
    add: [/usr/lib/gcc/x86_64-linux-gnu/13/include]
    add: [/usr/local/include]
    add: [/usr/include/x86_64-linux-gnu]
    add: [/usr/include]
  end of search list found
  collapse include dir [/usr/lib/gcc/x86_64-linux-gnu/13/include] ==> [/usr/lib/gcc/x86_64-linux-gnu/13/include]
  collapse include dir [/usr/local/include] ==> [/usr/local/include]
  collapse include dir [/usr/include/x86_64-linux-gnu] ==> [/usr/include/x86_64-linux-gnu]
  collapse include dir [/usr/include] ==> [/usr/include]
  implicit include dirs: [/usr/lib/gcc/x86_64-linux-gnu/13/include;/usr/local/include;/usr/include/x86_64-linux-gnu;/usr/include]


Parsed C implicit link information from above output:
  link line regex: [^( *|.*[/\])(ld|CMAKE_LINK_STARTFILE-NOTFOUND|([^/\]+-)?ld|collect2)[^/\]*( |$)]
  ignore line: [Change Dir: /home/dachuo/build/CMakeFiles/CMakeTmp]
  ignore line: []
  ignore line: [Run Build Command(s):/usr/bin/make cmTC_77cfc/fast && /usr/bin/make -f CMakeFiles/cmTC_77cfc.dir/build.make CMakeFiles/cmTC_77cfc.dir/build]
  ignore line: [make[1]: Entering directory '/home/dachuo/build/CMakeFiles/CMakeTmp']
  ignore line: [Building C object CMakeFiles/cmTC_77cfc.dir/CMakeCCompilerABI.c.o]
  ignore line: [/usr/bin/cc   -v -o CMakeFiles/cmTC_77cfc.dir/CMakeCCompilerABI.c.o   -c /usr/share/cmake-3.16/Modules/CMakeCCompilerABI.c]
  ignore line: [Using built-in specs.]
  ignore line: [COLLECT_GCC=/usr/bin/cc]
  ignore line: [Target: x86_64-linux-gnu]
  ignore line: [Configured with: ../src/configure -v --with-pkgversion='Ubuntu 13.1.0-8ubuntu1~20.04.2' --with-bugurl=file:///usr/share/doc/gcc-13/README.Bugs --enable-languages=c ada c++ go d fortran objc obj-c++ m2 rust --prefix=/usr --with-gcc-major-version-only --program-suffix=-13 --program-prefix=x86_64-linux-gnu- --enable-shared --enable-linker-build-id --libexecdir=/usr/libexec --without-included-gettext --enable-threads=posix --libdir=/usr/lib --enable-nls --enable-clocale=gnu --enable-libstdcxx-debug --enable-libstdcxx-time=yes --with-default-libstdcxx-abi=new --enable-gnu-unique-object --disable-vtable-verify --enable-plugin --enable-default-pie --with-system-zlib --enable-libphobos-checking=release --with-target-system-zlib=auto --enable-objc-gc=auto --enable-multiarch --disable-werror --enable-cet --with-arch-32=i686 --with-abi=m64 --with-multilib-list=m32 m64 mx32 --enable-multilib --with-tune=generic --enable-checking=release --build=x86_64-linux-gnu --host=x86_64-linux-gnu --target=x86_64-linux-gnu]
  ignore line: [Thread model: posix]
  ignore line: [Supported LTO compression algorithms: zlib zstd]
  ignore line: [gcc version 13.1.0 (Ubuntu 13.1.0-8ubuntu1~20.04.2) ]
  ignore line: [COLLECT_GCC_OPTIONS='-v' '-o' 'CMakeFiles/cmTC_77cfc.dir/CMakeCCompilerABI.c.o' '-c' '-mtune=generic' '-march=x86-64' '-dumpdir' 'CMakeFiles/cmTC_77cfc.dir/']
  ignore line: [ /usr/libexec/gcc/x86_64-linux-gnu/13/cc1 -quiet -v -imultiarch x86_64-linux-gnu /usr/share/cmake-3.16/Modules/CMakeCCompilerABI.c -quiet -dumpdir CMakeFiles/cmTC_77cfc.dir/ -dumpbase CMakeCCompilerABI.c.c -dumpbase-ext .c -mtune=generic -march=x86-64 -version -fasynchronous-unwind-tables -fstack-protector-strong -Wformat -Wformat-security -fstack-clash-protection -fcf-protection -o /tmp/ccD98KG4.s]
  ignore line: [GNU C17 (Ubuntu 13.1.0-8ubuntu1~20.04.2) version 13.1.0 (x86_64-linux-gnu)]
  ignore line: [	compiled by GNU C version 13.1.0  GMP version 6.2.0  MPFR version 4.0.2  MPC version 1.1.0  isl version isl-0.22.1-GMP]
  ignore line: []
  ignore line: [GGC heuristics: --param ggc-min-expand=100 --param ggc-min-heapsize=131072]
  ignore line: [ignoring nonexistent directory "/usr/local/include/x86_64-linux-gnu"]
  ignore line: [ignoring nonexistent directory "/usr/lib/gcc/x86_64-linux-gnu/13/include-fixed/x86_64-linux-gnu"]
  ignore line: [ignoring nonexistent directory "/usr/lib/gcc/x86_64-linux-gnu/13/include-fixed"]
  ignore line: [ignoring nonexistent directory "/usr/lib/gcc/x86_64-linux-gnu/13/../../../../x86_64-linux-gnu/include"]
  ignore line: [#include "..." search starts here:]
  ignore line: [#include <...> search starts here:]
  ignore line: [ /usr/lib/gcc/x86_64-linux-gnu/13/include]
  ignore line: [ /usr/local/include]
  ignore line: [ /usr/include/x86_64-linux-gnu]
  ignore line: [ /usr/include]
  ignore line: [End of search list.]
  ignore line: [Compiler executable checksum: f0b3c90e0f11c3d406d33a12053911f6]
  ignore line: [COLLECT_GCC_OPTIONS='-v' '-o' 'CMakeFiles/cmTC_77cfc.dir/CMakeCCompilerABI.c.o' '-c' '-mtune=generic' '-march=x86-64' '-dumpdir' 'CMakeFiles/cmTC_77cfc.dir/']
  ignore line: [ as -v --64 -o CMakeFiles/cmTC_77cfc.dir/CMakeCCompilerABI.c.o /tmp/ccD98KG4.s]
  ignore line: [GNU assembler version 2.34 (x86_64-linux-gnu) using BFD version (GNU Binutils for Ubuntu) 2.34]
  ignore line: [COMPILER_PATH=/usr/libexec/gcc/x86_64-linux-gnu/13/:/usr/libexec/gcc/x86_64-linux-gnu/13/:/usr/libexec/gcc/x86_64-linux-gnu/:/usr/lib/gcc/x86_64-linux-gnu/13/:/usr/lib/gcc/x86_64-linux-gnu/]
  ignore line: [LIBRARY_PATH=/usr/lib/gcc/x86_64-linux-gnu/13/:/usr/lib/gcc/x86_64-linux-gnu/13/../../../x86_64-linux-gnu/:/usr/lib/gcc/x86_64-linux-gnu/13/../../../../lib/:/lib/x86_64-linux-gnu/:/lib/../lib/:/usr/lib/x86_64-linux-gnu/:/usr/lib/../lib/:/usr/lib/gcc/x86_64-linux-gnu/13/../../../:/lib/:/usr/lib/]
  ignore line: [COLLECT_GCC_OPTIONS='-v' '-o' 'CMakeFiles/cmTC_77cfc.dir/CMakeCCompilerABI.c.o' '-c' '-mtune=generic' '-march=x86-64' '-dumpdir' 'CMakeFiles/cmTC_77cfc.dir/CMakeCCompilerABI.c.']
  ignore line: [Linking C executable cmTC_77cfc]
  ignore line: [/usr/bin/cmake -E cmake_link_script CMakeFiles/cmTC_77cfc.dir/link.txt --verbose=1]
  ignore line: [/usr/bin/cc     -v CMakeFiles/cmTC_77cfc.dir/CMakeCCompilerABI.c.o  -o cmTC_77cfc ]
  ignore line: [Using built-in specs.]
  ignore line: [COLLECT_GCC=/usr/bin/cc]
  ignore line: [COLLECT_LTO_WRAPPER=/usr/libexec/gcc/x86_64-linux-gnu/13/lto-wrapper]
  ignore line: [Target: x86_64-linux-gnu]
  ignore line: [Configured with: ../src/configure -v --with-pkgversion='Ubuntu 13.1.0-8ubuntu1~20.04.2' --with-bugurl=file:///usr/share/doc/gcc-13/README.Bugs --enable-languages=c ada c++ go d fortran objc obj-c++ m2 rust --prefix=/usr --with-gcc-major-version-only --program-suffix=-13 --program-prefix=x86_64-linux-gnu- --enable-shared --enable-linker-build-id --libexecdir=/usr/libexec --without-included-gettext --enable-threads=posix --libdir=/usr/lib --enable-nls --enable-clocale=gnu --enable-libstdcxx-debug --enable-libstdcxx-time=yes --with-default-libstdcxx-abi=new --enable-gnu-unique-object --disable-vtable-verify --enable-plugin --enable-default-pie --with-system-zlib --enable-libphobos-checking=release --with-target-system-zlib=auto --enable-objc-gc=auto --enable-multiarch --disable-werror --enable-cet --with-arch-32=i686 --with-abi=m64 --with-multilib-list=m32 m64 mx32 --enable-multilib --with-tune=generic --enable-checking=release --build=x86_64-linux-gnu --host=x86_64-linux-gnu --target=x86_64-linux-gnu]
  ignore line: [Thread model: posix]
  ignore line: [Supported LTO compression algorithms: zlib zstd]
  ignore line: [gcc version 13.1.0 (Ubuntu 13.1.0-8ubuntu1~20.04.2) ]
  ignore line: [COMPILER_PATH=/usr/libexec/gcc/x86_64-linux-gnu/13/:/usr/libexec/gcc/x86_64-linux-gnu/13/:/usr/libexec/gcc/x86_64-linux-gnu/:/usr/lib/gcc/x86_64-linux-gnu/13/:/usr/lib/gcc/x86_64-linux-gnu/]
  ignore line: [LIBRARY_PATH=/usr/lib/gcc/x86_64-linux-gnu/13/:/usr/lib/gcc/x86_64-linux-gnu/13/../../../x86_64-linux-gnu/:/usr/lib/gcc/x86_64-linux-gnu/13/../../../../lib/:/lib/x86_64-linux-gnu/:/lib/../lib/:/usr/lib/x86_64-linux-gnu/:/usr/lib/../lib/:/usr/lib/gcc/x86_64-linux-gnu/13/../../../:/lib/:/usr/lib/]
  ignore line: [COLLECT_GCC_OPTIONS='-v' '-o' 'cmTC_77cfc' '-mtune=generic' '-march=x86-64' '-dumpdir' 'cmTC_77cfc.']
  link line: [ /usr/libexec/gcc/x86_64-linux-gnu/13/collect2 -plugin /usr/libexec/gcc/x86_64-linux-gnu/13/liblto_plugin.so -plugin-opt=/usr/libexec/gcc/x86_64-linux-gnu/13/lto-wrapper -plugin-opt=-fresolution=/tmp/ccuvM1lh.res -plugin-opt=-pass-through=-lgcc -plugin-opt=-pass-through=-lgcc_s -plugin-opt=-pass-through=-lc -plugin-opt=-pass-through=-lgcc -plugin-opt=-pass-through=-lgcc_s --build-id --eh-frame-hdr -m elf_x86_64 --hash-style=gnu --as-needed -dynamic-linker /lib64/ld-linux-x86-64.so.2 -pie -z now -z relro -o cmTC_77cfc /usr/lib/gcc/x86_64-linux-gnu/13/../../../x86_64-linux-gnu/Scrt1.o /usr/lib/gcc/x86_64-linux-gnu/13/../../../x86_64-linux-gnu/crti.o /usr/lib/gcc/x86_64-linux-gnu/13/crtbeginS.o -L/usr/lib/gcc/x86_64-linux-gnu/13 -L/usr/lib/gcc/x86_64-linux-gnu/13/../../../x86_64-linux-gnu -L/usr/lib/gcc/x86_64-linux-gnu/13/../../../../lib -L/lib/x86_64-linux-gnu -L/lib/../lib -L/usr/lib/x86_64-linux-gnu -L/usr/lib/../lib -L/usr/lib/gcc/x86_64-linux-gnu/13/../../.. CMakeFiles/cmTC_77cfc.dir/CMakeCCompilerABI.c.o -lgcc --push-state --as-needed -lgcc_s --pop-state -lc -lgcc --push-state --as-needed -lgcc_s --pop-state /usr/lib/gcc/x86_64-linux-gnu/13/crtendS.o /usr/lib/gcc/x86_64-linux-gnu/13/../../../x86_64-linux-gnu/crtn.o]
    arg [/usr/libexec/gcc/x86_64-linux-gnu/13/collect2] ==> ignore
    arg [-plugin] ==> ignore
    arg [/usr/libexec/gcc/x86_64-linux-gnu/13/liblto_plugin.so] ==> ignore
    arg [-plugin-opt=/usr/libexec/gcc/x86_64-linux-gnu/13/lto-wrapper] ==> ignore
    arg [-plugin-opt=-fresolution=/tmp/ccuvM1lh.res] ==> ignore
    arg [-plugin-opt=-pass-through=-lgcc] ==> ignore
    arg [-plugin-opt=-pass-through=-lgcc_s] ==> ignore
    arg [-plugin-opt=-pass-through=-lc] ==> ignore
    arg [-plugin-opt=-pass-through=-lgcc] ==> ignore
    arg [-plugin-opt=-pass-through=-lgcc_s] ==> ignore
    arg [--build-id] ==> ignore
    arg [--eh-frame-hdr] ==> ignore
    arg [-m] ==> ignore
    arg [elf_x86_64] ==> ignore
    arg [--hash-style=gnu] ==> ignore
    arg [--as-needed] ==> ignore
    arg [-dynamic-linker] ==> ignore
    arg [/lib64/ld-linux-x86-64.so.2] ==> ignore
    arg [-pie] ==> ignore
    arg [-znow] ==> ignore
    arg [-zrelro] ==> ignore
    arg [-o] ==> ignore
    arg [cmTC_77cfc] ==> ignore
    arg [/usr/lib/gcc/x86_64-linux-gnu/13/../../../x86_64-linux-gnu/Scrt1.o] ==> ignore
    arg [/usr/lib/gcc/x86_64-linux-gnu/13/../../../x86_64-linux-gnu/crti.o] ==> ignore
    arg [/usr/lib/gcc/x86_64-linux-gnu/13/crtbeginS.o] ==> ignore
    arg [-L/usr/lib/gcc/x86_64-linux-gnu/13] ==> dir [/usr/lib/gcc/x86_64-linux-gnu/13]
    arg [-L/usr/lib/gcc/x86_64-linux-gnu/13/../../../x86_64-linux-gnu] ==> dir [/usr/lib/gcc/x86_64-linux-gnu/13/../../../x86_64-linux-gnu]
    arg [-L/usr/lib/gcc/x86_64-linux-gnu/13/../../../../lib] ==> dir [/usr/lib/gcc/x86_64-linux-gnu/13/../../../../lib]
    arg [-L/lib/x86_64-linux-gnu] ==> dir [/lib/x86_64-linux-gnu]
    arg [-L/lib/../lib] ==> dir [/lib/../lib]
    arg [-L/usr/lib/x86_64-linux-gnu] ==> dir [/usr/lib/x86_64-linux-gnu]
    arg [-L/usr/lib/../lib] ==> dir [/usr/lib/../lib]
    arg [-L/usr/lib/gcc/x86_64-linux-gnu/13/../../..] ==> dir [/usr/lib/gcc/x86_64-linux-gnu/13/../../..]
    arg [CMakeFiles/cmTC_77cfc.dir/CMakeCCompilerABI.c.o] ==> ignore
    arg [-lgcc] ==> lib [gcc]
    arg [--push-state] ==> ignore
    arg [--as-needed] ==> ignore
    arg [-lgcc_s] ==> lib [gcc_s]
    arg [--pop-state] ==> ignore
    arg [-lc] ==> lib [c]
    arg [-lgcc] ==> lib [gcc]
    arg [--push-state] ==> ignore
    arg [--as-needed] ==> ignore
    arg [-lgcc_s] ==> lib [gcc_s]
    arg [--pop-state] ==> ignore
    arg [/usr/lib/gcc/x86_64-linux-gnu/13/crtendS.o] ==> ignore
    arg [/usr/lib/gcc/x86_64-linux-gnu/13/../../../x86_64-linux-gnu/crtn.o] ==> ignore
  collapse library dir [/usr/lib/gcc/x86_64-linux-gnu/13] ==> [/usr/lib/gcc/x86_64-linux-gnu/13]
  collapse library dir [/usr/lib/gcc/x86_64-linux-gnu/13/../../../x86_64-linux-gnu] ==> [/usr/lib/x86_64-linux-gnu]
  collapse library dir [/usr/lib/gcc/x86_64-linux-gnu/13/../../../../lib] ==> [/usr/lib]
  collapse library dir [/lib/x86_64-linux-gnu] ==> [/lib/x86_64-linux-gnu]
  collapse library dir [/lib/../lib] ==> [/lib]
  collapse library dir [/usr/lib/x86_64-linux-gnu] ==> [/usr/lib/x86_64-linux-gnu]
  collapse library dir [/usr/lib/../lib] ==> [/usr/lib]
  collapse library dir [/usr/lib/gcc/x86_64-linux-gnu/13/../../..] ==> [/usr/lib]
  implicit libs: [gcc;gcc_s;c;gcc;gcc_s]
  implicit dirs: [/usr/lib/gcc/x86_64-linux-gnu/13;/usr/lib/x86_64-linux-gnu;/usr/lib;/lib/x86_64-linux-gnu;/lib]
  implicit fwks: []


Determining if the CXX compiler works passed with the following output:
Change Dir: /home/dachuo/build/CMakeFiles/CMakeTmp

Run Build Command(s):/usr/bin/make cmTC_be7a2/fast && /usr/bin/make -f CMakeFiles/cmTC_be7a2.dir/build.make CMakeFiles/cmTC_be7a2.dir/build
make[1]: Entering directory '/home/dachuo/build/CMakeFiles/CMakeTmp'
Building CXX object CMakeFiles/cmTC_be7a2.dir/testCXXCompiler.cxx.o
/usr/bin/c++    -std=gnu++2a -o CMakeFiles/cmTC_be7a2.dir/testCXXCompiler.cxx.o -c /home/dachuo/build/CMakeFiles/CMakeTmp/testCXXCompiler.cxx
Linking CXX executable cmTC_be7a2
/usr/bin/cmake -E cmake_link_script CMakeFiles/cmTC_be7a2.dir/link.txt --verbose=1
/usr/bin/c++       CMakeFiles/cmTC_be7a2.dir/testCXXCompiler.cxx.o  -o cmTC_be7a2 
make[1]: Leaving directory '/home/dachuo/build/CMakeFiles/CMakeTmp'



Detecting CXX compiler ABI info compiled with the following output:
Change Dir: /home/dachuo/build/CMakeFiles/CMakeTmp

Run Build Command(s):/usr/bin/make cmTC_10c59/fast && /usr/bin/make -f CMakeFiles/cmTC_10c59.dir/build.make CMakeFiles/cmTC_10c59.dir/build
make[1]: Entering directory '/home/dachuo/build/CMakeFiles/CMakeTmp'
Building CXX object CMakeFiles/cmTC_10c59.dir/CMakeCXXCompilerABI.cpp.o
/usr/bin/c++    -v -std=gnu++2a -o CMakeFiles/cmTC_10c59.dir/CMakeCXXCompilerABI.cpp.o -c /usr/share/cmake-3.16/Modules/CMakeCXXCompilerABI.cpp
Using built-in specs.
COLLECT_GCC=/usr/bin/c++
Target: x86_64-linux-gnu
Configured with: ../src/configure -v --with-pkgversion='Ubuntu 13.1.0-8ubuntu1~20.04.2' --with-bugurl=file:///usr/share/doc/gcc-13/README.Bugs --enable-languages=c,ada,c++,go,d,fortran,objc,obj-c++,m2,rust --prefix=/usr --with-gcc-major-version-only --program-suffix=-13 --program-prefix=x86_64-linux-gnu- --enable-shared --enable-linker-build-id --libexecdir=/usr/libexec --without-included-gettext --enable-threads=posix --libdir=/usr/lib --enable-nls --enable-clocale=gnu --enable-libstdcxx-debug --enable-libstdcxx-time=yes --with-default-libstdcxx-abi=new --enable-gnu-unique-object --disable-vtable-verify --enable-plugin --enable-default-pie --with-system-zlib --enable-libphobos-checking=release --with-target-system-zlib=auto --enable-objc-gc=auto --enable-multiarch --disable-werror --enable-cet --with-arch-32=i686 --with-abi=m64 --with-multilib-list=m32,m64,mx32 --enable-multilib --with-tune=generic --enable-checking=release --build=x86_64-linux-gnu --host=x86_64-linux-gnu --target=x86_64-linux-gnu
Thread model: posix
Supported LTO compression algorithms: zlib zstd
gcc version 13.1.0 (Ubuntu 13.1.0-8ubuntu1~20.04.2) 
COLLECT_GCC_OPTIONS='-v' '-std=gnu++20' '-o' 'CMakeFiles/cmTC_10c59.dir/CMakeCXXCompilerABI.cpp.o' '-c' '-shared-libgcc' '-mtune=generic' '-march=x86-64' '-dumpdir' 'CMakeFiles/cmTC_10c59.dir/'
 /usr/libexec/gcc/x86_64-linux-gnu/13/cc1plus -quiet -v -imultiarch x86_64-linux-gnu -D_GNU_SOURCE /usr/share/cmake-3.16/Modules/CMakeCXXCompilerABI.cpp -quiet -dumpdir CMakeFiles/cmTC_10c59.dir/ -dumpbase CMakeCXXCompilerABI.cpp.cpp -dumpbase-ext .cpp -mtune=generic -march=x86-64 -std=gnu++20 -version -fasynchronous-unwind-tables -fstack-protector-strong -Wformat -Wformat-security -fstack-clash-protection -fcf-protection -o /tmp/ccKbl2oP.s
GNU C++20 (Ubuntu 13.1.0-8ubuntu1~20.04.2) version 13.1.0 (x86_64-linux-gnu)
	compiled by GNU C version 13.1.0, GMP version 6.2.0, MPFR version 4.0.2, MPC version 1.1.0, isl version isl-0.22.1-GMP

GGC heuristics: --param ggc-min-expand=100 --param ggc-min-heapsize=131072
ignoring duplicate directory "/usr/include/x86_64-linux-gnu/c++/13"
ignoring nonexistent directory "/usr/local/include/x86_64-linux-gnu"
ignoring nonexistent directory "/usr/lib/gcc/x86_64-linux-gnu/13/include-fixed/x86_64-linux-gnu"
ignoring nonexistent directory "/usr/lib/gcc/x86_64-linux-gnu/13/include-fixed"
ignoring nonexistent directory "/usr/lib/gcc/x86_64-linux-gnu/13/../../../../x86_64-linux-gnu/include"
#include "..." search starts here:
#include <...> search starts here:
 /usr/include/c++/13
 /usr/include/x86_64-linux-gnu/c++/13
 /usr/include/c++/13/backward
 /usr/lib/gcc/x86_64-linux-gnu/13/include
 /usr/local/include
 /usr/include/x86_64-linux-gnu
 /usr/include
End of search list.
Compiler executable checksum: 391880e3be75f4e1ac78bddcb50fff0c
COLLECT_GCC_OPTIONS='-v' '-std=gnu++20' '-o' 'CMakeFiles/cmTC_10c59.dir/CMakeCXXCompilerABI.cpp.o' '-c' '-shared-libgcc' '-mtune=generic' '-march=x86-64' '-dumpdir' 'CMakeFiles/cmTC_10c59.dir/'
 as -v --64 -o CMakeFiles/cmTC_10c59.dir/CMakeCXXCompilerABI.cpp.o /tmp/ccKbl2oP.s
GNU assembler version 2.34 (x86_64-linux-gnu) using BFD version (GNU Binutils for Ubuntu) 2.34
COMPILER_PATH=/usr/libexec/gcc/x86_64-linux-gnu/13/:/usr/libexec/gcc/x86_64-linux-gnu/13/:/usr/libexec/gcc/x86_64-linux-gnu/:/usr/lib/gcc/x86_64-linux-gnu/13/:/usr/lib/gcc/x86_64-linux-gnu/
LIBRARY_PATH=/usr/lib/gcc/x86_64-linux-gnu/13/:/usr/lib/gcc/x86_64-linux-gnu/13/../../../x86_64-linux-gnu/:/usr/lib/gcc/x86_64-linux-gnu/13/../../../../lib/:/lib/x86_64-linux-gnu/:/lib/../lib/:/usr/lib/x86_64-linux-gnu/:/usr/lib/../lib/:/usr/lib/gcc/x86_64-linux-gnu/13/../../../:/lib/:/usr/lib/
COLLECT_GCC_OPTIONS='-v' '-std=gnu++20' '-o' 'CMakeFiles/cmTC_10c59.dir/CMakeCXXCompilerABI.cpp.o' '-c' '-shared-libgcc' '-mtune=generic' '-march=x86-64' '-dumpdir' 'CMakeFiles/cmTC_10c59.dir/CMakeCXXCompilerABI.cpp.'
Linking CXX executable cmTC_10c59
/usr/bin/cmake -E cmake_link_script CMakeFiles/cmTC_10c59.dir/link.txt --verbose=1
/usr/bin/c++      -v CMakeFiles/cmTC_10c59.dir/CMakeCXXCompilerABI.cpp.o  -o cmTC_10c59 
Using built-in specs.
COLLECT_GCC=/usr/bin/c++
COLLECT_LTO_WRAPPER=/usr/libexec/gcc/x86_64-linux-gnu/13/lto-wrapper
Target: x86_64-linux-gnu
Configured with: ../src/configure -v --with-pkgversion='Ubuntu 13.1.0-8ubuntu1~20.04.2' --with-bugurl=file:///usr/share/doc/gcc-13/README.Bugs --enable-languages=c,ada,c++,go,d,fortran,objc,obj-c++,m2,rust --prefix=/usr --with-gcc-major-version-only --program-suffix=-13 --program-prefix=x86_64-linux-gnu- --enable-shared --enable-linker-build-id --libexecdir=/usr/libexec --without-included-gettext --enable-threads=posix --libdir=/usr/lib --enable-nls --enable-clocale=gnu --enable-libstdcxx-debug --enable-libstdcxx-time=yes --with-default-libstdcxx-abi=new --enable-gnu-unique-object --disable-vtable-verify --enable-plugin --enable-default-pie --with-system-zlib --enable-libphobos-checking=release --with-target-system-zlib=auto --enable-objc-gc=auto --enable-multiarch --disable-werror --enable-cet --with-arch-32=i686 --with-abi=m64 --with-multilib-list=m32,m64,mx32 --enable-multilib --with-tune=generic --enable-checking=release --build=x86_64-linux-gnu --host=x86_64-linux-gnu --target=x86_64-linux-gnu
Thread model: posix
Supported LTO compression algorithms: zlib zstd
gcc version 13.1.0 (Ubuntu 13.1.0-8ubuntu1~20.04.2) 
COMPILER_PATH=/usr/libexec/gcc/x86_64-linux-gnu/13/:/usr/libexec/gcc/x86_64-linux-gnu/13/:/usr/libexec/gcc/x86_64-linux-gnu/:/usr/lib/gcc/x86_64-linux-gnu/13/:/usr/lib/gcc/x86_64-linux-gnu/
LIBRARY_PATH=/usr/lib/gcc/x86_64-linux-gnu/13/:/usr/lib/gcc/x86_64-linux-gnu/13/../../../x86_64-linux-gnu/:/usr/lib/gcc/x86_64-linux-gnu/13/../../../../lib/:/lib/x86_64-linux-gnu/:/lib/../lib/:/usr/lib/x86_64-linux-gnu/:/usr/lib/../lib/:/usr/lib/gcc/x86_64-linux-gnu/13/../../../:/lib/:/usr/lib/
COLLECT_GCC_OPTIONS='-v' '-o' 'cmTC_10c59' '-shared-libgcc' '-mtune=generic' '-march=x86-64' '-dumpdir' 'cmTC_10c59.'
 /usr/libexec/gcc/x86_64-linux-gnu/13/collect2 -plugin /usr/libexec/gcc/x86_64-linux-gnu/13/liblto_plugin.so -plugin-opt=/usr/libexec/gcc/x86_64-linux-gnu/13/lto-wrapper -plugin-opt=-fresolution=/tmp/ccuAJKQg.res -plugin-opt=-pass-through=-lgcc_s -plugin-opt=-pass-through=-lgcc -plugin-opt=-pass-through=-lc -plugin-opt=-pass-through=-lgcc_s -plugin-opt=-pass-through=-lgcc --build-id --eh-frame-hdr -m elf_x86_64 --hash-style=gnu --as-needed -dynamic-linker /lib64/ld-linux-x86-64.so.2 -pie -z now -z relro -o cmTC_10c59 /usr/lib/gcc/x86_64-linux-gnu/13/../../../x86_64-linux-gnu/Scrt1.o /usr/lib/gcc/x86_64-linux-gnu/13/../../../x86_64-linux-gnu/crti.o /usr/lib/gcc/x86_64-linux-gnu/13/crtbeginS.o -L/usr/lib/gcc/x86_64-linux-gnu/13 -L/usr/lib/gcc/x86_64-linux-gnu/13/../../../x86_64-linux-gnu -L/usr/lib/gcc/x86_64-linux-gnu/13/../../../../lib -L/lib/x86_64-linux-gnu -L/lib/../lib -L/usr/lib/x86_64-linux-gnu -L/usr/lib/../lib -L/usr/lib/gcc/x86_64-linux-gnu/13/../../.. CMakeFiles/cmTC_10c59.dir/CMakeCXXCompilerABI.cpp.o -lstdc++ -lm -lgcc_s -lgcc -lc -lgcc_s -lgcc /usr/lib/gcc/x86_64-linux-gnu/13/crtendS.o /usr/lib/gcc/x86_64-linux-gnu/13/../../../x86_64-linux-gnu/crtn.o
COLLECT_GCC_OPTIONS='-v' '-o' 'cmTC_10c59' '-shared-libgcc' '-mtune=generic' '-march=x86-64' '-dumpdir' 'cmTC_10c59.'
make[1]: Leaving directory '/home/dachuo/build/CMakeFiles/CMakeTmp'



Parsed CXX implicit include dir info from above output: rv=done
  found start of include info
  found start of implicit include info
    add: [/usr/include/c++/13]
    add: [/usr/include/x86_64-linux-gnu/c++/13]
    add: [/usr/include/c++/13/backward]
    add: [/usr/lib/gcc/x86_64-linux-gnu/13/include]
    add: [/usr/local/include]
    add: [/usr/include/x86_64-linux-gnu]
    add: [/usr/include]
  end of search list found
  collapse include dir [/usr/include/c++/13] ==> [/usr/include/c++/13]
  collapse include dir [/usr/include/x86_64-linux-gnu/c++/13] ==> [/usr/include/x86_64-linux-gnu/c++/13]
  collapse include dir [/usr/include/c++/13/backward] ==> [/usr/include/c++/13/backward]
  collapse include dir [/usr/lib/gcc/x86_64-linux-gnu/13/include] ==> [/usr/lib/gcc/x86_64-linux-gnu/13/include]
  collapse include dir [/usr/local/include] ==> [/usr/local/include]
  collapse include dir [/usr/include/x86_64-linux-gnu] ==> [/usr/include/x86_64-linux-gnu]
  collapse include dir [/usr/include] ==> [/usr/include]
  implicit include dirs: [/usr/include/c++/13;/usr/include/x86_64-linux-gnu/c++/13;/usr/include/c++/13/backward;/usr/lib/gcc/x86_64-linux-gnu/13/include;/usr/local/include;/usr/include/x86_64-linux-gnu;/usr/include]


Parsed CXX implicit link information from above output:
  link line regex: [^( *|.*[/\])(ld|CMAKE_LINK_STARTFILE-NOTFOUND|([^/\]+-)?ld|collect2)[^/\]*( |$)]
  ignore line: [Change Dir: /home/dachuo/build/CMakeFiles/CMakeTmp]
  ignore line: []
  ignore line: [Run Build Command(s):/usr/bin/make cmTC_10c59/fast && /usr/bin/make -f CMakeFiles/cmTC_10c59.dir/build.make CMakeFiles/cmTC_10c59.dir/build]
  ignore line: [make[1]: Entering directory '/home/dachuo/build/CMakeFiles/CMakeTmp']
  ignore line: [Building CXX object CMakeFiles/cmTC_10c59.dir/CMakeCXXCompilerABI.cpp.o]
  ignore line: [/usr/bin/c++    -v -std=gnu++2a -o CMakeFiles/cmTC_10c59.dir/CMakeCXXCompilerABI.cpp.o -c /usr/share/cmake-3.16/Modules/CMakeCXXCompilerABI.cpp]
  ignore line: [Using built-in specs.]
  ignore line: [COLLECT_GCC=/usr/bin/c++]
  ignore line: [Target: x86_64-linux-gnu]
  ignore line: [Configured with: ../src/configure -v --with-pkgversion='Ubuntu 13.1.0-8ubuntu1~20.04.2' --with-bugurl=file:///usr/share/doc/gcc-13/README.Bugs --enable-languages=c ada c++ go d fortran objc obj-c++ m2 rust --prefix=/usr --with-gcc-major-version-only --program-suffix=-13 --program-prefix=x86_64-linux-gnu- --enable-shared --enable-linker-build-id --libexecdir=/usr/libexec --without-included-gettext --enable-threads=posix --libdir=/usr/lib --enable-nls --enable-clocale=gnu --enable-libstdcxx-debug --enable-libstdcxx-time=yes --with-default-libstdcxx-abi=new --enable-gnu-unique-object --disable-vtable-verify --enable-plugin --enable-default-pie --with-system-zlib --enable-libphobos-checking=release --with-target-system-zlib=auto --enable-objc-gc=auto --enable-multiarch --disable-werror --enable-cet --with-arch-32=i686 --with-abi=m64 --with-multilib-list=m32 m64 mx32 --enable-multilib --with-tune=generic --enable-checking=release --build=x86_64-linux-gnu --host=x86_64-linux-gnu --target=x86_64-linux-gnu]
  ignore line: [Thread model: posix]
  ignore line: [Supported LTO compression algorithms: zlib zstd]
  ignore line: [gcc version 13.1.0 (Ubuntu 13.1.0-8ubuntu1~20.04.2) ]
  ignore line: [COLLECT_GCC_OPTIONS='-v' '-std=gnu++20' '-o' 'CMakeFiles/cmTC_10c59.dir/CMakeCXXCompilerABI.cpp.o' '-c' '-shared-libgcc' '-mtune=generic' '-march=x86-64' '-dumpdir' 'CMakeFiles/cmTC_10c59.dir/']
  ignore line: [ /usr/libexec/gcc/x86_64-linux-gnu/13/cc1plus -quiet -v -imultiarch x86_64-linux-gnu -D_GNU_SOURCE /usr/share/cmake-3.16/Modules/CMakeCXXCompilerABI.cpp -quiet -dumpdir CMakeFiles/cmTC_10c59.dir/ -dumpbase CMakeCXXCompilerABI.cpp.cpp -dumpbase-ext .cpp -mtune=generic -march=x86-64 -std=gnu++20 -version -fasynchronous-unwind-tables -fstack-protector-strong -Wformat -Wformat-security -fstack-clash-protection -fcf-protection -o /tmp/ccKbl2oP.s]
  ignore line: [GNU C++20 (Ubuntu 13.1.0-8ubuntu1~20.04.2) version 13.1.0 (x86_64-linux-gnu)]
  ignore line: [	compiled by GNU C version 13.1.0  GMP version 6.2.0  MPFR version 4.0.2  MPC version 1.1.0  isl version isl-0.22.1-GMP]
  ignore line: []
  ignore line: [GGC heuristics: --param ggc-min-expand=100 --param ggc-min-heapsize=131072]
  ignore line: [ignoring duplicate directory "/usr/include/x86_64-linux-gnu/c++/13"]
  ignore line: [ignoring nonexistent directory "/usr/local/include/x86_64-linux-gnu"]
  ignore line: [ignoring nonexistent directory "/usr/lib/gcc/x86_64-linux-gnu/13/include-fixed/x86_64-linux-gnu"]
  ignore line: [ignoring nonexistent directory "/usr/lib/gcc/x86_64-linux-gnu/13/include-fixed"]
  ignore line: [ignoring nonexistent directory "/usr/lib/gcc/x86_64-linux-gnu/13/../../../../x86_64-linux-gnu/include"]
  ignore line: [#include "..." search starts here:]
  ignore line: [#include <...> search starts here:]
  ignore line: [ /usr/include/c++/13]
  ignore line: [ /usr/include/x86_64-linux-gnu/c++/13]
  ignore line: [ /usr/include/c++/13/backward]
  ignore line: [ /usr/lib/gcc/x86_64-linux-gnu/13/include]
  ignore line: [ /usr/local/include]
  ignore line: [ /usr/include/x86_64-linux-gnu]
  ignore line: [ /usr/include]
  ignore line: [End of search list.]
  ignore line: [Compiler executable checksum: 391880e3be75f4e1ac78bddcb50fff0c]
  ignore line: [COLLECT_GCC_OPTIONS='-v' '-std=gnu++20' '-o' 'CMakeFiles/cmTC_10c59.dir/CMakeCXXCompilerABI.cpp.o' '-c' '-shared-libgcc' '-mtune=generic' '-march=x86-64' '-dumpdir' 'CMakeFiles/cmTC_10c59.dir/']
  ignore line: [ as -v --64 -o CMakeFiles/cmTC_10c59.dir/CMakeCXXCompilerABI.cpp.o /tmp/ccKbl2oP.s]
  ignore line: [GNU assembler version 2.34 (x86_64-linux-gnu) using BFD version (GNU Binutils for Ubuntu) 2.34]
  ignore line: [COMPILER_PATH=/usr/libexec/gcc/x86_64-linux-gnu/13/:/usr/libexec/gcc/x86_64-linux-gnu/13/:/usr/libexec/gcc/x86_64-linux-gnu/:/usr/lib/gcc/x86_64-linux-gnu/13/:/usr/lib/gcc/x86_64-linux-gnu/]
  ignore line: [LIBRARY_PATH=/usr/lib/gcc/x86_64-linux-gnu/13/:/usr/lib/gcc/x86_64-linux-gnu/13/../../../x86_64-linux-gnu/:/usr/lib/gcc/x86_64-linux-gnu/13/../../../../lib/:/lib/x86_64-linux-gnu/:/lib/../lib/:/usr/lib/x86_64-linux-gnu/:/usr/lib/../lib/:/usr/lib/gcc/x86_64-linux-gnu/13/../../../:/lib/:/usr/lib/]
  ignore line: [COLLECT_GCC_OPTIONS='-v' '-std=gnu++20' '-o' 'CMakeFiles/cmTC_10c59.dir/CMakeCXXCompilerABI.cpp.o' '-c' '-shared-libgcc' '-mtune=generic' '-march=x86-64' '-dumpdir' 'CMakeFiles/cmTC_10c59.dir/CMakeCXXCompilerABI.cpp.']
  ignore line: [Linking CXX executable cmTC_10c59]
  ignore line: [/usr/bin/cmake -E cmake_link_script CMakeFiles/cmTC_10c59.dir/link.txt --verbose=1]
  ignore line: [/usr/bin/c++      -v CMakeFiles/cmTC_10c59.dir/CMakeCXXCompilerABI.cpp.o  -o cmTC_10c59 ]
  ignore line: [Using built-in specs.]
  ignore line: [COLLECT_GCC=/usr/bin/c++]
  ignore line: [COLLECT_LTO_WRAPPER=/usr/libexec/gcc/x86_64-linux-gnu/13/lto-wrapper]
  ignore line: [Target: x86_64-linux-gnu]
  ignore line: [Configured with: ../src/configure -v --with-pkgversion='Ubuntu 13.1.0-8ubuntu1~20.04.2' --with-bugurl=file:///usr/share/doc/gcc-13/README.Bugs --enable-languages=c ada c++ go d fortran objc obj-c++ m2 rust --prefix=/usr --with-gcc-major-version-only --program-suffix=-13 --program-prefix=x86_64-linux-gnu- --enable-shared --enable-linker-build-id --libexecdir=/usr/libexec --without-included-gettext --enable-threads=posix --libdir=/usr/lib --enable-nls --enable-clocale=gnu --enable-libstdcxx-debug --enable-libstdcxx-time=yes --with-default-libstdcxx-abi=new --enable-gnu-unique-object --disable-vtable-verify --enable-plugin --enable-default-pie --with-system-zlib --enable-libphobos-checking=release --with-target-system-zlib=auto --enable-objc-gc=auto --enable-multiarch --disable-werror --enable-cet --with-arch-32=i686 --with-abi=m64 --with-multilib-list=m32 m64 mx32 --enable-multilib --with-tune=generic --enable-checking=release --build=x86_64-linux-gnu --host=x86_64-linux-gnu --target=x86_64-linux-gnu]
  ignore line: [Thread model: posix]
  ignore line: [Supported LTO compression algorithms: zlib zstd]
  ignore line: [gcc version 13.1.0 (Ubuntu 13.1.0-8ubuntu1~20.04.2) ]
  ignore line: [COMPILER_PATH=/usr/libexec/gcc/x86_64-linux-gnu/13/:/usr/libexec/gcc/x86_64-linux-gnu/13/:/usr/libexec/gcc/x86_64-linux-gnu/:/usr/lib/gcc/x86_64-linux-gnu/13/:/usr/lib/gcc/x86_64-linux-gnu/]
  ignore line: [LIBRARY_PATH=/usr/lib/gcc/x86_64-linux-gnu/13/:/usr/lib/gcc/x86_64-linux-gnu/13/../../../x86_64-linux-gnu/:/usr/lib/gcc/x86_64-linux-gnu/13/../../../../lib/:/lib/x86_64-linux-gnu/:/lib/../lib/:/usr/lib/x86_64-linux-gnu/:/usr/lib/../lib/:/usr/lib/gcc/x86_64-linux-gnu/13/../../../:/lib/:/usr/lib/]
  ignore line: [COLLECT_GCC_OPTIONS='-v' '-o' 'cmTC_10c59' '-shared-libgcc' '-mtune=generic' '-march=x86-64' '-dumpdir' 'cmTC_10c59.']
  link line: [ /usr/libexec/gcc/x86_64-linux-gnu/13/collect2 -plugin /usr/libexec/gcc/x86_64-linux-gnu/13/liblto_plugin.so -plugin-opt=/usr/libexec/gcc/x86_64-linux-gnu/13/lto-wrapper -plugin-opt=-fresolution=/tmp/ccuAJKQg.res -plugin-opt=-pass-through=-lgcc_s -plugin-opt=-pass-through=-lgcc -plugin-opt=-pass-through=-lc -plugin-opt=-pass-through=-lgcc_s -plugin-opt=-pass-through=-lgcc --build-id --eh-frame-hdr -m elf_x86_64 --hash-style=gnu --as-needed -dynamic-linker /lib64/ld-linux-x86-64.so.2 -pie -z now -z relro -o cmTC_10c59 /usr/lib/gcc/x86_64-linux-gnu/13/../../../x86_64-linux-gnu/Scrt1.o /usr/lib/gcc/x86_64-linux-gnu/13/../../../x86_64-linux-gnu/crti.o /usr/lib/gcc/x86_64-linux-gnu/13/crtbeginS.o -L/usr/lib/gcc/x86_64-linux-gnu/13 -L/usr/lib/gcc/x86_64-linux-gnu/13/../../../x86_64-linux-gnu -L/usr/lib/gcc/x86_64-linux-gnu/13/../../../../lib -L/lib/x86_64-linux-gnu -L/lib/../lib -L/usr/lib/x86_64-linux-gnu -L/usr/lib/../lib -L/usr/lib/gcc/x86_64-linux-gnu/13/../../.. CMakeFiles/cmTC_10c59.dir/CMakeCXXCompilerABI.cpp.o -lstdc++ -lm -lgcc_s -lgcc -lc -lgcc_s -lgcc /usr/lib/gcc/x86_64-linux-gnu/13/crtendS.o /usr/lib/gcc/x86_64-linux-gnu/13/../../../x86_64-linux-gnu/crtn.o]
    arg [/usr/libexec/gcc/x86_64-linux-gnu/13/collect2] ==> ignore
    arg [-plugin] ==> ignore
    arg [/usr/libexec/gcc/x86_64-linux-gnu/13/liblto_plugin.so] ==> ignore
    arg [-plugin-opt=/usr/libexec/gcc/x86_64-linux-gnu/13/lto-wrapper] ==> ignore
    arg [-plugin-opt=-fresolution=/tmp/ccuAJKQg.res] ==> ignore
    arg [-plugin-opt=-pass-through=-lgcc_s] ==> ignore
    arg [-plugin-opt=-pass-through=-lgcc] ==> ignore
    arg [-plugin-opt=-pass-through=-lc] ==> ignore
    arg [-plugin-opt=-pass-through=-lgcc_s] ==> ignore
    arg [-plugin-opt=-pass-through=-lgcc] ==> ignore
    arg [--build-id] ==> ignore
    arg [--eh-frame-hdr] ==> ignore
    arg [-m] ==> ignore
    arg [elf_x86_64] ==> ignore
    arg [--hash-style=gnu] ==> ignore
    arg [--as-needed] ==> ignore
    arg [-dynamic-linker] ==> ignore
    arg [/lib64/ld-linux-x86-64.so.2] ==> ignore
    arg [-pie] ==> ignore
    arg [-znow] ==> ignore
    arg [-zrelro] ==> ignore
    arg [-o] ==> ignore
    arg [cmTC_10c59] ==> ignore
    arg [/usr/lib/gcc/x86_64-linux-gnu/13/../../../x86_64-linux-gnu/Scrt1.o] ==> ignore
    arg [/usr/lib/gcc/x86_64-linux-gnu/13/../../../x86_64-linux-gnu/crti.o] ==> ignore
    arg [/usr/lib/gcc/x86_64-linux-gnu/13/crtbeginS.o] ==> ignore
    arg [-L/usr/lib/gcc/x86_64-linux-gnu/13] ==> dir [/usr/lib/gcc/x86_64-linux-gnu/13]
    arg [-L/usr/lib/gcc/x86_64-linux-gnu/13/../../../x86_64-linux-gnu] ==> dir [/usr/lib/gcc/x86_64-linux-gnu/13/../../../x86_64-linux-gnu]
    arg [-L/usr/lib/gcc/x86_64-linux-gnu/13/../../../../lib] ==> dir [/usr/lib/gcc/x86_64-linux-gnu/13/../../../../lib]
    arg [-L/lib/x86_64-linux-gnu] ==> dir [/lib/x86_64-linux-gnu]
    arg [-L/lib/../lib] ==> dir [/lib/../lib]
    arg [-L/usr/lib/x86_64-linux-gnu] ==> dir [/usr/lib/x86_64-linux-gnu]
    arg [-L/usr/lib/../lib] ==> dir [/usr/lib/../lib]
    arg [-L/usr/lib/gcc/x86_64-linux-gnu/13/../../..] ==> dir [/usr/lib/gcc/x86_64-linux-gnu/13/../../..]
    arg [CMakeFiles/cmTC_10c59.dir/CMakeCXXCompilerABI.cpp.o] ==> ignore
    arg [-lstdc++] ==> lib [stdc++]
    arg [-lm] ==> lib [m]
    arg [-lgcc_s] ==> lib [gcc_s]
    arg [-lgcc] ==> lib [gcc]
    arg [-lc] ==> lib [c]
    arg [-lgcc_s] ==> lib [gcc_s]
    arg [-lgcc] ==> lib [gcc]
    arg [/usr/lib/gcc/x86_64-linux-gnu/13/crtendS.o] ==> ignore
    arg [/usr/lib/gcc/x86_64-linux-gnu/13/../../../x86_64-linux-gnu/crtn.o] ==> ignore
  collapse library dir [/usr/lib/gcc/x86_64-linux-gnu/13] ==> [/usr/lib/gcc/x86_64-linux-gnu/13]
  collapse library dir [/usr/lib/gcc/x86_64-linux-gnu/13/../../../x86_64-linux-gnu] ==> [/usr/lib/x86_64-linux-gnu]
  collapse library dir [/usr/lib/gcc/x86_64-linux-gnu/13/../../../../lib] ==> [/usr/lib]
  collapse library dir [/lib/x86_64-linux-gnu] ==> [/lib/x86_64-linux-gnu]
  collapse library dir [/lib/../lib] ==> [/lib]
  collapse library dir [/usr/lib/x86_64-linux-gnu] ==> [/usr/lib/x86_64-linux-gnu]
  collapse library dir [/usr/lib/../lib] ==> [/usr/lib]
  collapse library dir [/usr/lib/gcc/x86_64-linux-gnu/13/../../..] ==> [/usr/lib]
  implicit libs: [stdc++;m;gcc_s;gcc;c;gcc_s;gcc]
  implicit dirs: [/usr/lib/gcc/x86_64-linux-gnu/13;/usr/lib/x86_64-linux-gnu;/usr/lib;/lib/x86_64-linux-gnu;/lib]
  implicit fwks: []


The system is: Linux - 4.4.0-19041-Microsoft - x86_64
Compiling the C compiler identification source file "CMakeCCompilerId.c" succeeded.
Compiler: /usr/bin/cc 
Build flags: 
Id flags:  

The output was:
0


Compilation of the C compiler identification source "CMakeCCompilerId.c" produced "a.out"

The C compiler identification is GNU, found in "/home/dachuo/build/CMakeFiles/3.16.3/CompilerIdC/a.out"

Compiling the CXX compiler identification source file "CMakeCXXCompilerId.cpp" succeeded.
Compiler: /usr/bin/c++ 
Build flags: 
Id flags:  

The output was:
0


Compilation of the CXX compiler identification source "CMakeCXXCompilerId.cpp" produced "a.out"

The CXX compiler identification is GNU, found in "/home/dachuo/build/CMakeFiles/3.16.3/CompilerIdCXX/a.out"

Determining if the C compiler works passed with the following output:
Change Dir: /home/dachuo/build/CMakeFiles/CMakeTmp

Run Build Command(s):/usr/bin/make cmTC_d51e5/fast && /usr/bin/make -f CMakeFiles/cmTC_d51e5.dir/build.make CMakeFiles/cmTC_d51e5.dir/build
make[1]: Entering directory '/home/dachuo/build/CMakeFiles/CMakeTmp'
Building C object CMakeFiles/cmTC_d51e5.dir/testCCompiler.c.o
/usr/bin/cc    -o CMakeFiles/cmTC_d51e5.dir/testCCompiler.c.o   -c /home/dachuo/build/CMakeFiles/CMakeTmp/testCCompiler.c
Linking C executable cmTC_d51e5
/usr/bin/cmake -E cmake_link_script CMakeFiles/cmTC_d51e5.dir/link.txt --verbose=1
/usr/bin/cc      CMakeFiles/cmTC_d51e5.dir/testCCompiler.c.o  -o cmTC_d51e5 
make[1]: Leaving directory '/home/dachuo/build/CMakeFiles/CMakeTmp'



Detecting C compiler ABI info compiled with the following output:
Change Dir: /home/dachuo/build/CMakeFiles/CMakeTmp

Run Build Command(s):/usr/bin/make cmTC_201fb/fast && /usr/bin/make -f CMakeFiles/cmTC_201fb.dir/build.make CMakeFiles/cmTC_201fb.dir/build
make[1]: Entering directory '/home/dachuo/build/CMakeFiles/CMakeTmp'
Building C object CMakeFiles/cmTC_201fb.dir/CMakeCCompilerABI.c.o
/usr/bin/cc   -v -o CMakeFiles/cmTC_201fb.dir/CMakeCCompilerABI.c.o   -c /usr/share/cmake-3.16/Modules/CMakeCCompilerABI.c
Using built-in specs.
COLLECT_GCC=/usr/bin/cc
Target: x86_64-linux-gnu
Configured with: ../src/configure -v --with-pkgversion='Ubuntu 13.1.0-8ubuntu1~20.04.2' --with-bugurl=file:///usr/share/doc/gcc-13/README.Bugs --enable-languages=c,ada,c++,go,d,fortran,objc,obj-c++,m2,rust --prefix=/usr --with-gcc-major-version-only --program-suffix=-13 --program-prefix=x86_64-linux-gnu- --enable-shared --enable-linker-build-id --libexecdir=/usr/libexec --without-included-gettext --enable-threads=posix --libdir=/usr/lib --enable-nls --enable-clocale=gnu --enable-libstdcxx-debug --enable-libstdcxx-time=yes --with-default-libstdcxx-abi=new --enable-gnu-unique-object --disable-vtable-verify --enable-plugin --enable-default-pie --with-system-zlib --enable-libphobos-checking=release --with-target-system-zlib=auto --enable-objc-gc=auto --enable-multiarch --disable-werror --enable-cet --with-arch-32=i686 --with-abi=m64 --with-multilib-list=m32,m64,mx32 --enable-multilib --with-tune=generic --enable-checking=release --build=x86_64-linux-gnu --host=x86_64-linux-gnu --target=x86_64-linux-gnu
Thread model: posix
Supported LTO compression algorithms: zlib zstd
gcc version 13.1.0 (Ubuntu 13.1.0-8ubuntu1~20.04.2) 
COLLECT_GCC_OPTIONS='-v' '-o' 'CMakeFiles/cmTC_201fb.dir/CMakeCCompilerABI.c.o' '-c' '-mtune=generic' '-march=x86-64' '-dumpdir' 'CMakeFiles/cmTC_201fb.dir/'
 /usr/libexec/gcc/x86_64-linux-gnu/13/cc1 -quiet -v -imultiarch x86_64-linux-gnu /usr/share/cmake-3.16/Modules/CMakeCCompilerABI.c -quiet -dumpdir CMakeFiles/cmTC_201fb.dir/ -dumpbase CMakeCCompilerABI.c.c -dumpbase-ext .c -mtune=generic -march=x86-64 -version -fasynchronous-unwind-tables -fstack-protector-strong -Wformat -Wformat-security -fstack-clash-protection -fcf-protection -o /tmp/ccfzVYD1.s
GNU C17 (Ubuntu 13.1.0-8ubuntu1~20.04.2) version 13.1.0 (x86_64-linux-gnu)
	compiled by GNU C version 13.1.0, GMP version 6.2.0, MPFR version 4.0.2, MPC version 1.1.0, isl version isl-0.22.1-GMP

GGC heuristics: --param ggc-min-expand=100 --param ggc-min-heapsize=131072
ignoring nonexistent directory "/usr/local/include/x86_64-linux-gnu"
ignoring nonexistent directory "/usr/lib/gcc/x86_64-linux-gnu/13/include-fixed/x86_64-linux-gnu"
ignoring nonexistent directory "/usr/lib/gcc/x86_64-linux-gnu/13/include-fixed"
ignoring nonexistent directory "/usr/lib/gcc/x86_64-linux-gnu/13/../../../../x86_64-linux-gnu/include"
#include "..." search starts here:
#include <...> search starts here:
 /usr/lib/gcc/x86_64-linux-gnu/13/include
 /usr/local/include
 /usr/include/x86_64-linux-gnu
 /usr/include
End of search list.
Compiler executable checksum: f0b3c90e0f11c3d406d33a12053911f6
COLLECT_GCC_OPTIONS='-v' '-o' 'CMakeFiles/cmTC_201fb.dir/CMakeCCompilerABI.c.o' '-c' '-mtune=generic' '-march=x86-64' '-dumpdir' 'CMakeFiles/cmTC_201fb.dir/'
 as -v --64 -o CMakeFiles/cmTC_201fb.dir/CMakeCCompilerABI.c.o /tmp/ccfzVYD1.s
GNU assembler version 2.34 (x86_64-linux-gnu) using BFD version (GNU Binutils for Ubuntu) 2.34
COMPILER_PATH=/usr/libexec/gcc/x86_64-linux-gnu/13/:/usr/libexec/gcc/x86_64-linux-gnu/13/:/usr/libexec/gcc/x86_64-linux-gnu/:/usr/lib/gcc/x86_64-linux-gnu/13/:/usr/lib/gcc/x86_64-linux-gnu/
LIBRARY_PATH=/usr/lib/gcc/x86_64-linux-gnu/13/:/usr/lib/gcc/x86_64-linux-gnu/13/../../../x86_64-linux-gnu/:/usr/lib/gcc/x86_64-linux-gnu/13/../../../../lib/:/lib/x86_64-linux-gnu/:/lib/../lib/:/usr/lib/x86_64-linux-gnu/:/usr/lib/../lib/:/usr/lib/gcc/x86_64-linux-gnu/13/../../../:/lib/:/usr/lib/
COLLECT_GCC_OPTIONS='-v' '-o' 'CMakeFiles/cmTC_201fb.dir/CMakeCCompilerABI.c.o' '-c' '-mtune=generic' '-march=x86-64' '-dumpdir' 'CMakeFiles/cmTC_201fb.dir/CMakeCCompilerABI.c.'
Linking C executable cmTC_201fb
/usr/bin/cmake -E cmake_link_script CMakeFiles/cmTC_201fb.dir/link.txt --verbose=1
/usr/bin/cc     -v CMakeFiles/cmTC_201fb.dir/CMakeCCompilerABI.c.o  -o cmTC_201fb 
Using built-in specs.
COLLECT_GCC=/usr/bin/cc
COLLECT_LTO_WRAPPER=/usr/libexec/gcc/x86_64-linux-gnu/13/lto-wrapper
Target: x86_64-linux-gnu
Configured with: ../src/configure -v --with-pkgversion='Ubuntu 13.1.0-8ubuntu1~20.04.2' --with-bugurl=file:///usr/share/doc/gcc-13/README.Bugs --enable-languages=c,ada,c++,go,d,fortran,objc,obj-c++,m2,rust --prefix=/usr --with-gcc-major-version-only --program-suffix=-13 --program-prefix=x86_64-linux-gnu- --enable-shared --enable-linker-build-id --libexecdir=/usr/libexec --without-included-gettext --enable-threads=posix --libdir=/usr/lib --enable-nls --enable-clocale=gnu --enable-libstdcxx-debug --enable-libstdcxx-time=yes --with-default-libstdcxx-abi=new --enable-gnu-unique-object --disable-vtable-verify --enable-plugin --enable-default-pie --with-system-zlib --enable-libphobos-checking=release --with-target-system-zlib=auto --enable-objc-gc=auto --enable-multiarch --disable-werror --enable-cet --with-arch-32=i686 --with-abi=m64 --with-multilib-list=m32,m64,mx32 --enable-multilib --with-tune=generic --enable-checking=release --build=x86_64-linux-gnu --host=x86_64-linux-gnu --target=x86_64-linux-gnu
Thread model: posix
Supported LTO compression algorithms: zlib zstd
gcc version 13.1.0 (Ubuntu 13.1.0-8ubuntu1~20.04.2) 
COMPILER_PATH=/usr/libexec/gcc/x86_64-linux-gnu/13/:/usr/libexec/gcc/x86_64-linux-gnu/13/:/usr/libexec/gcc/x86_64-linux-gnu/:/usr/lib/gcc/x86_64-linux-gnu/13/:/usr/lib/gcc/x86_64-linux-gnu/
LIBRARY_PATH=/usr/lib/gcc/x86_64-linux-gnu/13/:/usr/lib/gcc/x86_64-linux-gnu/13/../../../x86_64-linux-gnu/:/usr/lib/gcc/x86_64-linux-gnu/13/../../../../lib/:/lib/x86_64-linux-gnu/:/lib/../lib/:/usr/lib/x86_64-linux-gnu/:/usr/lib/../lib/:/usr/lib/gcc/x86_64-linux-gnu/13/../../../:/lib/:/usr/lib/
COLLECT_GCC_OPTIONS='-v' '-o' 'cmTC_201fb' '-mtune=generic' '-march=x86-64' '-dumpdir' 'cmTC_201fb.'
 /usr/libexec/gcc/x86_64-linux-gnu/13/collect2 -plugin /usr/libexec/gcc/x86_64-linux-gnu/13/liblto_plugin.so -plugin-opt=/usr/libexec/gcc/x86_64-linux-gnu/13/lto-wrapper -plugin-opt=-fresolution=/tmp/ccLPzove.res -plugin-opt=-pass-through=-lgcc -plugin-opt=-pass-through=-lgcc_s -plugin-opt=-pass-through=-lc -plugin-opt=-pass-through=-lgcc -plugin-opt=-pass-through=-lgcc_s --build-id --eh-frame-hdr -m elf_x86_64 --hash-style=gnu --as-needed -dynamic-linker /lib64/ld-linux-x86-64.so.2 -pie -z now -z relro -o cmTC_201fb /usr/lib/gcc/x86_64-linux-gnu/13/../../../x86_64-linux-gnu/Scrt1.o /usr/lib/gcc/x86_64-linux-gnu/13/../../../x86_64-linux-gnu/crti.o /usr/lib/gcc/x86_64-linux-gnu/13/crtbeginS.o -L/usr/lib/gcc/x86_64-linux-gnu/13 -L/usr/lib/gcc/x86_64-linux-gnu/13/../../../x86_64-linux-gnu -L/usr/lib/gcc/x86_64-linux-gnu/13/../../../../lib -L/lib/x86_64-linux-gnu -L/lib/../lib -L/usr/lib/x86_64-linux-gnu -L/usr/lib/../lib -L/usr/lib/gcc/x86_64-linux-gnu/13/../../.. CMakeFiles/cmTC_201fb.dir/CMakeCCompilerABI.c.o -lgcc --push-state --as-needed -lgcc_s --pop-state -lc -lgcc --push-state --as-needed -lgcc_s --pop-state /usr/lib/gcc/x86_64-linux-gnu/13/crtendS.o /usr/lib/gcc/x86_64-linux-gnu/13/../../../x86_64-linux-gnu/crtn.o
COLLECT_GCC_OPTIONS='-v' '-o' 'cmTC_201fb' '-mtune=generic' '-march=x86-64' '-dumpdir' 'cmTC_201fb.'
make[1]: Leaving directory '/home/dachuo/build/CMakeFiles/CMakeTmp'



Parsed C implicit include dir info from above output: rv=done
  found start of include info
  found start of implicit include info
    add: [/usr/lib/gcc/x86_64-linux-gnu/13/include]
    add: [/usr/local/include]
    add: [/usr/include/x86_64-linux-gnu]
    add: [/usr/include]
  end of search list found
  collapse include dir [/usr/lib/gcc/x86_64-linux-gnu/13/include] ==> [/usr/lib/gcc/x86_64-linux-gnu/13/include]
  collapse include dir [/usr/local/include] ==> [/usr/local/include]
  collapse include dir [/usr/include/x86_64-linux-gnu] ==> [/usr/include/x86_64-linux-gnu]
  collapse include dir [/usr/include] ==> [/usr/include]
  implicit include dirs: [/usr/lib/gcc/x86_64-linux-gnu/13/include;/usr/local/include;/usr/include/x86_64-linux-gnu;/usr/include]


Parsed C implicit link information from above output:
  link line regex: [^( *|.*[/\])(ld|CMAKE_LINK_STARTFILE-NOTFOUND|([^/\]+-)?ld|collect2)[^/\]*( |$)]
  ignore line: [Change Dir: /home/dachuo/build/CMakeFiles/CMakeTmp]
  ignore line: []
  ignore line: [Run Build Command(s):/usr/bin/make cmTC_201fb/fast && /usr/bin/make -f CMakeFiles/cmTC_201fb.dir/build.make CMakeFiles/cmTC_201fb.dir/build]
  ignore line: [make[1]: Entering directory '/home/dachuo/build/CMakeFiles/CMakeTmp']
  ignore line: [Building C object CMakeFiles/cmTC_201fb.dir/CMakeCCompilerABI.c.o]
  ignore line: [/usr/bin/cc   -v -o CMakeFiles/cmTC_201fb.dir/CMakeCCompilerABI.c.o   -c /usr/share/cmake-3.16/Modules/CMakeCCompilerABI.c]
  ignore line: [Using built-in specs.]
  ignore line: [COLLECT_GCC=/usr/bin/cc]
  ignore line: [Target: x86_64-linux-gnu]
  ignore line: [Configured with: ../src/configure -v --with-pkgversion='Ubuntu 13.1.0-8ubuntu1~20.04.2' --with-bugurl=file:///usr/share/doc/gcc-13/README.Bugs --enable-languages=c ada c++ go d fortran objc obj-c++ m2 rust --prefix=/usr --with-gcc-major-version-only --program-suffix=-13 --program-prefix=x86_64-linux-gnu- --enable-shared --enable-linker-build-id --libexecdir=/usr/libexec --without-included-gettext --enable-threads=posix --libdir=/usr/lib --enable-nls --enable-clocale=gnu --enable-libstdcxx-debug --enable-libstdcxx-time=yes --with-default-libstdcxx-abi=new --enable-gnu-unique-object --disable-vtable-verify --enable-plugin --enable-default-pie --with-system-zlib --enable-libphobos-checking=release --with-target-system-zlib=auto --enable-objc-gc=auto --enable-multiarch --disable-werror --enable-cet --with-arch-32=i686 --with-abi=m64 --with-multilib-list=m32 m64 mx32 --enable-multilib --with-tune=generic --enable-checking=release --build=x86_64-linux-gnu --host=x86_64-linux-gnu --target=x86_64-linux-gnu]
  ignore line: [Thread model: posix]
  ignore line: [Supported LTO compression algorithms: zlib zstd]
  ignore line: [gcc version 13.1.0 (Ubuntu 13.1.0-8ubuntu1~20.04.2) ]
  ignore line: [COLLECT_GCC_OPTIONS='-v' '-o' 'CMakeFiles/cmTC_201fb.dir/CMakeCCompilerABI.c.o' '-c' '-mtune=generic' '-march=x86-64' '-dumpdir' 'CMakeFiles/cmTC_201fb.dir/']
  ignore line: [ /usr/libexec/gcc/x86_64-linux-gnu/13/cc1 -quiet -v -imultiarch x86_64-linux-gnu /usr/share/cmake-3.16/Modules/CMakeCCompilerABI.c -quiet -dumpdir CMakeFiles/cmTC_201fb.dir/ -dumpbase CMakeCCompilerABI.c.c -dumpbase-ext .c -mtune=generic -march=x86-64 -version -fasynchronous-unwind-tables -fstack-protector-strong -Wformat -Wformat-security -fstack-clash-protection -fcf-protection -o /tmp/ccfzVYD1.s]
  ignore line: [GNU C17 (Ubuntu 13.1.0-8ubuntu1~20.04.2) version 13.1.0 (x86_64-linux-gnu)]
  ignore line: [	compiled by GNU C version 13.1.0  GMP version 6.2.0  MPFR version 4.0.2  MPC version 1.1.0  isl version isl-0.22.1-GMP]
  ignore line: []
  ignore line: [GGC heuristics: --param ggc-min-expand=100 --param ggc-min-heapsize=131072]
  ignore line: [ignoring nonexistent directory "/usr/local/include/x86_64-linux-gnu"]
  ignore line: [ignoring nonexistent directory "/usr/lib/gcc/x86_64-linux-gnu/13/include-fixed/x86_64-linux-gnu"]
  ignore line: [ignoring nonexistent directory "/usr/lib/gcc/x86_64-linux-gnu/13/include-fixed"]
  ignore line: [ignoring nonexistent directory "/usr/lib/gcc/x86_64-linux-gnu/13/../../../../x86_64-linux-gnu/include"]
  ignore line: [#include "..." search starts here:]
  ignore line: [#include <...> search starts here:]
  ignore line: [ /usr/lib/gcc/x86_64-linux-gnu/13/include]
  ignore line: [ /usr/local/include]
  ignore line: [ /usr/include/x86_64-linux-gnu]
  ignore line: [ /usr/include]
  ignore line: [End of search list.]
  ignore line: [Compiler executable checksum: f0b3c90e0f11c3d406d33a12053911f6]
  ignore line: [COLLECT_GCC_OPTIONS='-v' '-o' 'CMakeFiles/cmTC_201fb.dir/CMakeCCompilerABI.c.o' '-c' '-mtune=generic' '-march=x86-64' '-dumpdir' 'CMakeFiles/cmTC_201fb.dir/']
  ignore line: [ as -v --64 -o CMakeFiles/cmTC_201fb.dir/CMakeCCompilerABI.c.o /tmp/ccfzVYD1.s]
  ignore line: [GNU assembler version 2.34 (x86_64-linux-gnu) using BFD version (GNU Binutils for Ubuntu) 2.34]
  ignore line: [COMPILER_PATH=/usr/libexec/gcc/x86_64-linux-gnu/13/:/usr/libexec/gcc/x86_64-linux-gnu/13/:/usr/libexec/gcc/x86_64-linux-gnu/:/usr/lib/gcc/x86_64-linux-gnu/13/:/usr/lib/gcc/x86_64-linux-gnu/]
  ignore line: [LIBRARY_PATH=/usr/lib/gcc/x86_64-linux-gnu/13/:/usr/lib/gcc/x86_64-linux-gnu/13/../../../x86_64-linux-gnu/:/usr/lib/gcc/x86_64-linux-gnu/13/../../../../lib/:/lib/x86_64-linux-gnu/:/lib/../lib/:/usr/lib/x86_64-linux-gnu/:/usr/lib/../lib/:/usr/lib/gcc/x86_64-linux-gnu/13/../../../:/lib/:/usr/lib/]
  ignore line: [COLLECT_GCC_OPTIONS='-v' '-o' 'CMakeFiles/cmTC_201fb.dir/CMakeCCompilerABI.c.o' '-c' '-mtune=generic' '-march=x86-64' '-dumpdir' 'CMakeFiles/cmTC_201fb.dir/CMakeCCompilerABI.c.']
  ignore line: [Linking C executable cmTC_201fb]
  ignore line: [/usr/bin/cmake -E cmake_link_script CMakeFiles/cmTC_201fb.dir/link.txt --verbose=1]
  ignore line: [/usr/bin/cc     -v CMakeFiles/cmTC_201fb.dir/CMakeCCompilerABI.c.o  -o cmTC_201fb ]
  ignore line: [Using built-in specs.]
  ignore line: [COLLECT_GCC=/usr/bin/cc]
  ignore line: [COLLECT_LTO_WRAPPER=/usr/libexec/gcc/x86_64-linux-gnu/13/lto-wrapper]
  ignore line: [Target: x86_64-linux-gnu]
  ignore line: [Configured with: ../src/configure -v --with-pkgversion='Ubuntu 13.1.0-8ubuntu1~20.04.2' --with-bugurl=file:///usr/share/doc/gcc-13/README.Bugs --enable-languages=c ada c++ go d fortran objc obj-c++ m2 rust --prefix=/usr --with-gcc-major-version-only --program-suffix=-13 --program-prefix=x86_64-linux-gnu- --enable-shared --enable-linker-build-id --libexecdir=/usr/libexec --without-included-gettext --enable-threads=posix --libdir=/usr/lib --enable-nls --enable-clocale=gnu --enable-libstdcxx-debug --enable-libstdcxx-time=yes --with-default-libstdcxx-abi=new --enable-gnu-unique-object --disable-vtable-verify --enable-plugin --enable-default-pie --with-system-zlib --enable-libphobos-checking=release --with-target-system-zlib=auto --enable-objc-gc=auto --enable-multiarch --disable-werror --enable-cet --with-arch-32=i686 --with-abi=m64 --with-multilib-list=m32 m64 mx32 --enable-multilib --with-tune=generic --enable-checking=release --build=x86_64-linux-gnu --host=x86_64-linux-gnu --target=x86_64-linux-gnu]
  ignore line: [Thread model: posix]
  ignore line: [Supported LTO compression algorithms: zlib zstd]
  ignore line: [gcc version 13.1.0 (Ubuntu 13.1.0-8ubuntu1~20.04.2) ]
  ignore line: [COMPILER_PATH=/usr/libexec/gcc/x86_64-linux-gnu/13/:/usr/libexec/gcc/x86_64-linux-gnu/13/:/usr/libexec/gcc/x86_64-linux-gnu/:/usr/lib/gcc/x86_64-linux-gnu/13/:/usr/lib/gcc/x86_64-linux-gnu/]
  ignore line: [LIBRARY_PATH=/usr/lib/gcc/x86_64-linux-gnu/13/:/usr/lib/gcc/x86_64-linux-gnu/13/../../../x86_64-linux-gnu/:/usr/lib/gcc/x86_64-linux-gnu/13/../../../../lib/:/lib/x86_64-linux-gnu/:/lib/../lib/:/usr/lib/x86_64-linux-gnu/:/usr/lib/../lib/:/usr/lib/gcc/x86_64-linux-gnu/13/../../../:/lib/:/usr/lib/]
  ignore line: [COLLECT_GCC_OPTIONS='-v' '-o' 'cmTC_201fb' '-mtune=generic' '-march=x86-64' '-dumpdir' 'cmTC_201fb.']
  link line: [ /usr/libexec/gcc/x86_64-linux-gnu/13/collect2 -plugin /usr/libexec/gcc/x86_64-linux-gnu/13/liblto_plugin.so -plugin-opt=/usr/libexec/gcc/x86_64-linux-gnu/13/lto-wrapper -plugin-opt=-fresolution=/tmp/ccLPzove.res -plugin-opt=-pass-through=-lgcc -plugin-opt=-pass-through=-lgcc_s -plugin-opt=-pass-through=-lc -plugin-opt=-pass-through=-lgcc -plugin-opt=-pass-through=-lgcc_s --build-id --eh-frame-hdr -m elf_x86_64 --hash-style=gnu --as-needed -dynamic-linker /lib64/ld-linux-x86-64.so.2 -pie -z now -z relro -o cmTC_201fb /usr/lib/gcc/x86_64-linux-gnu/13/../../../x86_64-linux-gnu/Scrt1.o /usr/lib/gcc/x86_64-linux-gnu/13/../../../x86_64-linux-gnu/crti.o /usr/lib/gcc/x86_64-linux-gnu/13/crtbeginS.o -L/usr/lib/gcc/x86_64-linux-gnu/13 -L/usr/lib/gcc/x86_64-linux-gnu/13/../../../x86_64-linux-gnu -L/usr/lib/gcc/x86_64-linux-gnu/13/../../../../lib -L/lib/x86_64-linux-gnu -L/lib/../lib -L/usr/lib/x86_64-linux-gnu -L/usr/lib/../lib -L/usr/lib/gcc/x86_64-linux-gnu/13/../../.. CMakeFiles/cmTC_201fb.dir/CMakeCCompilerABI.c.o -lgcc --push-state --as-needed -lgcc_s --pop-state -lc -lgcc --push-state --as-needed -lgcc_s --pop-state /usr/lib/gcc/x86_64-linux-gnu/13/crtendS.o /usr/lib/gcc/x86_64-linux-gnu/13/../../../x86_64-linux-gnu/crtn.o]
    arg [/usr/libexec/gcc/x86_64-linux-gnu/13/collect2] ==> ignore
    arg [-plugin] ==> ignore
    arg [/usr/libexec/gcc/x86_64-linux-gnu/13/liblto_plugin.so] ==> ignore
    arg [-plugin-opt=/usr/libexec/gcc/x86_64-linux-gnu/13/lto-wrapper] ==> ignore
    arg [-plugin-opt=-fresolution=/tmp/ccLPzove.res] ==> ignore
    arg [-plugin-opt=-pass-through=-lgcc] ==> ignore
    arg [-plugin-opt=-pass-through=-lgcc_s] ==> ignore
    arg [-plugin-opt=-pass-through=-lc] ==> ignore
    arg [-plugin-opt=-pass-through=-lgcc] ==> ignore
    arg [-plugin-opt=-pass-through=-lgcc_s] ==> ignore
    arg [--build-id] ==> ignore
    arg [--eh-frame-hdr] ==> ignore
    arg [-m] ==> ignore
    arg [elf_x86_64] ==> ignore
    arg [--hash-style=gnu] ==> ignore
    arg [--as-needed] ==> ignore
    arg [-dynamic-linker] ==> ignore
    arg [/lib64/ld-linux-x86-64.so.2] ==> ignore
    arg [-pie] ==> ignore
    arg [-znow] ==> ignore
    arg [-zrelro] ==> ignore
    arg [-o] ==> ignore
    arg [cmTC_201fb] ==> ignore
    arg [/usr/lib/gcc/x86_64-linux-gnu/13/../../../x86_64-linux-gnu/Scrt1.o] ==> ignore
    arg [/usr/lib/gcc/x86_64-linux-gnu/13/../../../x86_64-linux-gnu/crti.o] ==> ignore
    arg [/usr/lib/gcc/x86_64-linux-gnu/13/crtbeginS.o] ==> ignore
    arg [-L/usr/lib/gcc/x86_64-linux-gnu/13] ==> dir [/usr/lib/gcc/x86_64-linux-gnu/13]
    arg [-L/usr/lib/gcc/x86_64-linux-gnu/13/../../../x86_64-linux-gnu] ==> dir [/usr/lib/gcc/x86_64-linux-gnu/13/../../../x86_64-linux-gnu]
    arg [-L/usr/lib/gcc/x86_64-linux-gnu/13/../../../../lib] ==> dir [/usr/lib/gcc/x86_64-linux-gnu/13/../../../../lib]
    arg [-L/lib/x86_64-linux-gnu] ==> dir [/lib/x86_64-linux-gnu]
    arg [-L/lib/../lib] ==> dir [/lib/../lib]
    arg [-L/usr/lib/x86_64-linux-gnu] ==> dir [/usr/lib/x86_64-linux-gnu]
    arg [-L/usr/lib/../lib] ==> dir [/usr/lib/../lib]
    arg [-L/usr/lib/gcc/x86_64-linux-gnu/13/../../..] ==> dir [/usr/lib/gcc/x86_64-linux-gnu/13/../../..]
    arg [CMakeFiles/cmTC_201fb.dir/CMakeCCompilerABI.c.o] ==> ignore
    arg [-lgcc] ==> lib [gcc]
    arg [--push-state] ==> ignore
    arg [--as-needed] ==> ignore
    arg [-lgcc_s] ==> lib [gcc_s]
    arg [--pop-state] ==> ignore
    arg [-lc] ==> lib [c]
    arg [-lgcc] ==> lib [gcc]
    arg [--push-state] ==> ignore
    arg [--as-needed] ==> ignore
    arg [-lgcc_s] ==> lib [gcc_s]
    arg [--pop-state] ==> ignore
    arg [/usr/lib/gcc/x86_64-linux-gnu/13/crtendS.o] ==> ignore
    arg [/usr/lib/gcc/x86_64-linux-gnu/13/../../../x86_64-linux-gnu/crtn.o] ==> ignore
  collapse library dir [/usr/lib/gcc/x86_64-linux-gnu/13] ==> [/usr/lib/gcc/x86_64-linux-gnu/13]
  collapse library dir [/usr/lib/gcc/x86_64-linux-gnu/13/../../../x86_64-linux-gnu] ==> [/usr/lib/x86_64-linux-gnu]
  collapse library dir [/usr/lib/gcc/x86_64-linux-gnu/13/../../../../lib] ==> [/usr/lib]
  collapse library dir [/lib/x86_64-linux-gnu] ==> [/lib/x86_64-linux-gnu]
  collapse library dir [/lib/../lib] ==> [/lib]
  collapse library dir [/usr/lib/x86_64-linux-gnu] ==> [/usr/lib/x86_64-linux-gnu]
  collapse library dir [/usr/lib/../lib] ==> [/usr/lib]
  collapse library dir [/usr/lib/gcc/x86_64-linux-gnu/13/../../..] ==> [/usr/lib]
  implicit libs: [gcc;gcc_s;c;gcc;gcc_s]
  implicit dirs: [/usr/lib/gcc/x86_64-linux-gnu/13;/usr/lib/x86_64-linux-gnu;/usr/lib;/lib/x86_64-linux-gnu;/lib]
  implicit fwks: []


Determining if the CXX compiler works passed with the following output:
Change Dir: /home/dachuo/build/CMakeFiles/CMakeTmp

Run Build Command(s):/usr/bin/make cmTC_51dc7/fast && /usr/bin/make -f CMakeFiles/cmTC_51dc7.dir/build.make CMakeFiles/cmTC_51dc7.dir/build
make[1]: Entering directory '/home/dachuo/build/CMakeFiles/CMakeTmp'
Building CXX object CMakeFiles/cmTC_51dc7.dir/testCXXCompiler.cxx.o
/usr/bin/c++    -std=gnu++2a -o CMakeFiles/cmTC_51dc7.dir/testCXXCompiler.cxx.o -c /home/dachuo/build/CMakeFiles/CMakeTmp/testCXXCompiler.cxx
Linking CXX executable cmTC_51dc7
/usr/bin/cmake -E cmake_link_script CMakeFiles/cmTC_51dc7.dir/link.txt --verbose=1
/usr/bin/c++       CMakeFiles/cmTC_51dc7.dir/testCXXCompiler.cxx.o  -o cmTC_51dc7 
make[1]: Leaving directory '/home/dachuo/build/CMakeFiles/CMakeTmp'



Detecting CXX compiler ABI info compiled with the following output:
Change Dir: /home/dachuo/build/CMakeFiles/CMakeTmp

Run Build Command(s):/usr/bin/make cmTC_3c580/fast && /usr/bin/make -f CMakeFiles/cmTC_3c580.dir/build.make CMakeFiles/cmTC_3c580.dir/build
make[1]: Entering directory '/home/dachuo/build/CMakeFiles/CMakeTmp'
Building CXX object CMakeFiles/cmTC_3c580.dir/CMakeCXXCompilerABI.cpp.o
/usr/bin/c++    -v -std=gnu++2a -o CMakeFiles/cmTC_3c580.dir/CMakeCXXCompilerABI.cpp.o -c /usr/share/cmake-3.16/Modules/CMakeCXXCompilerABI.cpp
Using built-in specs.
COLLECT_GCC=/usr/bin/c++
Target: x86_64-linux-gnu
Configured with: ../src/configure -v --with-pkgversion='Ubuntu 13.1.0-8ubuntu1~20.04.2' --with-bugurl=file:///usr/share/doc/gcc-13/README.Bugs --enable-languages=c,ada,c++,go,d,fortran,objc,obj-c++,m2,rust --prefix=/usr --with-gcc-major-version-only --program-suffix=-13 --program-prefix=x86_64-linux-gnu- --enable-shared --enable-linker-build-id --libexecdir=/usr/libexec --without-included-gettext --enable-threads=posix --libdir=/usr/lib --enable-nls --enable-clocale=gnu --enable-libstdcxx-debug --enable-libstdcxx-time=yes --with-default-libstdcxx-abi=new --enable-gnu-unique-object --disable-vtable-verify --enable-plugin --enable-default-pie --with-system-zlib --enable-libphobos-checking=release --with-target-system-zlib=auto --enable-objc-gc=auto --enable-multiarch --disable-werror --enable-cet --with-arch-32=i686 --with-abi=m64 --with-multilib-list=m32,m64,mx32 --enable-multilib --with-tune=generic --enable-checking=release --build=x86_64-linux-gnu --host=x86_64-linux-gnu --target=x86_64-linux-gnu
Thread model: posix
Supported LTO compression algorithms: zlib zstd
gcc version 13.1.0 (Ubuntu 13.1.0-8ubuntu1~20.04.2) 
COLLECT_GCC_OPTIONS='-v' '-std=gnu++20' '-o' 'CMakeFiles/cmTC_3c580.dir/CMakeCXXCompilerABI.cpp.o' '-c' '-shared-libgcc' '-mtune=generic' '-march=x86-64' '-dumpdir' 'CMakeFiles/cmTC_3c580.dir/'
 /usr/libexec/gcc/x86_64-linux-gnu/13/cc1plus -quiet -v -imultiarch x86_64-linux-gnu -D_GNU_SOURCE /usr/share/cmake-3.16/Modules/CMakeCXXCompilerABI.cpp -quiet -dumpdir CMakeFiles/cmTC_3c580.dir/ -dumpbase CMakeCXXCompilerABI.cpp.cpp -dumpbase-ext .cpp -mtune=generic -march=x86-64 -std=gnu++20 -version -fasynchronous-unwind-tables -fstack-protector-strong -Wformat -Wformat-security -fstack-clash-protection -fcf-protection -o /tmp/ccwS5eHL.s
GNU C++20 (Ubuntu 13.1.0-8ubuntu1~20.04.2) version 13.1.0 (x86_64-linux-gnu)
	compiled by GNU C version 13.1.0, GMP version 6.2.0, MPFR version 4.0.2, MPC version 1.1.0, isl version isl-0.22.1-GMP

GGC heuristics: --param ggc-min-expand=100 --param ggc-min-heapsize=131072
ignoring duplicate directory "/usr/include/x86_64-linux-gnu/c++/13"
ignoring nonexistent directory "/usr/local/include/x86_64-linux-gnu"
ignoring nonexistent directory "/usr/lib/gcc/x86_64-linux-gnu/13/include-fixed/x86_64-linux-gnu"
ignoring nonexistent directory "/usr/lib/gcc/x86_64-linux-gnu/13/include-fixed"
ignoring nonexistent directory "/usr/lib/gcc/x86_64-linux-gnu/13/../../../../x86_64-linux-gnu/include"
#include "..." search starts here:
#include <...> search starts here:
 /usr/include/c++/13
 /usr/include/x86_64-linux-gnu/c++/13
 /usr/include/c++/13/backward
 /usr/lib/gcc/x86_64-linux-gnu/13/include
 /usr/local/include
 /usr/include/x86_64-linux-gnu
 /usr/include
End of search list.
Compiler executable checksum: 391880e3be75f4e1ac78bddcb50fff0c
COLLECT_GCC_OPTIONS='-v' '-std=gnu++20' '-o' 'CMakeFiles/cmTC_3c580.dir/CMakeCXXCompilerABI.cpp.o' '-c' '-shared-libgcc' '-mtune=generic' '-march=x86-64' '-dumpdir' 'CMakeFiles/cmTC_3c580.dir/'
 as -v --64 -o CMakeFiles/cmTC_3c580.dir/CMakeCXXCompilerABI.cpp.o /tmp/ccwS5eHL.s
GNU assembler version 2.34 (x86_64-linux-gnu) using BFD version (GNU Binutils for Ubuntu) 2.34
COMPILER_PATH=/usr/libexec/gcc/x86_64-linux-gnu/13/:/usr/libexec/gcc/x86_64-linux-gnu/13/:/usr/libexec/gcc/x86_64-linux-gnu/:/usr/lib/gcc/x86_64-linux-gnu/13/:/usr/lib/gcc/x86_64-linux-gnu/
LIBRARY_PATH=/usr/lib/gcc/x86_64-linux-gnu/13/:/usr/lib/gcc/x86_64-linux-gnu/13/../../../x86_64-linux-gnu/:/usr/lib/gcc/x86_64-linux-gnu/13/../../../../lib/:/lib/x86_64-linux-gnu/:/lib/../lib/:/usr/lib/x86_64-linux-gnu/:/usr/lib/../lib/:/usr/lib/gcc/x86_64-linux-gnu/13/../../../:/lib/:/usr/lib/
COLLECT_GCC_OPTIONS='-v' '-std=gnu++20' '-o' 'CMakeFiles/cmTC_3c580.dir/CMakeCXXCompilerABI.cpp.o' '-c' '-shared-libgcc' '-mtune=generic' '-march=x86-64' '-dumpdir' 'CMakeFiles/cmTC_3c580.dir/CMakeCXXCompilerABI.cpp.'
Linking CXX executable cmTC_3c580
/usr/bin/cmake -E cmake_link_script CMakeFiles/cmTC_3c580.dir/link.txt --verbose=1
/usr/bin/c++      -v CMakeFiles/cmTC_3c580.dir/CMakeCXXCompilerABI.cpp.o  -o cmTC_3c580 
Using built-in specs.
COLLECT_GCC=/usr/bin/c++
COLLECT_LTO_WRAPPER=/usr/libexec/gcc/x86_64-linux-gnu/13/lto-wrapper
Target: x86_64-linux-gnu
Configured with: ../src/configure -v --with-pkgversion='Ubuntu 13.1.0-8ubuntu1~20.04.2' --with-bugurl=file:///usr/share/doc/gcc-13/README.Bugs --enable-languages=c,ada,c++,go,d,fortran,objc,obj-c++,m2,rust --prefix=/usr --with-gcc-major-version-only --program-suffix=-13 --program-prefix=x86_64-linux-gnu- --enable-shared --enable-linker-build-id --libexecdir=/usr/libexec --without-included-gettext --enable-threads=posix --libdir=/usr/lib --enable-nls --enable-clocale=gnu --enable-libstdcxx-debug --enable-libstdcxx-time=yes --with-default-libstdcxx-abi=new --enable-gnu-unique-object --disable-vtable-verify --enable-plugin --enable-default-pie --with-system-zlib --enable-libphobos-checking=release --with-target-system-zlib=auto --enable-objc-gc=auto --enable-multiarch --disable-werror --enable-cet --with-arch-32=i686 --with-abi=m64 --with-multilib-list=m32,m64,mx32 --enable-multilib --with-tune=generic --enable-checking=release --build=x86_64-linux-gnu --host=x86_64-linux-gnu --target=x86_64-linux-gnu
Thread model: posix
Supported LTO compression algorithms: zlib zstd
gcc version 13.1.0 (Ubuntu 13.1.0-8ubuntu1~20.04.2) 
COMPILER_PATH=/usr/libexec/gcc/x86_64-linux-gnu/13/:/usr/libexec/gcc/x86_64-linux-gnu/13/:/usr/libexec/gcc/x86_64-linux-gnu/:/usr/lib/gcc/x86_64-linux-gnu/13/:/usr/lib/gcc/x86_64-linux-gnu/
LIBRARY_PATH=/usr/lib/gcc/x86_64-linux-gnu/13/:/usr/lib/gcc/x86_64-linux-gnu/13/../../../x86_64-linux-gnu/:/usr/lib/gcc/x86_64-linux-gnu/13/../../../../lib/:/lib/x86_64-linux-gnu/:/lib/../lib/:/usr/lib/x86_64-linux-gnu/:/usr/lib/../lib/:/usr/lib/gcc/x86_64-linux-gnu/13/../../../:/lib/:/usr/lib/
COLLECT_GCC_OPTIONS='-v' '-o' 'cmTC_3c580' '-shared-libgcc' '-mtune=generic' '-march=x86-64' '-dumpdir' 'cmTC_3c580.'
 /usr/libexec/gcc/x86_64-linux-gnu/13/collect2 -plugin /usr/libexec/gcc/x86_64-linux-gnu/13/liblto_plugin.so -plugin-opt=/usr/libexec/gcc/x86_64-linux-gnu/13/lto-wrapper -plugin-opt=-fresolution=/tmp/ccWKeMkc.res -plugin-opt=-pass-through=-lgcc_s -plugin-opt=-pass-through=-lgcc -plugin-opt=-pass-through=-lc -plugin-opt=-pass-through=-lgcc_s -plugin-opt=-pass-through=-lgcc --build-id --eh-frame-hdr -m elf_x86_64 --hash-style=gnu --as-needed -dynamic-linker /lib64/ld-linux-x86-64.so.2 -pie -z now -z relro -o cmTC_3c580 /usr/lib/gcc/x86_64-linux-gnu/13/../../../x86_64-linux-gnu/Scrt1.o /usr/lib/gcc/x86_64-linux-gnu/13/../../../x86_64-linux-gnu/crti.o /usr/lib/gcc/x86_64-linux-gnu/13/crtbeginS.o -L/usr/lib/gcc/x86_64-linux-gnu/13 -L/usr/lib/gcc/x86_64-linux-gnu/13/../../../x86_64-linux-gnu -L/usr/lib/gcc/x86_64-linux-gnu/13/../../../../lib -L/lib/x86_64-linux-gnu -L/lib/../lib -L/usr/lib/x86_64-linux-gnu -L/usr/lib/../lib -L/usr/lib/gcc/x86_64-linux-gnu/13/../../.. CMakeFiles/cmTC_3c580.dir/CMakeCXXCompilerABI.cpp.o -lstdc++ -lm -lgcc_s -lgcc -lc -lgcc_s -lgcc /usr/lib/gcc/x86_64-linux-gnu/13/crtendS.o /usr/lib/gcc/x86_64-linux-gnu/13/../../../x86_64-linux-gnu/crtn.o
COLLECT_GCC_OPTIONS='-v' '-o' 'cmTC_3c580' '-shared-libgcc' '-mtune=generic' '-march=x86-64' '-dumpdir' 'cmTC_3c580.'
make[1]: Leaving directory '/home/dachuo/build/CMakeFiles/CMakeTmp'



Parsed CXX implicit include dir info from above output: rv=done
  found start of include info
  found start of implicit include info
    add: [/usr/include/c++/13]
    add: [/usr/include/x86_64-linux-gnu/c++/13]
    add: [/usr/include/c++/13/backward]
    add: [/usr/lib/gcc/x86_64-linux-gnu/13/include]
    add: [/usr/local/include]
    add: [/usr/include/x86_64-linux-gnu]
    add: [/usr/include]
  end of search list found
  collapse include dir [/usr/include/c++/13] ==> [/usr/include/c++/13]
  collapse include dir [/usr/include/x86_64-linux-gnu/c++/13] ==> [/usr/include/x86_64-linux-gnu/c++/13]
  collapse include dir [/usr/include/c++/13/backward] ==> [/usr/include/c++/13/backward]
  collapse include dir [/usr/lib/gcc/x86_64-linux-gnu/13/include] ==> [/usr/lib/gcc/x86_64-linux-gnu/13/include]
  collapse include dir [/usr/local/include] ==> [/usr/local/include]
  collapse include dir [/usr/include/x86_64-linux-gnu] ==> [/usr/include/x86_64-linux-gnu]
  collapse include dir [/usr/include] ==> [/usr/include]
  implicit include dirs: [/usr/include/c++/13;/usr/include/x86_64-linux-gnu/c++/13;/usr/include/c++/13/backward;/usr/lib/gcc/x86_64-linux-gnu/13/include;/usr/local/include;/usr/include/x86_64-linux-gnu;/usr/include]


Parsed CXX implicit link information from above output:
  link line regex: [^( *|.*[/\])(ld|CMAKE_LINK_STARTFILE-NOTFOUND|([^/\]+-)?ld|collect2)[^/\]*( |$)]
  ignore line: [Change Dir: /home/dachuo/build/CMakeFiles/CMakeTmp]
  ignore line: []
  ignore line: [Run Build Command(s):/usr/bin/make cmTC_3c580/fast && /usr/bin/make -f CMakeFiles/cmTC_3c580.dir/build.make CMakeFiles/cmTC_3c580.dir/build]
  ignore line: [make[1]: Entering directory '/home/dachuo/build/CMakeFiles/CMakeTmp']
  ignore line: [Building CXX object CMakeFiles/cmTC_3c580.dir/CMakeCXXCompilerABI.cpp.o]
  ignore line: [/usr/bin/c++    -v -std=gnu++2a -o CMakeFiles/cmTC_3c580.dir/CMakeCXXCompilerABI.cpp.o -c /usr/share/cmake-3.16/Modules/CMakeCXXCompilerABI.cpp]
  ignore line: [Using built-in specs.]
  ignore line: [COLLECT_GCC=/usr/bin/c++]
  ignore line: [Target: x86_64-linux-gnu]
  ignore line: [Configured with: ../src/configure -v --with-pkgversion='Ubuntu 13.1.0-8ubuntu1~20.04.2' --with-bugurl=file:///usr/share/doc/gcc-13/README.Bugs --enable-languages=c ada c++ go d fortran objc obj-c++ m2 rust --prefix=/usr --with-gcc-major-version-only --program-suffix=-13 --program-prefix=x86_64-linux-gnu- --enable-shared --enable-linker-build-id --libexecdir=/usr/libexec --without-included-gettext --enable-threads=posix --libdir=/usr/lib --enable-nls --enable-clocale=gnu --enable-libstdcxx-debug --enable-libstdcxx-time=yes --with-default-libstdcxx-abi=new --enable-gnu-unique-object --disable-vtable-verify --enable-plugin --enable-default-pie --with-system-zlib --enable-libphobos-checking=release --with-target-system-zlib=auto --enable-objc-gc=auto --enable-multiarch --disable-werror --enable-cet --with-arch-32=i686 --with-abi=m64 --with-multilib-list=m32 m64 mx32 --enable-multilib --with-tune=generic --enable-checking=release --build=x86_64-linux-gnu --host=x86_64-linux-gnu --target=x86_64-linux-gnu]
  ignore line: [Thread model: posix]
  ignore line: [Supported LTO compression algorithms: zlib zstd]
  ignore line: [gcc version 13.1.0 (Ubuntu 13.1.0-8ubuntu1~20.04.2) ]
  ignore line: [COLLECT_GCC_OPTIONS='-v' '-std=gnu++20' '-o' 'CMakeFiles/cmTC_3c580.dir/CMakeCXXCompilerABI.cpp.o' '-c' '-shared-libgcc' '-mtune=generic' '-march=x86-64' '-dumpdir' 'CMakeFiles/cmTC_3c580.dir/']
  ignore line: [ /usr/libexec/gcc/x86_64-linux-gnu/13/cc1plus -quiet -v -imultiarch x86_64-linux-gnu -D_GNU_SOURCE /usr/share/cmake-3.16/Modules/CMakeCXXCompilerABI.cpp -quiet -dumpdir CMakeFiles/cmTC_3c580.dir/ -dumpbase CMakeCXXCompilerABI.cpp.cpp -dumpbase-ext .cpp -mtune=generic -march=x86-64 -std=gnu++20 -version -fasynchronous-unwind-tables -fstack-protector-strong -Wformat -Wformat-security -fstack-clash-protection -fcf-protection -o /tmp/ccwS5eHL.s]
  ignore line: [GNU C++20 (Ubuntu 13.1.0-8ubuntu1~20.04.2) version 13.1.0 (x86_64-linux-gnu)]
  ignore line: [	compiled by GNU C version 13.1.0  GMP version 6.2.0  MPFR version 4.0.2  MPC version 1.1.0  isl version isl-0.22.1-GMP]
  ignore line: []
  ignore line: [GGC heuristics: --param ggc-min-expand=100 --param ggc-min-heapsize=131072]
  ignore line: [ignoring duplicate directory "/usr/include/x86_64-linux-gnu/c++/13"]
  ignore line: [ignoring nonexistent directory "/usr/local/include/x86_64-linux-gnu"]
  ignore line: [ignoring nonexistent directory "/usr/lib/gcc/x86_64-linux-gnu/13/include-fixed/x86_64-linux-gnu"]
  ignore line: [ignoring nonexistent directory "/usr/lib/gcc/x86_64-linux-gnu/13/include-fixed"]
  ignore line: [ignoring nonexistent directory "/usr/lib/gcc/x86_64-linux-gnu/13/../../../../x86_64-linux-gnu/include"]
  ignore line: [#include "..." search starts here:]
  ignore line: [#include <...> search starts here:]
  ignore line: [ /usr/include/c++/13]
  ignore line: [ /usr/include/x86_64-linux-gnu/c++/13]
  ignore line: [ /usr/include/c++/13/backward]
  ignore line: [ /usr/lib/gcc/x86_64-linux-gnu/13/include]
  ignore line: [ /usr/local/include]
  ignore line: [ /usr/include/x86_64-linux-gnu]
  ignore line: [ /usr/include]
  ignore line: [End of search list.]
  ignore line: [Compiler executable checksum: 391880e3be75f4e1ac78bddcb50fff0c]
  ignore line: [COLLECT_GCC_OPTIONS='-v' '-std=gnu++20' '-o' 'CMakeFiles/cmTC_3c580.dir/CMakeCXXCompilerABI.cpp.o' '-c' '-shared-libgcc' '-mtune=generic' '-march=x86-64' '-dumpdir' 'CMakeFiles/cmTC_3c580.dir/']
  ignore line: [ as -v --64 -o CMakeFiles/cmTC_3c580.dir/CMakeCXXCompilerABI.cpp.o /tmp/ccwS5eHL.s]
  ignore line: [GNU assembler version 2.34 (x86_64-linux-gnu) using BFD version (GNU Binutils for Ubuntu) 2.34]
  ignore line: [COMPILER_PATH=/usr/libexec/gcc/x86_64-linux-gnu/13/:/usr/libexec/gcc/x86_64-linux-gnu/13/:/usr/libexec/gcc/x86_64-linux-gnu/:/usr/lib/gcc/x86_64-linux-gnu/13/:/usr/lib/gcc/x86_64-linux-gnu/]
  ignore line: [LIBRARY_PATH=/usr/lib/gcc/x86_64-linux-gnu/13/:/usr/lib/gcc/x86_64-linux-gnu/13/../../../x86_64-linux-gnu/:/usr/lib/gcc/x86_64-linux-gnu/13/../../../../lib/:/lib/x86_64-linux-gnu/:/lib/../lib/:/usr/lib/x86_64-linux-gnu/:/usr/lib/../lib/:/usr/lib/gcc/x86_64-linux-gnu/13/../../../:/lib/:/usr/lib/]
  ignore line: [COLLECT_GCC_OPTIONS='-v' '-std=gnu++20' '-o' 'CMakeFiles/cmTC_3c580.dir/CMakeCXXCompilerABI.cpp.o' '-c' '-shared-libgcc' '-mtune=generic' '-march=x86-64' '-dumpdir' 'CMakeFiles/cmTC_3c580.dir/CMakeCXXCompilerABI.cpp.']
  ignore line: [Linking CXX executable cmTC_3c580]
  ignore line: [/usr/bin/cmake -E cmake_link_script CMakeFiles/cmTC_3c580.dir/link.txt --verbose=1]
  ignore line: [/usr/bin/c++      -v CMakeFiles/cmTC_3c580.dir/CMakeCXXCompilerABI.cpp.o  -o cmTC_3c580 ]
  ignore line: [Using built-in specs.]
  ignore line: [COLLECT_GCC=/usr/bin/c++]
  ignore line: [COLLECT_LTO_WRAPPER=/usr/libexec/gcc/x86_64-linux-gnu/13/lto-wrapper]
  ignore line: [Target: x86_64-linux-gnu]
  ignore line: [Configured with: ../src/configure -v --with-pkgversion='Ubuntu 13.1.0-8ubuntu1~20.04.2' --with-bugurl=file:///usr/share/doc/gcc-13/README.Bugs --enable-languages=c ada c++ go d fortran objc obj-c++ m2 rust --prefix=/usr --with-gcc-major-version-only --program-suffix=-13 --program-prefix=x86_64-linux-gnu- --enable-shared --enable-linker-build-id --libexecdir=/usr/libexec --without-included-gettext --enable-threads=posix --libdir=/usr/lib --enable-nls --enable-clocale=gnu --enable-libstdcxx-debug --enable-libstdcxx-time=yes --with-default-libstdcxx-abi=new --enable-gnu-unique-object --disable-vtable-verify --enable-plugin --enable-default-pie --with-system-zlib --enable-libphobos-checking=release --with-target-system-zlib=auto --enable-objc-gc=auto --enable-multiarch --disable-werror --enable-cet --with-arch-32=i686 --with-abi=m64 --with-multilib-list=m32 m64 mx32 --enable-multilib --with-tune=generic --enable-checking=release --build=x86_64-linux-gnu --host=x86_64-linux-gnu --target=x86_64-linux-gnu]
  ignore line: [Thread model: posix]
  ignore line: [Supported LTO compression algorithms: zlib zstd]
  ignore line: [gcc version 13.1.0 (Ubuntu 13.1.0-8ubuntu1~20.04.2) ]
  ignore line: [COMPILER_PATH=/usr/libexec/gcc/x86_64-linux-gnu/13/:/usr/libexec/gcc/x86_64-linux-gnu/13/:/usr/libexec/gcc/x86_64-linux-gnu/:/usr/lib/gcc/x86_64-linux-gnu/13/:/usr/lib/gcc/x86_64-linux-gnu/]
  ignore line: [LIBRARY_PATH=/usr/lib/gcc/x86_64-linux-gnu/13/:/usr/lib/gcc/x86_64-linux-gnu/13/../../../x86_64-linux-gnu/:/usr/lib/gcc/x86_64-linux-gnu/13/../../../../lib/:/lib/x86_64-linux-gnu/:/lib/../lib/:/usr/lib/x86_64-linux-gnu/:/usr/lib/../lib/:/usr/lib/gcc/x86_64-linux-gnu/13/../../../:/lib/:/usr/lib/]
  ignore line: [COLLECT_GCC_OPTIONS='-v' '-o' 'cmTC_3c580' '-shared-libgcc' '-mtune=generic' '-march=x86-64' '-dumpdir' 'cmTC_3c580.']
  link line: [ /usr/libexec/gcc/x86_64-linux-gnu/13/collect2 -plugin /usr/libexec/gcc/x86_64-linux-gnu/13/liblto_plugin.so -plugin-opt=/usr/libexec/gcc/x86_64-linux-gnu/13/lto-wrapper -plugin-opt=-fresolution=/tmp/ccWKeMkc.res -plugin-opt=-pass-through=-lgcc_s -plugin-opt=-pass-through=-lgcc -plugin-opt=-pass-through=-lc -plugin-opt=-pass-through=-lgcc_s -plugin-opt=-pass-through=-lgcc --build-id --eh-frame-hdr -m elf_x86_64 --hash-style=gnu --as-needed -dynamic-linker /lib64/ld-linux-x86-64.so.2 -pie -z now -z relro -o cmTC_3c580 /usr/lib/gcc/x86_64-linux-gnu/13/../../../x86_64-linux-gnu/Scrt1.o /usr/lib/gcc/x86_64-linux-gnu/13/../../../x86_64-linux-gnu/crti.o /usr/lib/gcc/x86_64-linux-gnu/13/crtbeginS.o -L/usr/lib/gcc/x86_64-linux-gnu/13 -L/usr/lib/gcc/x86_64-linux-gnu/13/../../../x86_64-linux-gnu -L/usr/lib/gcc/x86_64-linux-gnu/13/../../../../lib -L/lib/x86_64-linux-gnu -L/lib/../lib -L/usr/lib/x86_64-linux-gnu -L/usr/lib/../lib -L/usr/lib/gcc/x86_64-linux-gnu/13/../../.. CMakeFiles/cmTC_3c580.dir/CMakeCXXCompilerABI.cpp.o -lstdc++ -lm -lgcc_s -lgcc -lc -lgcc_s -lgcc /usr/lib/gcc/x86_64-linux-gnu/13/crtendS.o /usr/lib/gcc/x86_64-linux-gnu/13/../../../x86_64-linux-gnu/crtn.o]
    arg [/usr/libexec/gcc/x86_64-linux-gnu/13/collect2] ==> ignore
    arg [-plugin] ==> ignore
    arg [/usr/libexec/gcc/x86_64-linux-gnu/13/liblto_plugin.so] ==> ignore
    arg [-plugin-opt=/usr/libexec/gcc/x86_64-linux-gnu/13/lto-wrapper] ==> ignore
    arg [-plugin-opt=-fresolution=/tmp/ccWKeMkc.res] ==> ignore
    arg [-plugin-opt=-pass-through=-lgcc_s] ==> ignore
    arg [-plugin-opt=-pass-through=-lgcc] ==> ignore
    arg [-plugin-opt=-pass-through=-lc] ==> ignore
    arg [-plugin-opt=-pass-through=-lgcc_s] ==> ignore
    arg [-plugin-opt=-pass-through=-lgcc] ==> ignore
    arg [--build-id] ==> ignore
    arg [--eh-frame-hdr] ==> ignore
    arg [-m] ==> ignore
    arg [elf_x86_64] ==> ignore
    arg [--hash-style=gnu] ==> ignore
    arg [--as-needed] ==> ignore
    arg [-dynamic-linker] ==> ignore
    arg [/lib64/ld-linux-x86-64.so.2] ==> ignore
    arg [-pie] ==> ignore
    arg [-znow] ==> ignore
    arg [-zrelro] ==> ignore
    arg [-o] ==> ignore
    arg [cmTC_3c580] ==> ignore
    arg [/usr/lib/gcc/x86_64-linux-gnu/13/../../../x86_64-linux-gnu/Scrt1.o] ==> ignore
    arg [/usr/lib/gcc/x86_64-linux-gnu/13/../../../x86_64-linux-gnu/crti.o] ==> ignore
    arg [/usr/lib/gcc/x86_64-linux-gnu/13/crtbeginS.o] ==> ignore
    arg [-L/usr/lib/gcc/x86_64-linux-gnu/13] ==> dir [/usr/lib/gcc/x86_64-linux-gnu/13]
    arg [-L/usr/lib/gcc/x86_64-linux-gnu/13/../../../x86_64-linux-gnu] ==> dir [/usr/lib/gcc/x86_64-linux-gnu/13/../../../x86_64-linux-gnu]
    arg [-L/usr/lib/gcc/x86_64-linux-gnu/13/../../../../lib] ==> dir [/usr/lib/gcc/x86_64-linux-gnu/13/../../../../lib]
    arg [-L/lib/x86_64-linux-gnu] ==> dir [/lib/x86_64-linux-gnu]
    arg [-L/lib/../lib] ==> dir [/lib/../lib]
    arg [-L/usr/lib/x86_64-linux-gnu] ==> dir [/usr/lib/x86_64-linux-gnu]
    arg [-L/usr/lib/../lib] ==> dir [/usr/lib/../lib]
    arg [-L/usr/lib/gcc/x86_64-linux-gnu/13/../../..] ==> dir [/usr/lib/gcc/x86_64-linux-gnu/13/../../..]
    arg [CMakeFiles/cmTC_3c580.dir/CMakeCXXCompilerABI.cpp.o] ==> ignore
    arg [-lstdc++] ==> lib [stdc++]
    arg [-lm] ==> lib [m]
    arg [-lgcc_s] ==> lib [gcc_s]
    arg [-lgcc] ==> lib [gcc]
    arg [-lc] ==> lib [c]
    arg [-lgcc_s] ==> lib [gcc_s]
    arg [-lgcc] ==> lib [gcc]
    arg [/usr/lib/gcc/x86_64-linux-gnu/13/crtendS.o] ==> ignore
    arg [/usr/lib/gcc/x86_64-linux-gnu/13/../../../x86_64-linux-gnu/crtn.o] ==> ignore
  collapse library dir [/usr/lib/gcc/x86_64-linux-gnu/13] ==> [/usr/lib/gcc/x86_64-linux-gnu/13]
  collapse library dir [/usr/lib/gcc/x86_64-linux-gnu/13/../../../x86_64-linux-gnu] ==> [/usr/lib/x86_64-linux-gnu]
  collapse library dir [/usr/lib/gcc/x86_64-linux-gnu/13/../../../../lib] ==> [/usr/lib]
  collapse library dir [/lib/x86_64-linux-gnu] ==> [/lib/x86_64-linux-gnu]
  collapse library dir [/lib/../lib] ==> [/lib]
  collapse library dir [/usr/lib/x86_64-linux-gnu] ==> [/usr/lib/x86_64-linux-gnu]
  collapse library dir [/usr/lib/../lib] ==> [/usr/lib]
  collapse library dir [/usr/lib/gcc/x86_64-linux-gnu/13/../../..] ==> [/usr/lib]
  implicit libs: [stdc++;m;gcc_s;gcc;c;gcc_s;gcc]
  implicit dirs: [/usr/lib/gcc/x86_64-linux-gnu/13;/usr/lib/x86_64-linux-gnu;/usr/lib;/lib/x86_64-linux-gnu;/lib]
  implicit fwks: []


The system is: Linux - 4.4.0-19041-Microsoft - x86_64
Compiling the C compiler identification source file "CMakeCCompilerId.c" succeeded.
Compiler: /usr/bin/cc 
Build flags: 
Id flags:  

The output was:
0


Compilation of the C compiler identification source "CMakeCCompilerId.c" produced "a.out"

The C compiler identification is GNU, found in "/home/dachuo/build/CMakeFiles/3.16.3/CompilerIdC/a.out"

Compiling the CXX compiler identification source file "CMakeCXXCompilerId.cpp" succeeded.
Compiler: /usr/bin/c++ 
Build flags: 
Id flags:  

The output was:
0


Compilation of the CXX compiler identification source "CMakeCXXCompilerId.cpp" produced "a.out"

The CXX compiler identification is GNU, found in "/home/dachuo/build/CMakeFiles/3.16.3/CompilerIdCXX/a.out"

Determining if the C compiler works passed with the following output:
Change Dir: /home/dachuo/build/CMakeFiles/CMakeTmp

Run Build Command(s):/usr/bin/make cmTC_5d542/fast && /usr/bin/make -f CMakeFiles/cmTC_5d542.dir/build.make CMakeFiles/cmTC_5d542.dir/build
make[1]: Entering directory '/home/dachuo/build/CMakeFiles/CMakeTmp'
Building C object CMakeFiles/cmTC_5d542.dir/testCCompiler.c.o
/usr/bin/cc    -o CMakeFiles/cmTC_5d542.dir/testCCompiler.c.o   -c /home/dachuo/build/CMakeFiles/CMakeTmp/testCCompiler.c
Linking C executable cmTC_5d542
/usr/bin/cmake -E cmake_link_script CMakeFiles/cmTC_5d542.dir/link.txt --verbose=1
/usr/bin/cc      CMakeFiles/cmTC_5d542.dir/testCCompiler.c.o  -o cmTC_5d542 
make[1]: Leaving directory '/home/dachuo/build/CMakeFiles/CMakeTmp'



Detecting C compiler ABI info compiled with the following output:
Change Dir: /home/dachuo/build/CMakeFiles/CMakeTmp

Run Build Command(s):/usr/bin/make cmTC_9ddbe/fast && /usr/bin/make -f CMakeFiles/cmTC_9ddbe.dir/build.make CMakeFiles/cmTC_9ddbe.dir/build
make[1]: Entering directory '/home/dachuo/build/CMakeFiles/CMakeTmp'
Building C object CMakeFiles/cmTC_9ddbe.dir/CMakeCCompilerABI.c.o
/usr/bin/cc   -v -o CMakeFiles/cmTC_9ddbe.dir/CMakeCCompilerABI.c.o   -c /usr/share/cmake-3.16/Modules/CMakeCCompilerABI.c
Using built-in specs.
COLLECT_GCC=/usr/bin/cc
Target: x86_64-linux-gnu
Configured with: ../src/configure -v --with-pkgversion='Ubuntu 13.1.0-8ubuntu1~20.04.2' --with-bugurl=file:///usr/share/doc/gcc-13/README.Bugs --enable-languages=c,ada,c++,go,d,fortran,objc,obj-c++,m2,rust --prefix=/usr --with-gcc-major-version-only --program-suffix=-13 --program-prefix=x86_64-linux-gnu- --enable-shared --enable-linker-build-id --libexecdir=/usr/libexec --without-included-gettext --enable-threads=posix --libdir=/usr/lib --enable-nls --enable-clocale=gnu --enable-libstdcxx-debug --enable-libstdcxx-time=yes --with-default-libstdcxx-abi=new --enable-gnu-unique-object --disable-vtable-verify --enable-plugin --enable-default-pie --with-system-zlib --enable-libphobos-checking=release --with-target-system-zlib=auto --enable-objc-gc=auto --enable-multiarch --disable-werror --enable-cet --with-arch-32=i686 --with-abi=m64 --with-multilib-list=m32,m64,mx32 --enable-multilib --with-tune=generic --enable-checking=release --build=x86_64-linux-gnu --host=x86_64-linux-gnu --target=x86_64-linux-gnu
Thread model: posix
Supported LTO compression algorithms: zlib zstd
gcc version 13.1.0 (Ubuntu 13.1.0-8ubuntu1~20.04.2) 
COLLECT_GCC_OPTIONS='-v' '-o' 'CMakeFiles/cmTC_9ddbe.dir/CMakeCCompilerABI.c.o' '-c' '-mtune=generic' '-march=x86-64' '-dumpdir' 'CMakeFiles/cmTC_9ddbe.dir/'
 /usr/libexec/gcc/x86_64-linux-gnu/13/cc1 -quiet -v -imultiarch x86_64-linux-gnu /usr/share/cmake-3.16/Modules/CMakeCCompilerABI.c -quiet -dumpdir CMakeFiles/cmTC_9ddbe.dir/ -dumpbase CMakeCCompilerABI.c.c -dumpbase-ext .c -mtune=generic -march=x86-64 -version -fasynchronous-unwind-tables -fstack-protector-strong -Wformat -Wformat-security -fstack-clash-protection -fcf-protection -o /tmp/ccIEvCPV.s
GNU C17 (Ubuntu 13.1.0-8ubuntu1~20.04.2) version 13.1.0 (x86_64-linux-gnu)
	compiled by GNU C version 13.1.0, GMP version 6.2.0, MPFR version 4.0.2, MPC version 1.1.0, isl version isl-0.22.1-GMP

GGC heuristics: --param ggc-min-expand=100 --param ggc-min-heapsize=131072
ignoring nonexistent directory "/usr/local/include/x86_64-linux-gnu"
ignoring nonexistent directory "/usr/lib/gcc/x86_64-linux-gnu/13/include-fixed/x86_64-linux-gnu"
ignoring nonexistent directory "/usr/lib/gcc/x86_64-linux-gnu/13/include-fixed"
ignoring nonexistent directory "/usr/lib/gcc/x86_64-linux-gnu/13/../../../../x86_64-linux-gnu/include"
#include "..." search starts here:
#include <...> search starts here:
 /usr/lib/gcc/x86_64-linux-gnu/13/include
 /usr/local/include
 /usr/include/x86_64-linux-gnu
 /usr/include
End of search list.
Compiler executable checksum: f0b3c90e0f11c3d406d33a12053911f6
COLLECT_GCC_OPTIONS='-v' '-o' 'CMakeFiles/cmTC_9ddbe.dir/CMakeCCompilerABI.c.o' '-c' '-mtune=generic' '-march=x86-64' '-dumpdir' 'CMakeFiles/cmTC_9ddbe.dir/'
 as -v --64 -o CMakeFiles/cmTC_9ddbe.dir/CMakeCCompilerABI.c.o /tmp/ccIEvCPV.s
GNU assembler version 2.34 (x86_64-linux-gnu) using BFD version (GNU Binutils for Ubuntu) 2.34
COMPILER_PATH=/usr/libexec/gcc/x86_64-linux-gnu/13/:/usr/libexec/gcc/x86_64-linux-gnu/13/:/usr/libexec/gcc/x86_64-linux-gnu/:/usr/lib/gcc/x86_64-linux-gnu/13/:/usr/lib/gcc/x86_64-linux-gnu/
LIBRARY_PATH=/usr/lib/gcc/x86_64-linux-gnu/13/:/usr/lib/gcc/x86_64-linux-gnu/13/../../../x86_64-linux-gnu/:/usr/lib/gcc/x86_64-linux-gnu/13/../../../../lib/:/lib/x86_64-linux-gnu/:/lib/../lib/:/usr/lib/x86_64-linux-gnu/:/usr/lib/../lib/:/usr/lib/gcc/x86_64-linux-gnu/13/../../../:/lib/:/usr/lib/
COLLECT_GCC_OPTIONS='-v' '-o' 'CMakeFiles/cmTC_9ddbe.dir/CMakeCCompilerABI.c.o' '-c' '-mtune=generic' '-march=x86-64' '-dumpdir' 'CMakeFiles/cmTC_9ddbe.dir/CMakeCCompilerABI.c.'
Linking C executable cmTC_9ddbe
/usr/bin/cmake -E cmake_link_script CMakeFiles/cmTC_9ddbe.dir/link.txt --verbose=1
/usr/bin/cc     -v CMakeFiles/cmTC_9ddbe.dir/CMakeCCompilerABI.c.o  -o cmTC_9ddbe 
Using built-in specs.
COLLECT_GCC=/usr/bin/cc
COLLECT_LTO_WRAPPER=/usr/libexec/gcc/x86_64-linux-gnu/13/lto-wrapper
Target: x86_64-linux-gnu
Configured with: ../src/configure -v --with-pkgversion='Ubuntu 13.1.0-8ubuntu1~20.04.2' --with-bugurl=file:///usr/share/doc/gcc-13/README.Bugs --enable-languages=c,ada,c++,go,d,fortran,objc,obj-c++,m2,rust --prefix=/usr --with-gcc-major-version-only --program-suffix=-13 --program-prefix=x86_64-linux-gnu- --enable-shared --enable-linker-build-id --libexecdir=/usr/libexec --without-included-gettext --enable-threads=posix --libdir=/usr/lib --enable-nls --enable-clocale=gnu --enable-libstdcxx-debug --enable-libstdcxx-time=yes --with-default-libstdcxx-abi=new --enable-gnu-unique-object --disable-vtable-verify --enable-plugin --enable-default-pie --with-system-zlib --enable-libphobos-checking=release --with-target-system-zlib=auto --enable-objc-gc=auto --enable-multiarch --disable-werror --enable-cet --with-arch-32=i686 --with-abi=m64 --with-multilib-list=m32,m64,mx32 --enable-multilib --with-tune=generic --enable-checking=release --build=x86_64-linux-gnu --host=x86_64-linux-gnu --target=x86_64-linux-gnu
Thread model: posix
Supported LTO compression algorithms: zlib zstd
gcc version 13.1.0 (Ubuntu 13.1.0-8ubuntu1~20.04.2) 
COMPILER_PATH=/usr/libexec/gcc/x86_64-linux-gnu/13/:/usr/libexec/gcc/x86_64-linux-gnu/13/:/usr/libexec/gcc/x86_64-linux-gnu/:/usr/lib/gcc/x86_64-linux-gnu/13/:/usr/lib/gcc/x86_64-linux-gnu/
LIBRARY_PATH=/usr/lib/gcc/x86_64-linux-gnu/13/:/usr/lib/gcc/x86_64-linux-gnu/13/../../../x86_64-linux-gnu/:/usr/lib/gcc/x86_64-linux-gnu/13/../../../../lib/:/lib/x86_64-linux-gnu/:/lib/../lib/:/usr/lib/x86_64-linux-gnu/:/usr/lib/../lib/:/usr/lib/gcc/x86_64-linux-gnu/13/../../../:/lib/:/usr/lib/
COLLECT_GCC_OPTIONS='-v' '-o' 'cmTC_9ddbe' '-mtune=generic' '-march=x86-64' '-dumpdir' 'cmTC_9ddbe.'
 /usr/libexec/gcc/x86_64-linux-gnu/13/collect2 -plugin /usr/libexec/gcc/x86_64-linux-gnu/13/liblto_plugin.so -plugin-opt=/usr/libexec/gcc/x86_64-linux-gnu/13/lto-wrapper -plugin-opt=-fresolution=/tmp/ccoHNyta.res -plugin-opt=-pass-through=-lgcc -plugin-opt=-pass-through=-lgcc_s -plugin-opt=-pass-through=-lc -plugin-opt=-pass-through=-lgcc -plugin-opt=-pass-through=-lgcc_s --build-id --eh-frame-hdr -m elf_x86_64 --hash-style=gnu --as-needed -dynamic-linker /lib64/ld-linux-x86-64.so.2 -pie -z now -z relro -o cmTC_9ddbe /usr/lib/gcc/x86_64-linux-gnu/13/../../../x86_64-linux-gnu/Scrt1.o /usr/lib/gcc/x86_64-linux-gnu/13/../../../x86_64-linux-gnu/crti.o /usr/lib/gcc/x86_64-linux-gnu/13/crtbeginS.o -L/usr/lib/gcc/x86_64-linux-gnu/13 -L/usr/lib/gcc/x86_64-linux-gnu/13/../../../x86_64-linux-gnu -L/usr/lib/gcc/x86_64-linux-gnu/13/../../../../lib -L/lib/x86_64-linux-gnu -L/lib/../lib -L/usr/lib/x86_64-linux-gnu -L/usr/lib/../lib -L/usr/lib/gcc/x86_64-linux-gnu/13/../../.. CMakeFiles/cmTC_9ddbe.dir/CMakeCCompilerABI.c.o -lgcc --push-state --as-needed -lgcc_s --pop-state -lc -lgcc --push-state --as-needed -lgcc_s --pop-state /usr/lib/gcc/x86_64-linux-gnu/13/crtendS.o /usr/lib/gcc/x86_64-linux-gnu/13/../../../x86_64-linux-gnu/crtn.o
COLLECT_GCC_OPTIONS='-v' '-o' 'cmTC_9ddbe' '-mtune=generic' '-march=x86-64' '-dumpdir' 'cmTC_9ddbe.'
make[1]: Leaving directory '/home/dachuo/build/CMakeFiles/CMakeTmp'



Parsed C implicit include dir info from above output: rv=done
  found start of include info
  found start of implicit include info
    add: [/usr/lib/gcc/x86_64-linux-gnu/13/include]
    add: [/usr/local/include]
    add: [/usr/include/x86_64-linux-gnu]
    add: [/usr/include]
  end of search list found
  collapse include dir [/usr/lib/gcc/x86_64-linux-gnu/13/include] ==> [/usr/lib/gcc/x86_64-linux-gnu/13/include]
  collapse include dir [/usr/local/include] ==> [/usr/local/include]
  collapse include dir [/usr/include/x86_64-linux-gnu] ==> [/usr/include/x86_64-linux-gnu]
  collapse include dir [/usr/include] ==> [/usr/include]
  implicit include dirs: [/usr/lib/gcc/x86_64-linux-gnu/13/include;/usr/local/include;/usr/include/x86_64-linux-gnu;/usr/include]


Parsed C implicit link information from above output:
  link line regex: [^( *|.*[/\])(ld|CMAKE_LINK_STARTFILE-NOTFOUND|([^/\]+-)?ld|collect2)[^/\]*( |$)]
  ignore line: [Change Dir: /home/dachuo/build/CMakeFiles/CMakeTmp]
  ignore line: []
  ignore line: [Run Build Command(s):/usr/bin/make cmTC_9ddbe/fast && /usr/bin/make -f CMakeFiles/cmTC_9ddbe.dir/build.make CMakeFiles/cmTC_9ddbe.dir/build]
  ignore line: [make[1]: Entering directory '/home/dachuo/build/CMakeFiles/CMakeTmp']
  ignore line: [Building C object CMakeFiles/cmTC_9ddbe.dir/CMakeCCompilerABI.c.o]
  ignore line: [/usr/bin/cc   -v -o CMakeFiles/cmTC_9ddbe.dir/CMakeCCompilerABI.c.o   -c /usr/share/cmake-3.16/Modules/CMakeCCompilerABI.c]
  ignore line: [Using built-in specs.]
  ignore line: [COLLECT_GCC=/usr/bin/cc]
  ignore line: [Target: x86_64-linux-gnu]
  ignore line: [Configured with: ../src/configure -v --with-pkgversion='Ubuntu 13.1.0-8ubuntu1~20.04.2' --with-bugurl=file:///usr/share/doc/gcc-13/README.Bugs --enable-languages=c ada c++ go d fortran objc obj-c++ m2 rust --prefix=/usr --with-gcc-major-version-only --program-suffix=-13 --program-prefix=x86_64-linux-gnu- --enable-shared --enable-linker-build-id --libexecdir=/usr/libexec --without-included-gettext --enable-threads=posix --libdir=/usr/lib --enable-nls --enable-clocale=gnu --enable-libstdcxx-debug --enable-libstdcxx-time=yes --with-default-libstdcxx-abi=new --enable-gnu-unique-object --disable-vtable-verify --enable-plugin --enable-default-pie --with-system-zlib --enable-libphobos-checking=release --with-target-system-zlib=auto --enable-objc-gc=auto --enable-multiarch --disable-werror --enable-cet --with-arch-32=i686 --with-abi=m64 --with-multilib-list=m32 m64 mx32 --enable-multilib --with-tune=generic --enable-checking=release --build=x86_64-linux-gnu --host=x86_64-linux-gnu --target=x86_64-linux-gnu]
  ignore line: [Thread model: posix]
  ignore line: [Supported LTO compression algorithms: zlib zstd]
  ignore line: [gcc version 13.1.0 (Ubuntu 13.1.0-8ubuntu1~20.04.2) ]
  ignore line: [COLLECT_GCC_OPTIONS='-v' '-o' 'CMakeFiles/cmTC_9ddbe.dir/CMakeCCompilerABI.c.o' '-c' '-mtune=generic' '-march=x86-64' '-dumpdir' 'CMakeFiles/cmTC_9ddbe.dir/']
  ignore line: [ /usr/libexec/gcc/x86_64-linux-gnu/13/cc1 -quiet -v -imultiarch x86_64-linux-gnu /usr/share/cmake-3.16/Modules/CMakeCCompilerABI.c -quiet -dumpdir CMakeFiles/cmTC_9ddbe.dir/ -dumpbase CMakeCCompilerABI.c.c -dumpbase-ext .c -mtune=generic -march=x86-64 -version -fasynchronous-unwind-tables -fstack-protector-strong -Wformat -Wformat-security -fstack-clash-protection -fcf-protection -o /tmp/ccIEvCPV.s]
  ignore line: [GNU C17 (Ubuntu 13.1.0-8ubuntu1~20.04.2) version 13.1.0 (x86_64-linux-gnu)]
  ignore line: [	compiled by GNU C version 13.1.0  GMP version 6.2.0  MPFR version 4.0.2  MPC version 1.1.0  isl version isl-0.22.1-GMP]
  ignore line: []
  ignore line: [GGC heuristics: --param ggc-min-expand=100 --param ggc-min-heapsize=131072]
  ignore line: [ignoring nonexistent directory "/usr/local/include/x86_64-linux-gnu"]
  ignore line: [ignoring nonexistent directory "/usr/lib/gcc/x86_64-linux-gnu/13/include-fixed/x86_64-linux-gnu"]
  ignore line: [ignoring nonexistent directory "/usr/lib/gcc/x86_64-linux-gnu/13/include-fixed"]
  ignore line: [ignoring nonexistent directory "/usr/lib/gcc/x86_64-linux-gnu/13/../../../../x86_64-linux-gnu/include"]
  ignore line: [#include "..." search starts here:]
  ignore line: [#include <...> search starts here:]
  ignore line: [ /usr/lib/gcc/x86_64-linux-gnu/13/include]
  ignore line: [ /usr/local/include]
  ignore line: [ /usr/include/x86_64-linux-gnu]
  ignore line: [ /usr/include]
  ignore line: [End of search list.]
  ignore line: [Compiler executable checksum: f0b3c90e0f11c3d406d33a12053911f6]
  ignore line: [COLLECT_GCC_OPTIONS='-v' '-o' 'CMakeFiles/cmTC_9ddbe.dir/CMakeCCompilerABI.c.o' '-c' '-mtune=generic' '-march=x86-64' '-dumpdir' 'CMakeFiles/cmTC_9ddbe.dir/']
  ignore line: [ as -v --64 -o CMakeFiles/cmTC_9ddbe.dir/CMakeCCompilerABI.c.o /tmp/ccIEvCPV.s]
  ignore line: [GNU assembler version 2.34 (x86_64-linux-gnu) using BFD version (GNU Binutils for Ubuntu) 2.34]
  ignore line: [COMPILER_PATH=/usr/libexec/gcc/x86_64-linux-gnu/13/:/usr/libexec/gcc/x86_64-linux-gnu/13/:/usr/libexec/gcc/x86_64-linux-gnu/:/usr/lib/gcc/x86_64-linux-gnu/13/:/usr/lib/gcc/x86_64-linux-gnu/]
  ignore line: [LIBRARY_PATH=/usr/lib/gcc/x86_64-linux-gnu/13/:/usr/lib/gcc/x86_64-linux-gnu/13/../../../x86_64-linux-gnu/:/usr/lib/gcc/x86_64-linux-gnu/13/../../../../lib/:/lib/x86_64-linux-gnu/:/lib/../lib/:/usr/lib/x86_64-linux-gnu/:/usr/lib/../lib/:/usr/lib/gcc/x86_64-linux-gnu/13/../../../:/lib/:/usr/lib/]
  ignore line: [COLLECT_GCC_OPTIONS='-v' '-o' 'CMakeFiles/cmTC_9ddbe.dir/CMakeCCompilerABI.c.o' '-c' '-mtune=generic' '-march=x86-64' '-dumpdir' 'CMakeFiles/cmTC_9ddbe.dir/CMakeCCompilerABI.c.']
  ignore line: [Linking C executable cmTC_9ddbe]
  ignore line: [/usr/bin/cmake -E cmake_link_script CMakeFiles/cmTC_9ddbe.dir/link.txt --verbose=1]
  ignore line: [/usr/bin/cc     -v CMakeFiles/cmTC_9ddbe.dir/CMakeCCompilerABI.c.o  -o cmTC_9ddbe ]
  ignore line: [Using built-in specs.]
  ignore line: [COLLECT_GCC=/usr/bin/cc]
  ignore line: [COLLECT_LTO_WRAPPER=/usr/libexec/gcc/x86_64-linux-gnu/13/lto-wrapper]
  ignore line: [Target: x86_64-linux-gnu]
  ignore line: [Configured with: ../src/configure -v --with-pkgversion='Ubuntu 13.1.0-8ubuntu1~20.04.2' --with-bugurl=file:///usr/share/doc/gcc-13/README.Bugs --enable-languages=c ada c++ go d fortran objc obj-c++ m2 rust --prefix=/usr --with-gcc-major-version-only --program-suffix=-13 --program-prefix=x86_64-linux-gnu- --enable-shared --enable-linker-build-id --libexecdir=/usr/libexec --without-included-gettext --enable-threads=posix --libdir=/usr/lib --enable-nls --enable-clocale=gnu --enable-libstdcxx-debug --enable-libstdcxx-time=yes --with-default-libstdcxx-abi=new --enable-gnu-unique-object --disable-vtable-verify --enable-plugin --enable-default-pie --with-system-zlib --enable-libphobos-checking=release --with-target-system-zlib=auto --enable-objc-gc=auto --enable-multiarch --disable-werror --enable-cet --with-arch-32=i686 --with-abi=m64 --with-multilib-list=m32 m64 mx32 --enable-multilib --with-tune=generic --enable-checking=release --build=x86_64-linux-gnu --host=x86_64-linux-gnu --target=x86_64-linux-gnu]
  ignore line: [Thread model: posix]
  ignore line: [Supported LTO compression algorithms: zlib zstd]
  ignore line: [gcc version 13.1.0 (Ubuntu 13.1.0-8ubuntu1~20.04.2) ]
  ignore line: [COMPILER_PATH=/usr/libexec/gcc/x86_64-linux-gnu/13/:/usr/libexec/gcc/x86_64-linux-gnu/13/:/usr/libexec/gcc/x86_64-linux-gnu/:/usr/lib/gcc/x86_64-linux-gnu/13/:/usr/lib/gcc/x86_64-linux-gnu/]
  ignore line: [LIBRARY_PATH=/usr/lib/gcc/x86_64-linux-gnu/13/:/usr/lib/gcc/x86_64-linux-gnu/13/../../../x86_64-linux-gnu/:/usr/lib/gcc/x86_64-linux-gnu/13/../../../../lib/:/lib/x86_64-linux-gnu/:/lib/../lib/:/usr/lib/x86_64-linux-gnu/:/usr/lib/../lib/:/usr/lib/gcc/x86_64-linux-gnu/13/../../../:/lib/:/usr/lib/]
  ignore line: [COLLECT_GCC_OPTIONS='-v' '-o' 'cmTC_9ddbe' '-mtune=generic' '-march=x86-64' '-dumpdir' 'cmTC_9ddbe.']
  link line: [ /usr/libexec/gcc/x86_64-linux-gnu/13/collect2 -plugin /usr/libexec/gcc/x86_64-linux-gnu/13/liblto_plugin.so -plugin-opt=/usr/libexec/gcc/x86_64-linux-gnu/13/lto-wrapper -plugin-opt=-fresolution=/tmp/ccoHNyta.res -plugin-opt=-pass-through=-lgcc -plugin-opt=-pass-through=-lgcc_s -plugin-opt=-pass-through=-lc -plugin-opt=-pass-through=-lgcc -plugin-opt=-pass-through=-lgcc_s --build-id --eh-frame-hdr -m elf_x86_64 --hash-style=gnu --as-needed -dynamic-linker /lib64/ld-linux-x86-64.so.2 -pie -z now -z relro -o cmTC_9ddbe /usr/lib/gcc/x86_64-linux-gnu/13/../../../x86_64-linux-gnu/Scrt1.o /usr/lib/gcc/x86_64-linux-gnu/13/../../../x86_64-linux-gnu/crti.o /usr/lib/gcc/x86_64-linux-gnu/13/crtbeginS.o -L/usr/lib/gcc/x86_64-linux-gnu/13 -L/usr/lib/gcc/x86_64-linux-gnu/13/../../../x86_64-linux-gnu -L/usr/lib/gcc/x86_64-linux-gnu/13/../../../../lib -L/lib/x86_64-linux-gnu -L/lib/../lib -L/usr/lib/x86_64-linux-gnu -L/usr/lib/../lib -L/usr/lib/gcc/x86_64-linux-gnu/13/../../.. CMakeFiles/cmTC_9ddbe.dir/CMakeCCompilerABI.c.o -lgcc --push-state --as-needed -lgcc_s --pop-state -lc -lgcc --push-state --as-needed -lgcc_s --pop-state /usr/lib/gcc/x86_64-linux-gnu/13/crtendS.o /usr/lib/gcc/x86_64-linux-gnu/13/../../../x86_64-linux-gnu/crtn.o]
    arg [/usr/libexec/gcc/x86_64-linux-gnu/13/collect2] ==> ignore
    arg [-plugin] ==> ignore
    arg [/usr/libexec/gcc/x86_64-linux-gnu/13/liblto_plugin.so] ==> ignore
    arg [-plugin-opt=/usr/libexec/gcc/x86_64-linux-gnu/13/lto-wrapper] ==> ignore
    arg [-plugin-opt=-fresolution=/tmp/ccoHNyta.res] ==> ignore
    arg [-plugin-opt=-pass-through=-lgcc] ==> ignore
    arg [-plugin-opt=-pass-through=-lgcc_s] ==> ignore
    arg [-plugin-opt=-pass-through=-lc] ==> ignore
    arg [-plugin-opt=-pass-through=-lgcc] ==> ignore
    arg [-plugin-opt=-pass-through=-lgcc_s] ==> ignore
    arg [--build-id] ==> ignore
    arg [--eh-frame-hdr] ==> ignore
    arg [-m] ==> ignore
    arg [elf_x86_64] ==> ignore
    arg [--hash-style=gnu] ==> ignore
    arg [--as-needed] ==> ignore
    arg [-dynamic-linker] ==> ignore
    arg [/lib64/ld-linux-x86-64.so.2] ==> ignore
    arg [-pie] ==> ignore
    arg [-znow] ==> ignore
    arg [-zrelro] ==> ignore
    arg [-o] ==> ignore
    arg [cmTC_9ddbe] ==> ignore
    arg [/usr/lib/gcc/x86_64-linux-gnu/13/../../../x86_64-linux-gnu/Scrt1.o] ==> ignore
    arg [/usr/lib/gcc/x86_64-linux-gnu/13/../../../x86_64-linux-gnu/crti.o] ==> ignore
    arg [/usr/lib/gcc/x86_64-linux-gnu/13/crtbeginS.o] ==> ignore
    arg [-L/usr/lib/gcc/x86_64-linux-gnu/13] ==> dir [/usr/lib/gcc/x86_64-linux-gnu/13]
    arg [-L/usr/lib/gcc/x86_64-linux-gnu/13/../../../x86_64-linux-gnu] ==> dir [/usr/lib/gcc/x86_64-linux-gnu/13/../../../x86_64-linux-gnu]
    arg [-L/usr/lib/gcc/x86_64-linux-gnu/13/../../../../lib] ==> dir [/usr/lib/gcc/x86_64-linux-gnu/13/../../../../lib]
    arg [-L/lib/x86_64-linux-gnu] ==> dir [/lib/x86_64-linux-gnu]
    arg [-L/lib/../lib] ==> dir [/lib/../lib]
    arg [-L/usr/lib/x86_64-linux-gnu] ==> dir [/usr/lib/x86_64-linux-gnu]
    arg [-L/usr/lib/../lib] ==> dir [/usr/lib/../lib]
    arg [-L/usr/lib/gcc/x86_64-linux-gnu/13/../../..] ==> dir [/usr/lib/gcc/x86_64-linux-gnu/13/../../..]
    arg [CMakeFiles/cmTC_9ddbe.dir/CMakeCCompilerABI.c.o] ==> ignore
    arg [-lgcc] ==> lib [gcc]
    arg [--push-state] ==> ignore
    arg [--as-needed] ==> ignore
    arg [-lgcc_s] ==> lib [gcc_s]
    arg [--pop-state] ==> ignore
    arg [-lc] ==> lib [c]
    arg [-lgcc] ==> lib [gcc]
    arg [--push-state] ==> ignore
    arg [--as-needed] ==> ignore
    arg [-lgcc_s] ==> lib [gcc_s]
    arg [--pop-state] ==> ignore
    arg [/usr/lib/gcc/x86_64-linux-gnu/13/crtendS.o] ==> ignore
    arg [/usr/lib/gcc/x86_64-linux-gnu/13/../../../x86_64-linux-gnu/crtn.o] ==> ignore
  collapse library dir [/usr/lib/gcc/x86_64-linux-gnu/13] ==> [/usr/lib/gcc/x86_64-linux-gnu/13]
  collapse library dir [/usr/lib/gcc/x86_64-linux-gnu/13/../../../x86_64-linux-gnu] ==> [/usr/lib/x86_64-linux-gnu]
  collapse library dir [/usr/lib/gcc/x86_64-linux-gnu/13/../../../../lib] ==> [/usr/lib]
  collapse library dir [/lib/x86_64-linux-gnu] ==> [/lib/x86_64-linux-gnu]
  collapse library dir [/lib/../lib] ==> [/lib]
  collapse library dir [/usr/lib/x86_64-linux-gnu] ==> [/usr/lib/x86_64-linux-gnu]
  collapse library dir [/usr/lib/../lib] ==> [/usr/lib]
  collapse library dir [/usr/lib/gcc/x86_64-linux-gnu/13/../../..] ==> [/usr/lib]
  implicit libs: [gcc;gcc_s;c;gcc;gcc_s]
  implicit dirs: [/usr/lib/gcc/x86_64-linux-gnu/13;/usr/lib/x86_64-linux-gnu;/usr/lib;/lib/x86_64-linux-gnu;/lib]
  implicit fwks: []


Determining if the CXX compiler works passed with the following output:
Change Dir: /home/dachuo/build/CMakeFiles/CMakeTmp

Run Build Command(s):/usr/bin/make cmTC_65f4a/fast && /usr/bin/make -f CMakeFiles/cmTC_65f4a.dir/build.make CMakeFiles/cmTC_65f4a.dir/build
make[1]: Entering directory '/home/dachuo/build/CMakeFiles/CMakeTmp'
Building CXX object CMakeFiles/cmTC_65f4a.dir/testCXXCompiler.cxx.o
/usr/bin/c++    -std=gnu++2a -o CMakeFiles/cmTC_65f4a.dir/testCXXCompiler.cxx.o -c /home/dachuo/build/CMakeFiles/CMakeTmp/testCXXCompiler.cxx
Linking CXX executable cmTC_65f4a
/usr/bin/cmake -E cmake_link_script CMakeFiles/cmTC_65f4a.dir/link.txt --verbose=1
/usr/bin/c++       CMakeFiles/cmTC_65f4a.dir/testCXXCompiler.cxx.o  -o cmTC_65f4a 
make[1]: Leaving directory '/home/dachuo/build/CMakeFiles/CMakeTmp'



Detecting CXX compiler ABI info compiled with the following output:
Change Dir: /home/dachuo/build/CMakeFiles/CMakeTmp

Run Build Command(s):/usr/bin/make cmTC_22129/fast && /usr/bin/make -f CMakeFiles/cmTC_22129.dir/build.make CMakeFiles/cmTC_22129.dir/build
make[1]: Entering directory '/home/dachuo/build/CMakeFiles/CMakeTmp'
Building CXX object CMakeFiles/cmTC_22129.dir/CMakeCXXCompilerABI.cpp.o
/usr/bin/c++    -v -std=gnu++2a -o CMakeFiles/cmTC_22129.dir/CMakeCXXCompilerABI.cpp.o -c /usr/share/cmake-3.16/Modules/CMakeCXXCompilerABI.cpp
Using built-in specs.
COLLECT_GCC=/usr/bin/c++
Target: x86_64-linux-gnu
Configured with: ../src/configure -v --with-pkgversion='Ubuntu 13.1.0-8ubuntu1~20.04.2' --with-bugurl=file:///usr/share/doc/gcc-13/README.Bugs --enable-languages=c,ada,c++,go,d,fortran,objc,obj-c++,m2,rust --prefix=/usr --with-gcc-major-version-only --program-suffix=-13 --program-prefix=x86_64-linux-gnu- --enable-shared --enable-linker-build-id --libexecdir=/usr/libexec --without-included-gettext --enable-threads=posix --libdir=/usr/lib --enable-nls --enable-clocale=gnu --enable-libstdcxx-debug --enable-libstdcxx-time=yes --with-default-libstdcxx-abi=new --enable-gnu-unique-object --disable-vtable-verify --enable-plugin --enable-default-pie --with-system-zlib --enable-libphobos-checking=release --with-target-system-zlib=auto --enable-objc-gc=auto --enable-multiarch --disable-werror --enable-cet --with-arch-32=i686 --with-abi=m64 --with-multilib-list=m32,m64,mx32 --enable-multilib --with-tune=generic --enable-checking=release --build=x86_64-linux-gnu --host=x86_64-linux-gnu --target=x86_64-linux-gnu
Thread model: posix
Supported LTO compression algorithms: zlib zstd
gcc version 13.1.0 (Ubuntu 13.1.0-8ubuntu1~20.04.2) 
COLLECT_GCC_OPTIONS='-v' '-std=gnu++20' '-o' 'CMakeFiles/cmTC_22129.dir/CMakeCXXCompilerABI.cpp.o' '-c' '-shared-libgcc' '-mtune=generic' '-march=x86-64' '-dumpdir' 'CMakeFiles/cmTC_22129.dir/'
 /usr/libexec/gcc/x86_64-linux-gnu/13/cc1plus -quiet -v -imultiarch x86_64-linux-gnu -D_GNU_SOURCE /usr/share/cmake-3.16/Modules/CMakeCXXCompilerABI.cpp -quiet -dumpdir CMakeFiles/cmTC_22129.dir/ -dumpbase CMakeCXXCompilerABI.cpp.cpp -dumpbase-ext .cpp -mtune=generic -march=x86-64 -std=gnu++20 -version -fasynchronous-unwind-tables -fstack-protector-strong -Wformat -Wformat-security -fstack-clash-protection -fcf-protection -o /tmp/ccuz3yWo.s
GNU C++20 (Ubuntu 13.1.0-8ubuntu1~20.04.2) version 13.1.0 (x86_64-linux-gnu)
	compiled by GNU C version 13.1.0, GMP version 6.2.0, MPFR version 4.0.2, MPC version 1.1.0, isl version isl-0.22.1-GMP

GGC heuristics: --param ggc-min-expand=100 --param ggc-min-heapsize=131072
ignoring duplicate directory "/usr/include/x86_64-linux-gnu/c++/13"
ignoring nonexistent directory "/usr/local/include/x86_64-linux-gnu"
ignoring nonexistent directory "/usr/lib/gcc/x86_64-linux-gnu/13/include-fixed/x86_64-linux-gnu"
ignoring nonexistent directory "/usr/lib/gcc/x86_64-linux-gnu/13/include-fixed"
ignoring nonexistent directory "/usr/lib/gcc/x86_64-linux-gnu/13/../../../../x86_64-linux-gnu/include"
#include "..." search starts here:
#include <...> search starts here:
 /usr/include/c++/13
 /usr/include/x86_64-linux-gnu/c++/13
 /usr/include/c++/13/backward
 /usr/lib/gcc/x86_64-linux-gnu/13/include
 /usr/local/include
 /usr/include/x86_64-linux-gnu
 /usr/include
End of search list.
Compiler executable checksum: 391880e3be75f4e1ac78bddcb50fff0c
COLLECT_GCC_OPTIONS='-v' '-std=gnu++20' '-o' 'CMakeFiles/cmTC_22129.dir/CMakeCXXCompilerABI.cpp.o' '-c' '-shared-libgcc' '-mtune=generic' '-march=x86-64' '-dumpdir' 'CMakeFiles/cmTC_22129.dir/'
 as -v --64 -o CMakeFiles/cmTC_22129.dir/CMakeCXXCompilerABI.cpp.o /tmp/ccuz3yWo.s
GNU assembler version 2.34 (x86_64-linux-gnu) using BFD version (GNU Binutils for Ubuntu) 2.34
COMPILER_PATH=/usr/libexec/gcc/x86_64-linux-gnu/13/:/usr/libexec/gcc/x86_64-linux-gnu/13/:/usr/libexec/gcc/x86_64-linux-gnu/:/usr/lib/gcc/x86_64-linux-gnu/13/:/usr/lib/gcc/x86_64-linux-gnu/
LIBRARY_PATH=/usr/lib/gcc/x86_64-linux-gnu/13/:/usr/lib/gcc/x86_64-linux-gnu/13/../../../x86_64-linux-gnu/:/usr/lib/gcc/x86_64-linux-gnu/13/../../../../lib/:/lib/x86_64-linux-gnu/:/lib/../lib/:/usr/lib/x86_64-linux-gnu/:/usr/lib/../lib/:/usr/lib/gcc/x86_64-linux-gnu/13/../../../:/lib/:/usr/lib/
COLLECT_GCC_OPTIONS='-v' '-std=gnu++20' '-o' 'CMakeFiles/cmTC_22129.dir/CMakeCXXCompilerABI.cpp.o' '-c' '-shared-libgcc' '-mtune=generic' '-march=x86-64' '-dumpdir' 'CMakeFiles/cmTC_22129.dir/CMakeCXXCompilerABI.cpp.'
Linking CXX executable cmTC_22129
/usr/bin/cmake -E cmake_link_script CMakeFiles/cmTC_22129.dir/link.txt --verbose=1
/usr/bin/c++      -v CMakeFiles/cmTC_22129.dir/CMakeCXXCompilerABI.cpp.o  -o cmTC_22129 
Using built-in specs.
COLLECT_GCC=/usr/bin/c++
COLLECT_LTO_WRAPPER=/usr/libexec/gcc/x86_64-linux-gnu/13/lto-wrapper
Target: x86_64-linux-gnu
Configured with: ../src/configure -v --with-pkgversion='Ubuntu 13.1.0-8ubuntu1~20.04.2' --with-bugurl=file:///usr/share/doc/gcc-13/README.Bugs --enable-languages=c,ada,c++,go,d,fortran,objc,obj-c++,m2,rust --prefix=/usr --with-gcc-major-version-only --program-suffix=-13 --program-prefix=x86_64-linux-gnu- --enable-shared --enable-linker-build-id --libexecdir=/usr/libexec --without-included-gettext --enable-threads=posix --libdir=/usr/lib --enable-nls --enable-clocale=gnu --enable-libstdcxx-debug --enable-libstdcxx-time=yes --with-default-libstdcxx-abi=new --enable-gnu-unique-object --disable-vtable-verify --enable-plugin --enable-default-pie --with-system-zlib --enable-libphobos-checking=release --with-target-system-zlib=auto --enable-objc-gc=auto --enable-multiarch --disable-werror --enable-cet --with-arch-32=i686 --with-abi=m64 --with-multilib-list=m32,m64,mx32 --enable-multilib --with-tune=generic --enable-checking=release --build=x86_64-linux-gnu --host=x86_64-linux-gnu --target=x86_64-linux-gnu
Thread model: posix
Supported LTO compression algorithms: zlib zstd
gcc version 13.1.0 (Ubuntu 13.1.0-8ubuntu1~20.04.2) 
COMPILER_PATH=/usr/libexec/gcc/x86_64-linux-gnu/13/:/usr/libexec/gcc/x86_64-linux-gnu/13/:/usr/libexec/gcc/x86_64-linux-gnu/:/usr/lib/gcc/x86_64-linux-gnu/13/:/usr/lib/gcc/x86_64-linux-gnu/
LIBRARY_PATH=/usr/lib/gcc/x86_64-linux-gnu/13/:/usr/lib/gcc/x86_64-linux-gnu/13/../../../x86_64-linux-gnu/:/usr/lib/gcc/x86_64-linux-gnu/13/../../../../lib/:/lib/x86_64-linux-gnu/:/lib/../lib/:/usr/lib/x86_64-linux-gnu/:/usr/lib/../lib/:/usr/lib/gcc/x86_64-linux-gnu/13/../../../:/lib/:/usr/lib/
COLLECT_GCC_OPTIONS='-v' '-o' 'cmTC_22129' '-shared-libgcc' '-mtune=generic' '-march=x86-64' '-dumpdir' 'cmTC_22129.'
 /usr/libexec/gcc/x86_64-linux-gnu/13/collect2 -plugin /usr/libexec/gcc/x86_64-linux-gnu/13/liblto_plugin.so -plugin-opt=/usr/libexec/gcc/x86_64-linux-gnu/13/lto-wrapper -plugin-opt=-fresolution=/tmp/ccIhW73Q.res -plugin-opt=-pass-through=-lgcc_s -plugin-opt=-pass-through=-lgcc -plugin-opt=-pass-through=-lc -plugin-opt=-pass-through=-lgcc_s -plugin-opt=-pass-through=-lgcc --build-id --eh-frame-hdr -m elf_x86_64 --hash-style=gnu --as-needed -dynamic-linker /lib64/ld-linux-x86-64.so.2 -pie -z now -z relro -o cmTC_22129 /usr/lib/gcc/x86_64-linux-gnu/13/../../../x86_64-linux-gnu/Scrt1.o /usr/lib/gcc/x86_64-linux-gnu/13/../../../x86_64-linux-gnu/crti.o /usr/lib/gcc/x86_64-linux-gnu/13/crtbeginS.o -L/usr/lib/gcc/x86_64-linux-gnu/13 -L/usr/lib/gcc/x86_64-linux-gnu/13/../../../x86_64-linux-gnu -L/usr/lib/gcc/x86_64-linux-gnu/13/../../../../lib -L/lib/x86_64-linux-gnu -L/lib/../lib -L/usr/lib/x86_64-linux-gnu -L/usr/lib/../lib -L/usr/lib/gcc/x86_64-linux-gnu/13/../../.. CMakeFiles/cmTC_22129.dir/CMakeCXXCompilerABI.cpp.o -lstdc++ -lm -lgcc_s -lgcc -lc -lgcc_s -lgcc /usr/lib/gcc/x86_64-linux-gnu/13/crtendS.o /usr/lib/gcc/x86_64-linux-gnu/13/../../../x86_64-linux-gnu/crtn.o
COLLECT_GCC_OPTIONS='-v' '-o' 'cmTC_22129' '-shared-libgcc' '-mtune=generic' '-march=x86-64' '-dumpdir' 'cmTC_22129.'
make[1]: Leaving directory '/home/dachuo/build/CMakeFiles/CMakeTmp'



Parsed CXX implicit include dir info from above output: rv=done
  found start of include info
  found start of implicit include info
    add: [/usr/include/c++/13]
    add: [/usr/include/x86_64-linux-gnu/c++/13]
    add: [/usr/include/c++/13/backward]
    add: [/usr/lib/gcc/x86_64-linux-gnu/13/include]
    add: [/usr/local/include]
    add: [/usr/include/x86_64-linux-gnu]
    add: [/usr/include]
  end of search list found
  collapse include dir [/usr/include/c++/13] ==> [/usr/include/c++/13]
  collapse include dir [/usr/include/x86_64-linux-gnu/c++/13] ==> [/usr/include/x86_64-linux-gnu/c++/13]
  collapse include dir [/usr/include/c++/13/backward] ==> [/usr/include/c++/13/backward]
  collapse include dir [/usr/lib/gcc/x86_64-linux-gnu/13/include] ==> [/usr/lib/gcc/x86_64-linux-gnu/13/include]
  collapse include dir [/usr/local/include] ==> [/usr/local/include]
  collapse include dir [/usr/include/x86_64-linux-gnu] ==> [/usr/include/x86_64-linux-gnu]
  collapse include dir [/usr/include] ==> [/usr/include]
  implicit include dirs: [/usr/include/c++/13;/usr/include/x86_64-linux-gnu/c++/13;/usr/include/c++/13/backward;/usr/lib/gcc/x86_64-linux-gnu/13/include;/usr/local/include;/usr/include/x86_64-linux-gnu;/usr/include]


Parsed CXX implicit link information from above output:
  link line regex: [^( *|.*[/\])(ld|CMAKE_LINK_STARTFILE-NOTFOUND|([^/\]+-)?ld|collect2)[^/\]*( |$)]
  ignore line: [Change Dir: /home/dachuo/build/CMakeFiles/CMakeTmp]
  ignore line: []
  ignore line: [Run Build Command(s):/usr/bin/make cmTC_22129/fast && /usr/bin/make -f CMakeFiles/cmTC_22129.dir/build.make CMakeFiles/cmTC_22129.dir/build]
  ignore line: [make[1]: Entering directory '/home/dachuo/build/CMakeFiles/CMakeTmp']
  ignore line: [Building CXX object CMakeFiles/cmTC_22129.dir/CMakeCXXCompilerABI.cpp.o]
  ignore line: [/usr/bin/c++    -v -std=gnu++2a -o CMakeFiles/cmTC_22129.dir/CMakeCXXCompilerABI.cpp.o -c /usr/share/cmake-3.16/Modules/CMakeCXXCompilerABI.cpp]
  ignore line: [Using built-in specs.]
  ignore line: [COLLECT_GCC=/usr/bin/c++]
  ignore line: [Target: x86_64-linux-gnu]
  ignore line: [Configured with: ../src/configure -v --with-pkgversion='Ubuntu 13.1.0-8ubuntu1~20.04.2' --with-bugurl=file:///usr/share/doc/gcc-13/README.Bugs --enable-languages=c ada c++ go d fortran objc obj-c++ m2 rust --prefix=/usr --with-gcc-major-version-only --program-suffix=-13 --program-prefix=x86_64-linux-gnu- --enable-shared --enable-linker-build-id --libexecdir=/usr/libexec --without-included-gettext --enable-threads=posix --libdir=/usr/lib --enable-nls --enable-clocale=gnu --enable-libstdcxx-debug --enable-libstdcxx-time=yes --with-default-libstdcxx-abi=new --enable-gnu-unique-object --disable-vtable-verify --enable-plugin --enable-default-pie --with-system-zlib --enable-libphobos-checking=release --with-target-system-zlib=auto --enable-objc-gc=auto --enable-multiarch --disable-werror --enable-cet --with-arch-32=i686 --with-abi=m64 --with-multilib-list=m32 m64 mx32 --enable-multilib --with-tune=generic --enable-checking=release --build=x86_64-linux-gnu --host=x86_64-linux-gnu --target=x86_64-linux-gnu]
  ignore line: [Thread model: posix]
  ignore line: [Supported LTO compression algorithms: zlib zstd]
  ignore line: [gcc version 13.1.0 (Ubuntu 13.1.0-8ubuntu1~20.04.2) ]
  ignore line: [COLLECT_GCC_OPTIONS='-v' '-std=gnu++20' '-o' 'CMakeFiles/cmTC_22129.dir/CMakeCXXCompilerABI.cpp.o' '-c' '-shared-libgcc' '-mtune=generic' '-march=x86-64' '-dumpdir' 'CMakeFiles/cmTC_22129.dir/']
  ignore line: [ /usr/libexec/gcc/x86_64-linux-gnu/13/cc1plus -quiet -v -imultiarch x86_64-linux-gnu -D_GNU_SOURCE /usr/share/cmake-3.16/Modules/CMakeCXXCompilerABI.cpp -quiet -dumpdir CMakeFiles/cmTC_22129.dir/ -dumpbase CMakeCXXCompilerABI.cpp.cpp -dumpbase-ext .cpp -mtune=generic -march=x86-64 -std=gnu++20 -version -fasynchronous-unwind-tables -fstack-protector-strong -Wformat -Wformat-security -fstack-clash-protection -fcf-protection -o /tmp/ccuz3yWo.s]
  ignore line: [GNU C++20 (Ubuntu 13.1.0-8ubuntu1~20.04.2) version 13.1.0 (x86_64-linux-gnu)]
  ignore line: [	compiled by GNU C version 13.1.0  GMP version 6.2.0  MPFR version 4.0.2  MPC version 1.1.0  isl version isl-0.22.1-GMP]
  ignore line: []
  ignore line: [GGC heuristics: --param ggc-min-expand=100 --param ggc-min-heapsize=131072]
  ignore line: [ignoring duplicate directory "/usr/include/x86_64-linux-gnu/c++/13"]
  ignore line: [ignoring nonexistent directory "/usr/local/include/x86_64-linux-gnu"]
  ignore line: [ignoring nonexistent directory "/usr/lib/gcc/x86_64-linux-gnu/13/include-fixed/x86_64-linux-gnu"]
  ignore line: [ignoring nonexistent directory "/usr/lib/gcc/x86_64-linux-gnu/13/include-fixed"]
  ignore line: [ignoring nonexistent directory "/usr/lib/gcc/x86_64-linux-gnu/13/../../../../x86_64-linux-gnu/include"]
  ignore line: [#include "..." search starts here:]
  ignore line: [#include <...> search starts here:]
  ignore line: [ /usr/include/c++/13]
  ignore line: [ /usr/include/x86_64-linux-gnu/c++/13]
  ignore line: [ /usr/include/c++/13/backward]
  ignore line: [ /usr/lib/gcc/x86_64-linux-gnu/13/include]
  ignore line: [ /usr/local/include]
  ignore line: [ /usr/include/x86_64-linux-gnu]
  ignore line: [ /usr/include]
  ignore line: [End of search list.]
  ignore line: [Compiler executable checksum: 391880e3be75f4e1ac78bddcb50fff0c]
  ignore line: [COLLECT_GCC_OPTIONS='-v' '-std=gnu++20' '-o' 'CMakeFiles/cmTC_22129.dir/CMakeCXXCompilerABI.cpp.o' '-c' '-shared-libgcc' '-mtune=generic' '-march=x86-64' '-dumpdir' 'CMakeFiles/cmTC_22129.dir/']
  ignore line: [ as -v --64 -o CMakeFiles/cmTC_22129.dir/CMakeCXXCompilerABI.cpp.o /tmp/ccuz3yWo.s]
  ignore line: [GNU assembler version 2.34 (x86_64-linux-gnu) using BFD version (GNU Binutils for Ubuntu) 2.34]
  ignore line: [COMPILER_PATH=/usr/libexec/gcc/x86_64-linux-gnu/13/:/usr/libexec/gcc/x86_64-linux-gnu/13/:/usr/libexec/gcc/x86_64-linux-gnu/:/usr/lib/gcc/x86_64-linux-gnu/13/:/usr/lib/gcc/x86_64-linux-gnu/]
  ignore line: [LIBRARY_PATH=/usr/lib/gcc/x86_64-linux-gnu/13/:/usr/lib/gcc/x86_64-linux-gnu/13/../../../x86_64-linux-gnu/:/usr/lib/gcc/x86_64-linux-gnu/13/../../../../lib/:/lib/x86_64-linux-gnu/:/lib/../lib/:/usr/lib/x86_64-linux-gnu/:/usr/lib/../lib/:/usr/lib/gcc/x86_64-linux-gnu/13/../../../:/lib/:/usr/lib/]
  ignore line: [COLLECT_GCC_OPTIONS='-v' '-std=gnu++20' '-o' 'CMakeFiles/cmTC_22129.dir/CMakeCXXCompilerABI.cpp.o' '-c' '-shared-libgcc' '-mtune=generic' '-march=x86-64' '-dumpdir' 'CMakeFiles/cmTC_22129.dir/CMakeCXXCompilerABI.cpp.']
  ignore line: [Linking CXX executable cmTC_22129]
  ignore line: [/usr/bin/cmake -E cmake_link_script CMakeFiles/cmTC_22129.dir/link.txt --verbose=1]
  ignore line: [/usr/bin/c++      -v CMakeFiles/cmTC_22129.dir/CMakeCXXCompilerABI.cpp.o  -o cmTC_22129 ]
  ignore line: [Using built-in specs.]
  ignore line: [COLLECT_GCC=/usr/bin/c++]
  ignore line: [COLLECT_LTO_WRAPPER=/usr/libexec/gcc/x86_64-linux-gnu/13/lto-wrapper]
  ignore line: [Target: x86_64-linux-gnu]
  ignore line: [Configured with: ../src/configure -v --with-pkgversion='Ubuntu 13.1.0-8ubuntu1~20.04.2' --with-bugurl=file:///usr/share/doc/gcc-13/README.Bugs --enable-languages=c ada c++ go d fortran objc obj-c++ m2 rust --prefix=/usr --with-gcc-major-version-only --program-suffix=-13 --program-prefix=x86_64-linux-gnu- --enable-shared --enable-linker-build-id --libexecdir=/usr/libexec --without-included-gettext --enable-threads=posix --libdir=/usr/lib --enable-nls --enable-clocale=gnu --enable-libstdcxx-debug --enable-libstdcxx-time=yes --with-default-libstdcxx-abi=new --enable-gnu-unique-object --disable-vtable-verify --enable-plugin --enable-default-pie --with-system-zlib --enable-libphobos-checking=release --with-target-system-zlib=auto --enable-objc-gc=auto --enable-multiarch --disable-werror --enable-cet --with-arch-32=i686 --with-abi=m64 --with-multilib-list=m32 m64 mx32 --enable-multilib --with-tune=generic --enable-checking=release --build=x86_64-linux-gnu --host=x86_64-linux-gnu --target=x86_64-linux-gnu]
  ignore line: [Thread model: posix]
  ignore line: [Supported LTO compression algorithms: zlib zstd]
  ignore line: [gcc version 13.1.0 (Ubuntu 13.1.0-8ubuntu1~20.04.2) ]
  ignore line: [COMPILER_PATH=/usr/libexec/gcc/x86_64-linux-gnu/13/:/usr/libexec/gcc/x86_64-linux-gnu/13/:/usr/libexec/gcc/x86_64-linux-gnu/:/usr/lib/gcc/x86_64-linux-gnu/13/:/usr/lib/gcc/x86_64-linux-gnu/]
  ignore line: [LIBRARY_PATH=/usr/lib/gcc/x86_64-linux-gnu/13/:/usr/lib/gcc/x86_64-linux-gnu/13/../../../x86_64-linux-gnu/:/usr/lib/gcc/x86_64-linux-gnu/13/../../../../lib/:/lib/x86_64-linux-gnu/:/lib/../lib/:/usr/lib/x86_64-linux-gnu/:/usr/lib/../lib/:/usr/lib/gcc/x86_64-linux-gnu/13/../../../:/lib/:/usr/lib/]
  ignore line: [COLLECT_GCC_OPTIONS='-v' '-o' 'cmTC_22129' '-shared-libgcc' '-mtune=generic' '-march=x86-64' '-dumpdir' 'cmTC_22129.']
  link line: [ /usr/libexec/gcc/x86_64-linux-gnu/13/collect2 -plugin /usr/libexec/gcc/x86_64-linux-gnu/13/liblto_plugin.so -plugin-opt=/usr/libexec/gcc/x86_64-linux-gnu/13/lto-wrapper -plugin-opt=-fresolution=/tmp/ccIhW73Q.res -plugin-opt=-pass-through=-lgcc_s -plugin-opt=-pass-through=-lgcc -plugin-opt=-pass-through=-lc -plugin-opt=-pass-through=-lgcc_s -plugin-opt=-pass-through=-lgcc --build-id --eh-frame-hdr -m elf_x86_64 --hash-style=gnu --as-needed -dynamic-linker /lib64/ld-linux-x86-64.so.2 -pie -z now -z relro -o cmTC_22129 /usr/lib/gcc/x86_64-linux-gnu/13/../../../x86_64-linux-gnu/Scrt1.o /usr/lib/gcc/x86_64-linux-gnu/13/../../../x86_64-linux-gnu/crti.o /usr/lib/gcc/x86_64-linux-gnu/13/crtbeginS.o -L/usr/lib/gcc/x86_64-linux-gnu/13 -L/usr/lib/gcc/x86_64-linux-gnu/13/../../../x86_64-linux-gnu -L/usr/lib/gcc/x86_64-linux-gnu/13/../../../../lib -L/lib/x86_64-linux-gnu -L/lib/../lib -L/usr/lib/x86_64-linux-gnu -L/usr/lib/../lib -L/usr/lib/gcc/x86_64-linux-gnu/13/../../.. CMakeFiles/cmTC_22129.dir/CMakeCXXCompilerABI.cpp.o -lstdc++ -lm -lgcc_s -lgcc -lc -lgcc_s -lgcc /usr/lib/gcc/x86_64-linux-gnu/13/crtendS.o /usr/lib/gcc/x86_64-linux-gnu/13/../../../x86_64-linux-gnu/crtn.o]
    arg [/usr/libexec/gcc/x86_64-linux-gnu/13/collect2] ==> ignore
    arg [-plugin] ==> ignore
    arg [/usr/libexec/gcc/x86_64-linux-gnu/13/liblto_plugin.so] ==> ignore
    arg [-plugin-opt=/usr/libexec/gcc/x86_64-linux-gnu/13/lto-wrapper] ==> ignore
    arg [-plugin-opt=-fresolution=/tmp/ccIhW73Q.res] ==> ignore
    arg [-plugin-opt=-pass-through=-lgcc_s] ==> ignore
    arg [-plugin-opt=-pass-through=-lgcc] ==> ignore
    arg [-plugin-opt=-pass-through=-lc] ==> ignore
    arg [-plugin-opt=-pass-through=-lgcc_s] ==> ignore
    arg [-plugin-opt=-pass-through=-lgcc] ==> ignore
    arg [--build-id] ==> ignore
    arg [--eh-frame-hdr] ==> ignore
    arg [-m] ==> ignore
    arg [elf_x86_64] ==> ignore
    arg [--hash-style=gnu] ==> ignore
    arg [--as-needed] ==> ignore
    arg [-dynamic-linker] ==> ignore
    arg [/lib64/ld-linux-x86-64.so.2] ==> ignore
    arg [-pie] ==> ignore
    arg [-znow] ==> ignore
    arg [-zrelro] ==> ignore
    arg [-o] ==> ignore
    arg [cmTC_22129] ==> ignore
    arg [/usr/lib/gcc/x86_64-linux-gnu/13/../../../x86_64-linux-gnu/Scrt1.o] ==> ignore
    arg [/usr/lib/gcc/x86_64-linux-gnu/13/../../../x86_64-linux-gnu/crti.o] ==> ignore
    arg [/usr/lib/gcc/x86_64-linux-gnu/13/crtbeginS.o] ==> ignore
    arg [-L/usr/lib/gcc/x86_64-linux-gnu/13] ==> dir [/usr/lib/gcc/x86_64-linux-gnu/13]
    arg [-L/usr/lib/gcc/x86_64-linux-gnu/13/../../../x86_64-linux-gnu] ==> dir [/usr/lib/gcc/x86_64-linux-gnu/13/../../../x86_64-linux-gnu]
    arg [-L/usr/lib/gcc/x86_64-linux-gnu/13/../../../../lib] ==> dir [/usr/lib/gcc/x86_64-linux-gnu/13/../../../../lib]
    arg [-L/lib/x86_64-linux-gnu] ==> dir [/lib/x86_64-linux-gnu]
    arg [-L/lib/../lib] ==> dir [/lib/../lib]
    arg [-L/usr/lib/x86_64-linux-gnu] ==> dir [/usr/lib/x86_64-linux-gnu]
    arg [-L/usr/lib/../lib] ==> dir [/usr/lib/../lib]
    arg [-L/usr/lib/gcc/x86_64-linux-gnu/13/../../..] ==> dir [/usr/lib/gcc/x86_64-linux-gnu/13/../../..]
    arg [CMakeFiles/cmTC_22129.dir/CMakeCXXCompilerABI.cpp.o] ==> ignore
    arg [-lstdc++] ==> lib [stdc++]
    arg [-lm] ==> lib [m]
    arg [-lgcc_s] ==> lib [gcc_s]
    arg [-lgcc] ==> lib [gcc]
    arg [-lc] ==> lib [c]
    arg [-lgcc_s] ==> lib [gcc_s]
    arg [-lgcc] ==> lib [gcc]
    arg [/usr/lib/gcc/x86_64-linux-gnu/13/crtendS.o] ==> ignore
    arg [/usr/lib/gcc/x86_64-linux-gnu/13/../../../x86_64-linux-gnu/crtn.o] ==> ignore
  collapse library dir [/usr/lib/gcc/x86_64-linux-gnu/13] ==> [/usr/lib/gcc/x86_64-linux-gnu/13]
  collapse library dir [/usr/lib/gcc/x86_64-linux-gnu/13/../../../x86_64-linux-gnu] ==> [/usr/lib/x86_64-linux-gnu]
  collapse library dir [/usr/lib/gcc/x86_64-linux-gnu/13/../../../../lib] ==> [/usr/lib]
  collapse library dir [/lib/x86_64-linux-gnu] ==> [/lib/x86_64-linux-gnu]
  collapse library dir [/lib/../lib] ==> [/lib]
  collapse library dir [/usr/lib/x86_64-linux-gnu] ==> [/usr/lib/x86_64-linux-gnu]
  collapse library dir [/usr/lib/../lib] ==> [/usr/lib]
  collapse library dir [/usr/lib/gcc/x86_64-linux-gnu/13/../../..] ==> [/usr/lib]
  implicit libs: [stdc++;m;gcc_s;gcc;c;gcc_s;gcc]
  implicit dirs: [/usr/lib/gcc/x86_64-linux-gnu/13;/usr/lib/x86_64-linux-gnu;/usr/lib;/lib/x86_64-linux-gnu;/lib]
  implicit fwks: []


