20260210 22:05:02.290977   9425 INFO    HttpServer Listening on [ 0.0.0.0:80 ]-/home/dachuo/my_socket/src/HttpServer.cpp:180
20260210 22:05:03.292790   9425 INFO    metrics active=0 accept/s=0 close/s=0 req/s=0 parse_err/s=0 in_kbps=0 out_kbps=0 rd_eagain/s=0 wr_eagain/s=0 rd_err/s=0 wr_err/s=0 sf_kbps=0 sf_eagain/s=0 sf_err/s=0-/home/dachuo/my_socket/src/Metrics.cpp:99
20260210 22:05:04.293197   9425 INFO    metrics active=0 accept/s=0 close/s=0 req/s=0 parse_err/s=0 in_kbps=0 out_kbps=0 rd_eagain/s=0 wr_eagain/s=0 rd_err/s=0 wr_err/s=0 sf_kbps=0 sf_eagain/s=0 sf_err/s=0-/home/dachuo/my_socket/src/Metrics.cpp:99
20260210 22:05:05.294213   9425 INFO    metrics active=0 accept/s=0 close/s=0 req/s=0 parse_err/s=0 in_kbps=0 out_kbps=0 rd_eagain/s=0 wr_eagain/s=0 rd_err/s=0 wr_err/s=0 sf_kbps=0 sf_eagain/s=0 sf_err/s=0-/home/dachuo/my_socket/src/Metrics.cpp:99
20260210 22:05:05.939440   9425 INFO    HttpServer::OnNewConnection : Add connection [ fd#33 ] from 127.0.0.1:62240-/home/dachuo/my_socket/src/HttpServer.cpp:204
20260210 22:05:05.939895   9427 INFO    /rpc, request successfully. Method:POST-/home/dachuo/my_socket/src/HttpServer.cpp:232
20260210 22:05:06.295304   9425 INFO    metrics active=1 accept/s=0.998883 close/s=0 req/s=0.998883 parse_err/s=0 in_kbps=1.27058 out_kbps=1.79799 rd_eagain/s=0.998883 wr_eagain/s=0 rd_err/s=0 wr_err/s=0 sf_kbps=0 sf_eagain/s=0 sf_err/s=0-/home/dachuo/my_socket/src/Metrics.cpp:99
20260210 22:05:07.296473   9425 INFO    metrics active=1 accept/s=0 close/s=0 req/s=0 parse_err/s=0 in_kbps=0 out_kbps=0 rd_eagain/s=0 wr_eagain/s=0 rd_err/s=0 wr_err/s=0 sf_kbps=0 sf_eagain/s=0 sf_err/s=0-/home/dachuo/my_socket/src/Metrics.cpp:99
20260210 22:05:08.296855   9425 INFO    metrics active=1 accept/s=0 close/s=0 req/s=0 parse_err/s=0 in_kbps=0 out_kbps=0 rd_eagain/s=0 wr_eagain/s=0 rd_err/s=0 wr_err/s=0 sf_kbps=0 sf_eagain/s=0 sf_err/s=0-/home/dachuo/my_socket/src/Metrics.cpp:99
20260210 22:05:09.298086   9425 INFO    metrics active=1 accept/s=0 close/s=0 req/s=0 parse_err/s=0 in_kbps=0 out_kbps=0 rd_eagain/s=0 wr_eagain/s=0 rd_err/s=0 wr_err/s=0 sf_kbps=0 sf_eagain/s=0 sf_err/s=0-/home/dachuo/my_socket/src/Metrics.cpp:99
20260210 22:05:10.298820   9425 INFO    metrics active=1 accept/s=0 close/s=0 req/s=0 parse_err/s=0 in_kbps=0 out_kbps=0 rd_eagain/s=0 wr_eagain/s=0 rd_err/s=0 wr_err/s=0 sf_kbps=0 sf_eagain/s=0 sf_err/s=0-/home/dachuo/my_socket/src/Metrics.cpp:99
20260210 22:05:11.299354   9425 INFO    metrics active=1 accept/s=0 close/s=0 req/s=0 parse_err/s=0 in_kbps=0 out_kbps=0 rd_eagain/s=0 wr_eagain/s=0 rd_err/s=0 wr_err/s=0 sf_kbps=0 sf_eagain/s=0 sf_err/s=0-/home/dachuo/my_socket/src/Metrics.cpp:99
20260210 22:05:12.299982   9425 INFO    metrics active=1 accept/s=0 close/s=0 req/s=0 parse_err/s=0 in_kbps=0 out_kbps=0 rd_eagain/s=0 wr_eagain/s=0 rd_err/s=0 wr_err/s=0 sf_kbps=0 sf_eagain/s=0 sf_err/s=0-/home/dachuo/my_socket/src/Metrics.cpp:99
20260210 22:05:13.300949   9425 INFO    metrics active=1 accept/s=0 close/s=0 req/s=0 parse_err/s=0 in_kbps=0 out_kbps=0 rd_eagain/s=0 wr_eagain/s=0 rd_err/s=0 wr_err/s=0 sf_kbps=0 sf_eagain/s=0 sf_err/s=0-/home/dachuo/my_socket/src/Metrics.cpp:99
20260210 22:05:14.301869   9425 INFO    metrics active=1 accept/s=0 close/s=0 req/s=0 parse_err/s=0 in_kbps=0 out_kbps=0 rd_eagain/s=0 wr_eagain/s=0 rd_err/s=0 wr_err/s=0 sf_kbps=0 sf_eagain/s=0 sf_err/s=0-/home/dachuo/my_socket/src/Metrics.cpp:99
20260210 22:05:15.302649   9425 INFO    metrics active=1 accept/s=0 close/s=0 req/s=0 parse_err/s=0 in_kbps=0 out_kbps=0 rd_eagain/s=0 wr_eagain/s=0 rd_err/s=0 wr_err/s=0 sf_kbps=0 sf_eagain/s=0 sf_err/s=0-/home/dachuo/my_socket/src/Metrics.cpp:99
20260210 22:05:16.303215   9425 INFO    metrics active=1 accept/s=0 close/s=0 req/s=0 parse_err/s=0 in_kbps=0 out_kbps=0 rd_eagain/s=0 wr_eagain/s=0 rd_err/s=0 wr_err/s=0 sf_kbps=0 sf_eagain/s=0 sf_err/s=0-/home/dachuo/my_socket/src/Metrics.cpp:99
20260210 22:05:17.303670   9425 INFO    metrics active=0 accept/s=0 close/s=0.999545 req/s=0 parse_err/s=0 in_kbps=0 out_kbps=0 rd_eagain/s=0 wr_eagain/s=0 rd_err/s=0 wr_err/s=0 sf_kbps=0 sf_eagain/s=0 sf_err/s=0-/home/dachuo/my_socket/src/Metrics.cpp:99
20260210 22:05:18.304325   9425 INFO    metrics active=0 accept/s=0 close/s=0 req/s=0 parse_err/s=0 in_kbps=0 out_kbps=0 rd_eagain/s=0 wr_eagain/s=0 rd_err/s=0 wr_err/s=0 sf_kbps=0 sf_eagain/s=0 sf_err/s=0-/home/dachuo/my_socket/src/Metrics.cpp:99
20260210 22:05:19.304733   9425 INFO    metrics active=0 accept/s=0 close/s=0 req/s=0 parse_err/s=0 in_kbps=0 out_kbps=0 rd_eagain/s=0 wr_eagain/s=0 rd_err/s=0 wr_err/s=0 sf_kbps=0 sf_eagain/s=0 sf_err/s=0-/home/dachuo/my_socket/src/Metrics.cpp:99
20260210 22:05:20.305672   9425 INFO    metrics active=0 accept/s=0 close/s=0 req/s=0 parse_err/s=0 in_kbps=0 out_kbps=0 rd_eagain/s=0 wr_eagain/s=0 rd_err/s=0 wr_err/s=0 sf_kbps=0 sf_eagain/s=0 sf_err/s=0-/home/dachuo/my_socket/src/Metrics.cpp:99
20260210 22:05:21.306434   9425 INFO    metrics active=0 accept/s=0 close/s=0 req/s=0 parse_err/s=0 in_kbps=0 out_kbps=0 rd_eagain/s=0 wr_eagain/s=0 rd_err/s=0 wr_err/s=0 sf_kbps=0 sf_eagain/s=0 sf_err/s=0-/home/dachuo/my_socket/src/Metrics.cpp:99
20260210 22:05:22.307371   9425 INFO    metrics active=0 accept/s=0 close/s=0 req/s=0 parse_err/s=0 in_kbps=0 out_kbps=0 rd_eagain/s=0 wr_eagain/s=0 rd_err/s=0 wr_err/s=0 sf_kbps=0 sf_eagain/s=0 sf_err/s=0-/home/dachuo/my_socket/src/Metrics.cpp:99
20260210 22:05:23.308374   9425 INFO    metrics active=0 accept/s=0 close/s=0 req/s=0 parse_err/s=0 in_kbps=0 out_kbps=0 rd_eagain/s=0 wr_eagain/s=0 rd_err/s=0 wr_err/s=0 sf_kbps=0 sf_eagain/s=0 sf_err/s=0-/home/dachuo/my_socket/src/Metrics.cpp:99
20260210 22:05:24.309194   9425 INFO    metrics active=0 accept/s=0 close/s=0 req/s=0 parse_err/s=0 in_kbps=0 out_kbps=0 rd_eagain/s=0 wr_eagain/s=0 rd_err/s=0 wr_err/s=0 sf_kbps=0 sf_eagain/s=0 sf_err/s=0-/home/dachuo/my_socket/src/Metrics.cpp:99
20260210 22:05:25.310294   9425 INFO    metrics active=0 accept/s=0 close/s=0 req/s=0 parse_err/s=0 in_kbps=0 out_kbps=0 rd_eagain/s=0 wr_eagain/s=0 rd_err/s=0 wr_err/s=0 sf_kbps=0 sf_eagain/s=0 sf_err/s=0-/home/dachuo/my_socket/src/Metrics.cpp:99
20260210 22:05:26.310999   9425 INFO    metrics active=0 accept/s=0 close/s=0 req/s=0 parse_err/s=0 in_kbps=0 out_kbps=0 rd_eagain/s=0 wr_eagain/s=0 rd_err/s=0 wr_err/s=0 sf_kbps=0 sf_eagain/s=0 sf_err/s=0-/home/dachuo/my_socket/src/Metrics.cpp:99
20260210 22:05:27.311523   9425 INFO    metrics active=0 accept/s=0 close/s=0 req/s=0 parse_err/s=0 in_kbps=0 out_kbps=0 rd_eagain/s=0 wr_eagain/s=0 rd_err/s=0 wr_err/s=0 sf_kbps=0 sf_eagain/s=0 sf_err/s=0-/home/dachuo/my_socket/src/Metrics.cpp:99
20260210 22:05:28.312297   9425 INFO    metrics active=0 accept/s=0 close/s=0 req/s=0 parse_err/s=0 in_kbps=0 out_kbps=0 rd_eagain/s=0 wr_eagain/s=0 rd_err/s=0 wr_err/s=0 sf_kbps=0 sf_eagain/s=0 sf_err/s=0-/home/dachuo/my_socket/src/Metrics.cpp:99
20260210 22:05:29.313650   9425 INFO    metrics active=0 accept/s=0 close/s=0 req/s=0 parse_err/s=0 in_kbps=0 out_kbps=0 rd_eagain/s=0 wr_eagain/s=0 rd_err/s=0 wr_err/s=0 sf_kbps=0 sf_eagain/s=0 sf_err/s=0-/home/dachuo/my_socket/src/Metrics.cpp:99
20260210 22:05:30.313976   9425 INFO    metrics active=0 accept/s=0 close/s=0 req/s=0 parse_err/s=0 in_kbps=0 out_kbps=0 rd_eagain/s=0 wr_eagain/s=0 rd_err/s=0 wr_err/s=0 sf_kbps=0 sf_eagain/s=0 sf_err/s=0-/home/dachuo/my_socket/src/Metrics.cpp:99
20260210 22:05:31.314402   9425 INFO    metrics active=0 accept/s=0 close/s=0 req/s=0 parse_err/s=0 in_kbps=0 out_kbps=0 rd_eagain/s=0 wr_eagain/s=0 rd_err/s=0 wr_err/s=0 sf_kbps=0 sf_eagain/s=0 sf_err/s=0-/home/dachuo/my_socket/src/Metrics.cpp:99
20260210 22:05:32.314979   9425 INFO    metrics active=0 accept/s=0 close/s=0 req/s=0 parse_err/s=0 in_kbps=0 out_kbps=0 rd_eagain/s=0 wr_eagain/s=0 rd_err/s=0 wr_err/s=0 sf_kbps=0 sf_eagain/s=0 sf_err/s=0-/home/dachuo/my_socket/src/Metrics.cpp:99
20260210 22:05:33.315932   9425 INFO    metrics active=0 accept/s=0 close/s=0 req/s=0 parse_err/s=0 in_kbps=0 out_kbps=0 rd_eagain/s=0 wr_eagain/s=0 rd_err/s=0 wr_err/s=0 sf_kbps=0 sf_eagain/s=0 sf_err/s=0-/home/dachuo/my_socket/src/Metrics.cpp:99
20260210 22:05:34.316530   9425 INFO    metrics active=0 accept/s=0 close/s=0 req/s=0 parse_err/s=0 in_kbps=0 out_kbps=0 rd_eagain/s=0 wr_eagain/s=0 rd_err/s=0 wr_err/s=0 sf_kbps=0 sf_eagain/s=0 sf_err/s=0-/home/dachuo/my_socket/src/Metrics.cpp:99
20260210 22:05:35.317645   9425 INFO    metrics active=0 accept/s=0 close/s=0 req/s=0 parse_err/s=0 in_kbps=0 out_kbps=0 rd_eagain/s=0 wr_eagain/s=0 rd_err/s=0 wr_err/s=0 sf_kbps=0 sf_eagain/s=0 sf_err/s=0-/home/dachuo/my_socket/src/Metrics.cpp:99
20260210 22:05:36.318155   9425 INFO    metrics active=0 accept/s=0 close/s=0 req/s=0 parse_err/s=0 in_kbps=0 out_kbps=0 rd_eagain/s=0 wr_eagain/s=0 rd_err/s=0 wr_err/s=0 sf_kbps=0 sf_eagain/s=0 sf_err/s=0-/home/dachuo/my_socket/src/Metrics.cpp:99
20260210 22:05:37.318834   9425 INFO    metrics active=0 accept/s=0 close/s=0 req/s=0 parse_err/s=0 in_kbps=0 out_kbps=0 rd_eagain/s=0 wr_eagain/s=0 rd_err/s=0 wr_err/s=0 sf_kbps=0 sf_eagain/s=0 sf_err/s=0-/home/dachuo/my_socket/src/Metrics.cpp:99
20260210 22:05:38.319596   9425 INFO    metrics active=0 accept/s=0 close/s=0 req/s=0 parse_err/s=0 in_kbps=0 out_kbps=0 rd_eagain/s=0 wr_eagain/s=0 rd_err/s=0 wr_err/s=0 sf_kbps=0 sf_eagain/s=0 sf_err/s=0-/home/dachuo/my_socket/src/Metrics.cpp:99
20260210 22:05:39.319954   9425 INFO    metrics active=0 accept/s=0 close/s=0 req/s=0 parse_err/s=0 in_kbps=0 out_kbps=0 rd_eagain/s=0 wr_eagain/s=0 rd_err/s=0 wr_err/s=0 sf_kbps=0 sf_eagain/s=0 sf_err/s=0-/home/dachuo/my_socket/src/Metrics.cpp:99
20260210 22:05:40.320642   9425 INFO    metrics active=0 accept/s=0 close/s=0 req/s=0 parse_err/s=0 in_kbps=0 out_kbps=0 rd_eagain/s=0 wr_eagain/s=0 rd_err/s=0 wr_err/s=0 sf_kbps=0 sf_eagain/s=0 sf_err/s=0-/home/dachuo/my_socket/src/Metrics.cpp:99
20260210 22:05:41.321654   9425 INFO    metrics active=0 accept/s=0 close/s=0 req/s=0 parse_err/s=0 in_kbps=0 out_kbps=0 rd_eagain/s=0 wr_eagain/s=0 rd_err/s=0 wr_err/s=0 sf_kbps=0 sf_eagain/s=0 sf_err/s=0-/home/dachuo/my_socket/src/Metrics.cpp:99
20260210 22:05:42.322207   9425 INFO    metrics active=0 accept/s=0 close/s=0 req/s=0 parse_err/s=0 in_kbps=0 out_kbps=0 rd_eagain/s=0 wr_eagain/s=0 rd_err/s=0 wr_err/s=0 sf_kbps=0 sf_eagain/s=0 sf_err/s=0-/home/dachuo/my_socket/src/Metrics.cpp:99
20260210 22:05:43.322471   9425 INFO    metrics active=0 accept/s=0 close/s=0 req/s=0 parse_err/s=0 in_kbps=0 out_kbps=0 rd_eagain/s=0 wr_eagain/s=0 rd_err/s=0 wr_err/s=0 sf_kbps=0 sf_eagain/s=0 sf_err/s=0-/home/dachuo/my_socket/src/Metrics.cpp:99
20260210 22:05:44.322987   9425 INFO    metrics active=0 accept/s=0 close/s=0 req/s=0 parse_err/s=0 in_kbps=0 out_kbps=0 rd_eagain/s=0 wr_eagain/s=0 rd_err/s=0 wr_err/s=0 sf_kbps=0 sf_eagain/s=0 sf_err/s=0-/home/dachuo/my_socket/src/Metrics.cpp:99
20260210 22:05:45.324232   9425 INFO    metrics active=0 accept/s=0 close/s=0 req/s=0 parse_err/s=0 in_kbps=0 out_kbps=0 rd_eagain/s=0 wr_eagain/s=0 rd_err/s=0 wr_err/s=0 sf_kbps=0 sf_eagain/s=0 sf_err/s=0-/home/dachuo/my_socket/src/Metrics.cpp:99
20260210 22:05:46.324531   9425 INFO    metrics active=0 accept/s=0 close/s=0 req/s=0 parse_err/s=0 in_kbps=0 out_kbps=0 rd_eagain/s=0 wr_eagain/s=0 rd_err/s=0 wr_err/s=0 sf_kbps=0 sf_eagain/s=0 sf_err/s=0-/home/dachuo/my_socket/src/Metrics.cpp:99
20260210 22:05:47.325208   9425 INFO    metrics active=0 accept/s=0 close/s=0 req/s=0 parse_err/s=0 in_kbps=0 out_kbps=0 rd_eagain/s=0 wr_eagain/s=0 rd_err/s=0 wr_err/s=0 sf_kbps=0 sf_eagain/s=0 sf_err/s=0-/home/dachuo/my_socket/src/Metrics.cpp:99
20260210 22:05:48.325876   9425 INFO    metrics active=0 accept/s=0 close/s=0 req/s=0 parse_err/s=0 in_kbps=0 out_kbps=0 rd_eagain/s=0 wr_eagain/s=0 rd_err/s=0 wr_err/s=0 sf_kbps=0 sf_eagain/s=0 sf_err/s=0-/home/dachuo/my_socket/src/Metrics.cpp:99
20260210 22:05:49.326357   9425 INFO    metrics active=0 accept/s=0 close/s=0 req/s=0 parse_err/s=0 in_kbps=0 out_kbps=0 rd_eagain/s=0 wr_eagain/s=0 rd_err/s=0 wr_err/s=0 sf_kbps=0 sf_eagain/s=0 sf_err/s=0-/home/dachuo/my_socket/src/Metrics.cpp:99
20260210 22:05:50.326830   9425 INFO    metrics active=0 accept/s=0 close/s=0 req/s=0 parse_err/s=0 in_kbps=0 out_kbps=0 rd_eagain/s=0 wr_eagain/s=0 rd_err/s=0 wr_err/s=0 sf_kbps=0 sf_eagain/s=0 sf_err/s=0-/home/dachuo/my_socket/src/Metrics.cpp:99
20260210 22:05:51.327638   9425 INFO    metrics active=0 accept/s=0 close/s=0 req/s=0 parse_err/s=0 in_kbps=0 out_kbps=0 rd_eagain/s=0 wr_eagain/s=0 rd_err/s=0 wr_err/s=0 sf_kbps=0 sf_eagain/s=0 sf_err/s=0-/home/dachuo/my_socket/src/Metrics.cpp:99
20260210 22:05:52.327976   9425 INFO    metrics active=0 accept/s=0 close/s=0 req/s=0 parse_err/s=0 in_kbps=0 out_kbps=0 rd_eagain/s=0 wr_eagain/s=0 rd_err/s=0 wr_err/s=0 sf_kbps=0 sf_eagain/s=0 sf_err/s=0-/home/dachuo/my_socket/src/Metrics.cpp:99
20260210 22:05:53.329040   9425 INFO    metrics active=0 accept/s=0 close/s=0 req/s=0 parse_err/s=0 in_kbps=0 out_kbps=0 rd_eagain/s=0 wr_eagain/s=0 rd_err/s=0 wr_err/s=0 sf_kbps=0 sf_eagain/s=0 sf_err/s=0-/home/dachuo/my_socket/src/Metrics.cpp:99
20260210 22:05:54.329559   9425 INFO    metrics active=0 accept/s=0 close/s=0 req/s=0 parse_err/s=0 in_kbps=0 out_kbps=0 rd_eagain/s=0 wr_eagain/s=0 rd_err/s=0 wr_err/s=0 sf_kbps=0 sf_eagain/s=0 sf_err/s=0-/home/dachuo/my_socket/src/Metrics.cpp:99
20260210 22:05:55.330361   9425 INFO    metrics active=0 accept/s=0 close/s=0 req/s=0 parse_err/s=0 in_kbps=0 out_kbps=0 rd_eagain/s=0 wr_eagain/s=0 rd_err/s=0 wr_err/s=0 sf_kbps=0 sf_eagain/s=0 sf_err/s=0-/home/dachuo/my_socket/src/Metrics.cpp:99
20260210 22:05:56.331872   9425 INFO    metrics active=0 accept/s=0 close/s=0 req/s=0 parse_err/s=0 in_kbps=0 out_kbps=0 rd_eagain/s=0 wr_eagain/s=0 rd_err/s=0 wr_err/s=0 sf_kbps=0 sf_eagain/s=0 sf_err/s=0-/home/dachuo/my_socket/src/Metrics.cpp:99
20260210 22:05:57.333047   9425 INFO    metrics active=0 accept/s=0 close/s=0 req/s=0 parse_err/s=0 in_kbps=0 out_kbps=0 rd_eagain/s=0 wr_eagain/s=0 rd_err/s=0 wr_err/s=0 sf_kbps=0 sf_eagain/s=0 sf_err/s=0-/home/dachuo/my_socket/src/Metrics.cpp:99
20260210 22:05:58.333608   9425 INFO    metrics active=0 accept/s=0 close/s=0 req/s=0 parse_err/s=0 in_kbps=0 out_kbps=0 rd_eagain/s=0 wr_eagain/s=0 rd_err/s=0 wr_err/s=0 sf_kbps=0 sf_eagain/s=0 sf_err/s=0-/home/dachuo/my_socket/src/Metrics.cpp:99
20260210 22:05:59.334663   9425 INFO    metrics active=0 accept/s=0 close/s=0 req/s=0 parse_err/s=0 in_kbps=0 out_kbps=0 rd_eagain/s=0 wr_eagain/s=0 rd_err/s=0 wr_err/s=0 sf_kbps=0 sf_eagain/s=0 sf_err/s=0-/home/dachuo/my_socket/src/Metrics.cpp:99
20260210 22:06:00.334990   9425 INFO    metrics active=0 accept/s=0 close/s=0 req/s=0 parse_err/s=0 in_kbps=0 out_kbps=0 rd_eagain/s=0 wr_eagain/s=0 rd_err/s=0 wr_err/s=0 sf_kbps=0 sf_eagain/s=0 sf_err/s=0-/home/dachuo/my_socket/src/Metrics.cpp:99
20260210 22:06:01.336130   9425 INFO    metrics active=0 accept/s=0 close/s=0 req/s=0 parse_err/s=0 in_kbps=0 out_kbps=0 rd_eagain/s=0 wr_eagain/s=0 rd_err/s=0 wr_err/s=0 sf_kbps=0 sf_eagain/s=0 sf_err/s=0-/home/dachuo/my_socket/src/Metrics.cpp:99
20260210 22:06:02.336521   9425 INFO    metrics active=0 accept/s=0 close/s=0 req/s=0 parse_err/s=0 in_kbps=0 out_kbps=0 rd_eagain/s=0 wr_eagain/s=0 rd_err/s=0 wr_err/s=0 sf_kbps=0 sf_eagain/s=0 sf_err/s=0-/home/dachuo/my_socket/src/Metrics.cpp:99
20260210 22:06:03.337211   9425 INFO    metrics active=0 accept/s=0 close/s=0 req/s=0 parse_err/s=0 in_kbps=0 out_kbps=0 rd_eagain/s=0 wr_eagain/s=0 rd_err/s=0 wr_err/s=0 sf_kbps=0 sf_eagain/s=0 sf_err/s=0-/home/dachuo/my_socket/src/Metrics.cpp:99
20260210 22:06:04.337681   9425 INFO    metrics active=0 accept/s=0 close/s=0 req/s=0 parse_err/s=0 in_kbps=0 out_kbps=0 rd_eagain/s=0 wr_eagain/s=0 rd_err/s=0 wr_err/s=0 sf_kbps=0 sf_eagain/s=0 sf_err/s=0-/home/dachuo/my_socket/src/Metrics.cpp:99
20260210 22:06:05.338853   9425 INFO    metrics active=0 accept/s=0 close/s=0 req/s=0 parse_err/s=0 in_kbps=0 out_kbps=0 rd_eagain/s=0 wr_eagain/s=0 rd_err/s=0 wr_err/s=0 sf_kbps=0 sf_eagain/s=0 sf_err/s=0-/home/dachuo/my_socket/src/Metrics.cpp:99
20260210 22:06:06.339691   9425 INFO    metrics active=0 accept/s=0 close/s=0 req/s=0 parse_err/s=0 in_kbps=0 out_kbps=0 rd_eagain/s=0 wr_eagain/s=0 rd_err/s=0 wr_err/s=0 sf_kbps=0 sf_eagain/s=0 sf_err/s=0-/home/dachuo/my_socket/src/Metrics.cpp:99
20260210 22:06:07.341241   9425 INFO    metrics active=0 accept/s=0 close/s=0 req/s=0 parse_err/s=0 in_kbps=0 out_kbps=0 rd_eagain/s=0 wr_eagain/s=0 rd_err/s=0 wr_err/s=0 sf_kbps=0 sf_eagain/s=0 sf_err/s=0-/home/dachuo/my_socket/src/Metrics.cpp:99
20260210 22:06:08.341895   9425 INFO    metrics active=0 accept/s=0 close/s=0 req/s=0 parse_err/s=0 in_kbps=0 out_kbps=0 rd_eagain/s=0 wr_eagain/s=0 rd_err/s=0 wr_err/s=0 sf_kbps=0 sf_eagain/s=0 sf_err/s=0-/home/dachuo/my_socket/src/Metrics.cpp:99
20260210 22:06:09.342380   9425 INFO    metrics active=0 accept/s=0 close/s=0 req/s=0 parse_err/s=0 in_kbps=0 out_kbps=0 rd_eagain/s=0 wr_eagain/s=0 rd_err/s=0 wr_err/s=0 sf_kbps=0 sf_eagain/s=0 sf_err/s=0-/home/dachuo/my_socket/src/Metrics.cpp:99
20260210 22:06:10.342704   9425 INFO    metrics active=0 accept/s=0 close/s=0 req/s=0 parse_err/s=0 in_kbps=0 out_kbps=0 rd_eagain/s=0 wr_eagain/s=0 rd_err/s=0 wr_err/s=0 sf_kbps=0 sf_eagain/s=0 sf_err/s=0-/home/dachuo/my_socket/src/Metrics.cpp:99
20260210 22:06:11.343388   9425 INFO    metrics active=0 accept/s=0 close/s=0 req/s=0 parse_err/s=0 in_kbps=0 out_kbps=0 rd_eagain/s=0 wr_eagain/s=0 rd_err/s=0 wr_err/s=0 sf_kbps=0 sf_eagain/s=0 sf_err/s=0-/home/dachuo/my_socket/src/Metrics.cpp:99
20260210 22:06:12.344698   9425 INFO    metrics active=0 accept/s=0 close/s=0 req/s=0 parse_err/s=0 in_kbps=0 out_kbps=0 rd_eagain/s=0 wr_eagain/s=0 rd_err/s=0 wr_err/s=0 sf_kbps=0 sf_eagain/s=0 sf_err/s=0-/home/dachuo/my_socket/src/Metrics.cpp:99
20260210 22:06:13.345276   9425 INFO    metrics active=0 accept/s=0 close/s=0 req/s=0 parse_err/s=0 in_kbps=0 out_kbps=0 rd_eagain/s=0 wr_eagain/s=0 rd_err/s=0 wr_err/s=0 sf_kbps=0 sf_eagain/s=0 sf_err/s=0-/home/dachuo/my_socket/src/Metrics.cpp:99
20260210 22:06:14.345730   9425 INFO    metrics active=0 accept/s=0 close/s=0 req/s=0 parse_err/s=0 in_kbps=0 out_kbps=0 rd_eagain/s=0 wr_eagain/s=0 rd_err/s=0 wr_err/s=0 sf_kbps=0 sf_eagain/s=0 sf_err/s=0-/home/dachuo/my_socket/src/Metrics.cpp:99
20260210 22:06:15.346615   9425 INFO    metrics active=0 accept/s=0 close/s=0 req/s=0 parse_err/s=0 in_kbps=0 out_kbps=0 rd_eagain/s=0 wr_eagain/s=0 rd_err/s=0 wr_err/s=0 sf_kbps=0 sf_eagain/s=0 sf_err/s=0-/home/dachuo/my_socket/src/Metrics.cpp:99
20260210 22:06:16.347121   9425 INFO    metrics active=0 accept/s=0 close/s=0 req/s=0 parse_err/s=0 in_kbps=0 out_kbps=0 rd_eagain/s=0 wr_eagain/s=0 rd_err/s=0 wr_err/s=0 sf_kbps=0 sf_eagain/s=0 sf_err/s=0-/home/dachuo/my_socket/src/Metrics.cpp:99
20260210 22:06:17.348456   9425 INFO    metrics active=0 accept/s=0 close/s=0 req/s=0 parse_err/s=0 in_kbps=0 out_kbps=0 rd_eagain/s=0 wr_eagain/s=0 rd_err/s=0 wr_err/s=0 sf_kbps=0 sf_eagain/s=0 sf_err/s=0-/home/dachuo/my_socket/src/Metrics.cpp:99
20260210 22:06:18.349297   9425 INFO    metrics active=0 accept/s=0 close/s=0 req/s=0 parse_err/s=0 in_kbps=0 out_kbps=0 rd_eagain/s=0 wr_eagain/s=0 rd_err/s=0 wr_err/s=0 sf_kbps=0 sf_eagain/s=0 sf_err/s=0-/home/dachuo/my_socket/src/Metrics.cpp:99
20260210 22:06:19.349836   9425 INFO    metrics active=0 accept/s=0 close/s=0 req/s=0 parse_err/s=0 in_kbps=0 out_kbps=0 rd_eagain/s=0 wr_eagain/s=0 rd_err/s=0 wr_err/s=0 sf_kbps=0 sf_eagain/s=0 sf_err/s=0-/home/dachuo/my_socket/src/Metrics.cpp:99
20260210 22:06:20.350088   9425 INFO    metrics active=0 accept/s=0 close/s=0 req/s=0 parse_err/s=0 in_kbps=0 out_kbps=0 rd_eagain/s=0 wr_eagain/s=0 rd_err/s=0 wr_err/s=0 sf_kbps=0 sf_eagain/s=0 sf_err/s=0-/home/dachuo/my_socket/src/Metrics.cpp:99
20260210 22:06:21.351287   9425 INFO    metrics active=0 accept/s=0 close/s=0 req/s=0 parse_err/s=0 in_kbps=0 out_kbps=0 rd_eagain/s=0 wr_eagain/s=0 rd_err/s=0 wr_err/s=0 sf_kbps=0 sf_eagain/s=0 sf_err/s=0-/home/dachuo/my_socket/src/Metrics.cpp:99
20260210 22:06:22.352275   9425 INFO    metrics active=0 accept/s=0 close/s=0 req/s=0 parse_err/s=0 in_kbps=0 out_kbps=0 rd_eagain/s=0 wr_eagain/s=0 rd_err/s=0 wr_err/s=0 sf_kbps=0 sf_eagain/s=0 sf_err/s=0-/home/dachuo/my_socket/src/Metrics.cpp:99
20260210 22:06:23.352568   9425 INFO    metrics active=0 accept/s=0 close/s=0 req/s=0 parse_err/s=0 in_kbps=0 out_kbps=0 rd_eagain/s=0 wr_eagain/s=0 rd_err/s=0 wr_err/s=0 sf_kbps=0 sf_eagain/s=0 sf_err/s=0-/home/dachuo/my_socket/src/Metrics.cpp:99
20260210 22:06:24.353068   9425 INFO    metrics active=0 accept/s=0 close/s=0 req/s=0 parse_err/s=0 in_kbps=0 out_kbps=0 rd_eagain/s=0 wr_eagain/s=0 rd_err/s=0 wr_err/s=0 sf_kbps=0 sf_eagain/s=0 sf_err/s=0-/home/dachuo/my_socket/src/Metrics.cpp:99
20260210 22:06:25.353576   9425 INFO    metrics active=0 accept/s=0 close/s=0 req/s=0 parse_err/s=0 in_kbps=0 out_kbps=0 rd_eagain/s=0 wr_eagain/s=0 rd_err/s=0 wr_err/s=0 sf_kbps=0 sf_eagain/s=0 sf_err/s=0-/home/dachuo/my_socket/src/Metrics.cpp:99
20260210 22:06:26.354809   9425 INFO    metrics active=0 accept/s=0 close/s=0 req/s=0 parse_err/s=0 in_kbps=0 out_kbps=0 rd_eagain/s=0 wr_eagain/s=0 rd_err/s=0 wr_err/s=0 sf_kbps=0 sf_eagain/s=0 sf_err/s=0-/home/dachuo/my_socket/src/Metrics.cpp:99
20260210 22:06:27.355403   9425 INFO    metrics active=0 accept/s=0 close/s=0 req/s=0 parse_err/s=0 in_kbps=0 out_kbps=0 rd_eagain/s=0 wr_eagain/s=0 rd_err/s=0 wr_err/s=0 sf_kbps=0 sf_eagain/s=0 sf_err/s=0-/home/dachuo/my_socket/src/Metrics.cpp:99
20260210 22:06:28.355826   9425 INFO    metrics active=0 accept/s=0 close/s=0 req/s=0 parse_err/s=0 in_kbps=0 out_kbps=0 rd_eagain/s=0 wr_eagain/s=0 rd_err/s=0 wr_err/s=0 sf_kbps=0 sf_eagain/s=0 sf_err/s=0-/home/dachuo/my_socket/src/Metrics.cpp:99
20260210 22:06:29.356143   9425 INFO    metrics active=0 accept/s=0 close/s=0 req/s=0 parse_err/s=0 in_kbps=0 out_kbps=0 rd_eagain/s=0 wr_eagain/s=0 rd_err/s=0 wr_err/s=0 sf_kbps=0 sf_eagain/s=0 sf_err/s=0-/home/dachuo/my_socket/src/Metrics.cpp:99
20260210 22:06:30.356938   9425 INFO    metrics active=0 accept/s=0 close/s=0 req/s=0 parse_err/s=0 in_kbps=0 out_kbps=0 rd_eagain/s=0 wr_eagain/s=0 rd_err/s=0 wr_err/s=0 sf_kbps=0 sf_eagain/s=0 sf_err/s=0-/home/dachuo/my_socket/src/Metrics.cpp:99
20260210 22:06:31.357672   9425 INFO    metrics active=0 accept/s=0 close/s=0 req/s=0 parse_err/s=0 in_kbps=0 out_kbps=0 rd_eagain/s=0 wr_eagain/s=0 rd_err/s=0 wr_err/s=0 sf_kbps=0 sf_eagain/s=0 sf_err/s=0-/home/dachuo/my_socket/src/Metrics.cpp:99
20260210 22:06:32.358558   9425 INFO    metrics active=0 accept/s=0 close/s=0 req/s=0 parse_err/s=0 in_kbps=0 out_kbps=0 rd_eagain/s=0 wr_eagain/s=0 rd_err/s=0 wr_err/s=0 sf_kbps=0 sf_eagain/s=0 sf_err/s=0-/home/dachuo/my_socket/src/Metrics.cpp:99
20260210 22:06:33.359698   9425 INFO    metrics active=0 accept/s=0 close/s=0 req/s=0 parse_err/s=0 in_kbps=0 out_kbps=0 rd_eagain/s=0 wr_eagain/s=0 rd_err/s=0 wr_err/s=0 sf_kbps=0 sf_eagain/s=0 sf_err/s=0-/home/dachuo/my_socket/src/Metrics.cpp:99
20260210 22:06:34.360347   9425 INFO    metrics active=0 accept/s=0 close/s=0 req/s=0 parse_err/s=0 in_kbps=0 out_kbps=0 rd_eagain/s=0 wr_eagain/s=0 rd_err/s=0 wr_err/s=0 sf_kbps=0 sf_eagain/s=0 sf_err/s=0-/home/dachuo/my_socket/src/Metrics.cpp:99
20260210 22:06:35.360803   9425 INFO    metrics active=0 accept/s=0 close/s=0 req/s=0 parse_err/s=0 in_kbps=0 out_kbps=0 rd_eagain/s=0 wr_eagain/s=0 rd_err/s=0 wr_err/s=0 sf_kbps=0 sf_eagain/s=0 sf_err/s=0-/home/dachuo/my_socket/src/Metrics.cpp:99
20260210 22:06:36.361165   9425 INFO    metrics active=0 accept/s=0 close/s=0 req/s=0 parse_err/s=0 in_kbps=0 out_kbps=0 rd_eagain/s=0 wr_eagain/s=0 rd_err/s=0 wr_err/s=0 sf_kbps=0 sf_eagain/s=0 sf_err/s=0-/home/dachuo/my_socket/src/Metrics.cpp:99
20260210 22:06:37.361465   9425 INFO    metrics active=0 accept/s=0 close/s=0 req/s=0 parse_err/s=0 in_kbps=0 out_kbps=0 rd_eagain/s=0 wr_eagain/s=0 rd_err/s=0 wr_err/s=0 sf_kbps=0 sf_eagain/s=0 sf_err/s=0-/home/dachuo/my_socket/src/Metrics.cpp:99
20260210 22:06:38.362453   9425 INFO    metrics active=0 accept/s=0 close/s=0 req/s=0 parse_err/s=0 in_kbps=0 out_kbps=0 rd_eagain/s=0 wr_eagain/s=0 rd_err/s=0 wr_err/s=0 sf_kbps=0 sf_eagain/s=0 sf_err/s=0-/home/dachuo/my_socket/src/Metrics.cpp:99
20260210 22:06:39.363016   9425 INFO    metrics active=0 accept/s=0 close/s=0 req/s=0 parse_err/s=0 in_kbps=0 out_kbps=0 rd_eagain/s=0 wr_eagain/s=0 rd_err/s=0 wr_err/s=0 sf_kbps=0 sf_eagain/s=0 sf_err/s=0-/home/dachuo/my_socket/src/Metrics.cpp:99
20260210 22:06:40.363985   9425 INFO    metrics active=0 accept/s=0 close/s=0 req/s=0 parse_err/s=0 in_kbps=0 out_kbps=0 rd_eagain/s=0 wr_eagain/s=0 rd_err/s=0 wr_err/s=0 sf_kbps=0 sf_eagain/s=0 sf_err/s=0-/home/dachuo/my_socket/src/Metrics.cpp:99
20260210 22:06:41.364835   9425 INFO    metrics active=0 accept/s=0 close/s=0 req/s=0 parse_err/s=0 in_kbps=0 out_kbps=0 rd_eagain/s=0 wr_eagain/s=0 rd_err/s=0 wr_err/s=0 sf_kbps=0 sf_eagain/s=0 sf_err/s=0-/home/dachuo/my_socket/src/Metrics.cpp:99
20260210 22:06:42.365827   9425 INFO    metrics active=0 accept/s=0 close/s=0 req/s=0 parse_err/s=0 in_kbps=0 out_kbps=0 rd_eagain/s=0 wr_eagain/s=0 rd_err/s=0 wr_err/s=0 sf_kbps=0 sf_eagain/s=0 sf_err/s=0-/home/dachuo/my_socket/src/Metrics.cpp:99
20260210 22:06:43.366151   9425 INFO    metrics active=0 accept/s=0 close/s=0 req/s=0 parse_err/s=0 in_kbps=0 out_kbps=0 rd_eagain/s=0 wr_eagain/s=0 rd_err/s=0 wr_err/s=0 sf_kbps=0 sf_eagain/s=0 sf_err/s=0-/home/dachuo/my_socket/src/Metrics.cpp:99
20260210 22:06:44.366615   9425 INFO    metrics active=0 accept/s=0 close/s=0 req/s=0 parse_err/s=0 in_kbps=0 out_kbps=0 rd_eagain/s=0 wr_eagain/s=0 rd_err/s=0 wr_err/s=0 sf_kbps=0 sf_eagain/s=0 sf_err/s=0-/home/dachuo/my_socket/src/Metrics.cpp:99
20260210 22:06:45.367608   9425 INFO    metrics active=0 accept/s=0 close/s=0 req/s=0 parse_err/s=0 in_kbps=0 out_kbps=0 rd_eagain/s=0 wr_eagain/s=0 rd_err/s=0 wr_err/s=0 sf_kbps=0 sf_eagain/s=0 sf_err/s=0-/home/dachuo/my_socket/src/Metrics.cpp:99
20260210 22:06:46.368146   9425 INFO    metrics active=0 accept/s=0 close/s=0 req/s=0 parse_err/s=0 in_kbps=0 out_kbps=0 rd_eagain/s=0 wr_eagain/s=0 rd_err/s=0 wr_err/s=0 sf_kbps=0 sf_eagain/s=0 sf_err/s=0-/home/dachuo/my_socket/src/Metrics.cpp:99
20260210 22:06:47.368984   9425 INFO    metrics active=0 accept/s=0 close/s=0 req/s=0 parse_err/s=0 in_kbps=0 out_kbps=0 rd_eagain/s=0 wr_eagain/s=0 rd_err/s=0 wr_err/s=0 sf_kbps=0 sf_eagain/s=0 sf_err/s=0-/home/dachuo/my_socket/src/Metrics.cpp:99
20260210 22:06:48.369698   9425 INFO    metrics active=0 accept/s=0 close/s=0 req/s=0 parse_err/s=0 in_kbps=0 out_kbps=0 rd_eagain/s=0 wr_eagain/s=0 rd_err/s=0 wr_err/s=0 sf_kbps=0 sf_eagain/s=0 sf_err/s=0-/home/dachuo/my_socket/src/Metrics.cpp:99
20260210 22:06:49.370016   9425 INFO    metrics active=0 accept/s=0 close/s=0 req/s=0 parse_err/s=0 in_kbps=0 out_kbps=0 rd_eagain/s=0 wr_eagain/s=0 rd_err/s=0 wr_err/s=0 sf_kbps=0 sf_eagain/s=0 sf_err/s=0-/home/dachuo/my_socket/src/Metrics.cpp:99
20260210 22:06:50.370392   9425 INFO    metrics active=0 accept/s=0 close/s=0 req/s=0 parse_err/s=0 in_kbps=0 out_kbps=0 rd_eagain/s=0 wr_eagain/s=0 rd_err/s=0 wr_err/s=0 sf_kbps=0 sf_eagain/s=0 sf_err/s=0-/home/dachuo/my_socket/src/Metrics.cpp:99
20260210 22:06:51.370918   9425 INFO    metrics active=0 accept/s=0 close/s=0 req/s=0 parse_err/s=0 in_kbps=0 out_kbps=0 rd_eagain/s=0 wr_eagain/s=0 rd_err/s=0 wr_err/s=0 sf_kbps=0 sf_eagain/s=0 sf_err/s=0-/home/dachuo/my_socket/src/Metrics.cpp:99
20260210 22:06:52.371216   9425 INFO    metrics active=0 accept/s=0 close/s=0 req/s=0 parse_err/s=0 in_kbps=0 out_kbps=0 rd_eagain/s=0 wr_eagain/s=0 rd_err/s=0 wr_err/s=0 sf_kbps=0 sf_eagain/s=0 sf_err/s=0-/home/dachuo/my_socket/src/Metrics.cpp:99
20260210 22:06:53.372342   9425 INFO    metrics active=0 accept/s=0 close/s=0 req/s=0 parse_err/s=0 in_kbps=0 out_kbps=0 rd_eagain/s=0 wr_eagain/s=0 rd_err/s=0 wr_err/s=0 sf_kbps=0 sf_eagain/s=0 sf_err/s=0-/home/dachuo/my_socket/src/Metrics.cpp:99
20260210 22:06:54.373280   9425 INFO    metrics active=0 accept/s=0 close/s=0 req/s=0 parse_err/s=0 in_kbps=0 out_kbps=0 rd_eagain/s=0 wr_eagain/s=0 rd_err/s=0 wr_err/s=0 sf_kbps=0 sf_eagain/s=0 sf_err/s=0-/home/dachuo/my_socket/src/Metrics.cpp:99
20260210 22:06:55.373824   9425 INFO    metrics active=0 accept/s=0 close/s=0 req/s=0 parse_err/s=0 in_kbps=0 out_kbps=0 rd_eagain/s=0 wr_eagain/s=0 rd_err/s=0 wr_err/s=0 sf_kbps=0 sf_eagain/s=0 sf_err/s=0-/home/dachuo/my_socket/src/Metrics.cpp:99
20260210 22:06:56.374650   9425 INFO    metrics active=0 accept/s=0 close/s=0 req/s=0 parse_err/s=0 in_kbps=0 out_kbps=0 rd_eagain/s=0 wr_eagain/s=0 rd_err/s=0 wr_err/s=0 sf_kbps=0 sf_eagain/s=0 sf_err/s=0-/home/dachuo/my_socket/src/Metrics.cpp:99
20260210 22:06:57.375857   9425 INFO    metrics active=0 accept/s=0 close/s=0 req/s=0 parse_err/s=0 in_kbps=0 out_kbps=0 rd_eagain/s=0 wr_eagain/s=0 rd_err/s=0 wr_err/s=0 sf_kbps=0 sf_eagain/s=0 sf_err/s=0-/home/dachuo/my_socket/src/Metrics.cpp:99
20260210 22:06:58.376158   9425 INFO    metrics active=0 accept/s=0 close/s=0 req/s=0 parse_err/s=0 in_kbps=0 out_kbps=0 rd_eagain/s=0 wr_eagain/s=0 rd_err/s=0 wr_err/s=0 sf_kbps=0 sf_eagain/s=0 sf_err/s=0-/home/dachuo/my_socket/src/Metrics.cpp:99
20260210 22:06:59.377151   9425 INFO    metrics active=0 accept/s=0 close/s=0 req/s=0 parse_err/s=0 in_kbps=0 out_kbps=0 rd_eagain/s=0 wr_eagain/s=0 rd_err/s=0 wr_err/s=0 sf_kbps=0 sf_eagain/s=0 sf_err/s=0-/home/dachuo/my_socket/src/Metrics.cpp:99
20260210 22:07:00.377468   9425 INFO    metrics active=0 accept/s=0 close/s=0 req/s=0 parse_err/s=0 in_kbps=0 out_kbps=0 rd_eagain/s=0 wr_eagain/s=0 rd_err/s=0 wr_err/s=0 sf_kbps=0 sf_eagain/s=0 sf_err/s=0-/home/dachuo/my_socket/src/Metrics.cpp:99
20260210 22:07:01.377778   9425 INFO    metrics active=0 accept/s=0 close/s=0 req/s=0 parse_err/s=0 in_kbps=0 out_kbps=0 rd_eagain/s=0 wr_eagain/s=0 rd_err/s=0 wr_err/s=0 sf_kbps=0 sf_eagain/s=0 sf_err/s=0-/home/dachuo/my_socket/src/Metrics.cpp:99
20260210 22:07:02.378257   9425 INFO    metrics active=0 accept/s=0 close/s=0 req/s=0 parse_err/s=0 in_kbps=0 out_kbps=0 rd_eagain/s=0 wr_eagain/s=0 rd_err/s=0 wr_err/s=0 sf_kbps=0 sf_eagain/s=0 sf_err/s=0-/home/dachuo/my_socket/src/Metrics.cpp:99
20260210 22:07:03.379278   9425 INFO    metrics active=0 accept/s=0 close/s=0 req/s=0 parse_err/s=0 in_kbps=0 out_kbps=0 rd_eagain/s=0 wr_eagain/s=0 rd_err/s=0 wr_err/s=0 sf_kbps=0 sf_eagain/s=0 sf_err/s=0-/home/dachuo/my_socket/src/Metrics.cpp:99
20260210 22:07:04.379749   9425 INFO    metrics active=0 accept/s=0 close/s=0 req/s=0 parse_err/s=0 in_kbps=0 out_kbps=0 rd_eagain/s=0 wr_eagain/s=0 rd_err/s=0 wr_err/s=0 sf_kbps=0 sf_eagain/s=0 sf_err/s=0-/home/dachuo/my_socket/src/Metrics.cpp:99
20260210 22:07:05.380589   9425 INFO    metrics active=0 accept/s=0 close/s=0 req/s=0 parse_err/s=0 in_kbps=0 out_kbps=0 rd_eagain/s=0 wr_eagain/s=0 rd_err/s=0 wr_err/s=0 sf_kbps=0 sf_eagain/s=0 sf_err/s=0-/home/dachuo/my_socket/src/Metrics.cpp:99
20260210 22:07:06.381002   9425 INFO    metrics active=0 accept/s=0 close/s=0 req/s=0 parse_err/s=0 in_kbps=0 out_kbps=0 rd_eagain/s=0 wr_eagain/s=0 rd_err/s=0 wr_err/s=0 sf_kbps=0 sf_eagain/s=0 sf_err/s=0-/home/dachuo/my_socket/src/Metrics.cpp:99
20260210 22:07:07.381494   9425 INFO    metrics active=0 accept/s=0 close/s=0 req/s=0 parse_err/s=0 in_kbps=0 out_kbps=0 rd_eagain/s=0 wr_eagain/s=0 rd_err/s=0 wr_err/s=0 sf_kbps=0 sf_eagain/s=0 sf_err/s=0-/home/dachuo/my_socket/src/Metrics.cpp:99
20260210 22:07:08.382105   9425 INFO    metrics active=0 accept/s=0 close/s=0 req/s=0 parse_err/s=0 in_kbps=0 out_kbps=0 rd_eagain/s=0 wr_eagain/s=0 rd_err/s=0 wr_err/s=0 sf_kbps=0 sf_eagain/s=0 sf_err/s=0-/home/dachuo/my_socket/src/Metrics.cpp:99
20260210 22:07:09.382722   9425 INFO    metrics active=0 accept/s=0 close/s=0 req/s=0 parse_err/s=0 in_kbps=0 out_kbps=0 rd_eagain/s=0 wr_eagain/s=0 rd_err/s=0 wr_err/s=0 sf_kbps=0 sf_eagain/s=0 sf_err/s=0-/home/dachuo/my_socket/src/Metrics.cpp:99
20260210 22:07:10.383674   9425 INFO    metrics active=0 accept/s=0 close/s=0 req/s=0 parse_err/s=0 in_kbps=0 out_kbps=0 rd_eagain/s=0 wr_eagain/s=0 rd_err/s=0 wr_err/s=0 sf_kbps=0 sf_eagain/s=0 sf_err/s=0-/home/dachuo/my_socket/src/Metrics.cpp:99
20260210 22:07:11.384283   9425 INFO    metrics active=0 accept/s=0 close/s=0 req/s=0 parse_err/s=0 in_kbps=0 out_kbps=0 rd_eagain/s=0 wr_eagain/s=0 rd_err/s=0 wr_err/s=0 sf_kbps=0 sf_eagain/s=0 sf_err/s=0-/home/dachuo/my_socket/src/Metrics.cpp:99
20260210 22:07:12.384985   9425 INFO    metrics active=0 accept/s=0 close/s=0 req/s=0 parse_err/s=0 in_kbps=0 out_kbps=0 rd_eagain/s=0 wr_eagain/s=0 rd_err/s=0 wr_err/s=0 sf_kbps=0 sf_eagain/s=0 sf_err/s=0-/home/dachuo/my_socket/src/Metrics.cpp:99
20260210 22:07:13.385507   9425 INFO    metrics active=0 accept/s=0 close/s=0 req/s=0 parse_err/s=0 in_kbps=0 out_kbps=0 rd_eagain/s=0 wr_eagain/s=0 rd_err/s=0 wr_err/s=0 sf_kbps=0 sf_eagain/s=0 sf_err/s=0-/home/dachuo/my_socket/src/Metrics.cpp:99
20260210 22:07:14.386247   9425 INFO    metrics active=0 accept/s=0 close/s=0 req/s=0 parse_err/s=0 in_kbps=0 out_kbps=0 rd_eagain/s=0 wr_eagain/s=0 rd_err/s=0 wr_err/s=0 sf_kbps=0 sf_eagain/s=0 sf_err/s=0-/home/dachuo/my_socket/src/Metrics.cpp:99
20260210 22:07:15.386668   9425 INFO    metrics active=0 accept/s=0 close/s=0 req/s=0 parse_err/s=0 in_kbps=0 out_kbps=0 rd_eagain/s=0 wr_eagain/s=0 rd_err/s=0 wr_err/s=0 sf_kbps=0 sf_eagain/s=0 sf_err/s=0-/home/dachuo/my_socket/src/Metrics.cpp:99
20260210 22:07:16.387027   9425 INFO    metrics active=0 accept/s=0 close/s=0 req/s=0 parse_err/s=0 in_kbps=0 out_kbps=0 rd_eagain/s=0 wr_eagain/s=0 rd_err/s=0 wr_err/s=0 sf_kbps=0 sf_eagain/s=0 sf_err/s=0-/home/dachuo/my_socket/src/Metrics.cpp:99
20260210 22:07:17.387433   9425 INFO    metrics active=0 accept/s=0 close/s=0 req/s=0 parse_err/s=0 in_kbps=0 out_kbps=0 rd_eagain/s=0 wr_eagain/s=0 rd_err/s=0 wr_err/s=0 sf_kbps=0 sf_eagain/s=0 sf_err/s=0-/home/dachuo/my_socket/src/Metrics.cpp:99
20260210 22:07:18.391281   9425 INFO    metrics active=0 accept/s=0 close/s=0 req/s=0 parse_err/s=0 in_kbps=0 out_kbps=0 rd_eagain/s=0 wr_eagain/s=0 rd_err/s=0 wr_err/s=0 sf_kbps=0 sf_eagain/s=0 sf_err/s=0-/home/dachuo/my_socket/src/Metrics.cpp:99
20260210 22:07:19.392419   9425 INFO    metrics active=0 accept/s=0 close/s=0 req/s=0 parse_err/s=0 in_kbps=0 out_kbps=0 rd_eagain/s=0 wr_eagain/s=0 rd_err/s=0 wr_err/s=0 sf_kbps=0 sf_eagain/s=0 sf_err/s=0-/home/dachuo/my_socket/src/Metrics.cpp:99
20260210 22:07:20.393243   9425 INFO    metrics active=0 accept/s=0 close/s=0 req/s=0 parse_err/s=0 in_kbps=0 out_kbps=0 rd_eagain/s=0 wr_eagain/s=0 rd_err/s=0 wr_err/s=0 sf_kbps=0 sf_eagain/s=0 sf_err/s=0-/home/dachuo/my_socket/src/Metrics.cpp:99
20260210 22:07:21.393625   9425 INFO    metrics active=0 accept/s=0 close/s=0 req/s=0 parse_err/s=0 in_kbps=0 out_kbps=0 rd_eagain/s=0 wr_eagain/s=0 rd_err/s=0 wr_err/s=0 sf_kbps=0 sf_eagain/s=0 sf_err/s=0-/home/dachuo/my_socket/src/Metrics.cpp:99
20260210 22:07:22.394699   9425 INFO    metrics active=0 accept/s=0 close/s=0 req/s=0 parse_err/s=0 in_kbps=0 out_kbps=0 rd_eagain/s=0 wr_eagain/s=0 rd_err/s=0 wr_err/s=0 sf_kbps=0 sf_eagain/s=0 sf_err/s=0-/home/dachuo/my_socket/src/Metrics.cpp:99
20260210 22:07:23.395559   9425 INFO    metrics active=0 accept/s=0 close/s=0 req/s=0 parse_err/s=0 in_kbps=0 out_kbps=0 rd_eagain/s=0 wr_eagain/s=0 rd_err/s=0 wr_err/s=0 sf_kbps=0 sf_eagain/s=0 sf_err/s=0-/home/dachuo/my_socket/src/Metrics.cpp:99
20260210 22:07:24.396501   9425 INFO    metrics active=0 accept/s=0 close/s=0 req/s=0 parse_err/s=0 in_kbps=0 out_kbps=0 rd_eagain/s=0 wr_eagain/s=0 rd_err/s=0 wr_err/s=0 sf_kbps=0 sf_eagain/s=0 sf_err/s=0-/home/dachuo/my_socket/src/Metrics.cpp:99
20260210 22:07:25.397398   9425 INFO    metrics active=0 accept/s=0 close/s=0 req/s=0 parse_err/s=0 in_kbps=0 out_kbps=0 rd_eagain/s=0 wr_eagain/s=0 rd_err/s=0 wr_err/s=0 sf_kbps=0 sf_eagain/s=0 sf_err/s=0-/home/dachuo/my_socket/src/Metrics.cpp:99
20260210 22:07:26.398521   9425 INFO    metrics active=0 accept/s=0 close/s=0 req/s=0 parse_err/s=0 in_kbps=0 out_kbps=0 rd_eagain/s=0 wr_eagain/s=0 rd_err/s=0 wr_err/s=0 sf_kbps=0 sf_eagain/s=0 sf_err/s=0-/home/dachuo/my_socket/src/Metrics.cpp:99
20260210 22:07:27.399516   9425 INFO    metrics active=0 accept/s=0 close/s=0 req/s=0 parse_err/s=0 in_kbps=0 out_kbps=0 rd_eagain/s=0 wr_eagain/s=0 rd_err/s=0 wr_err/s=0 sf_kbps=0 sf_eagain/s=0 sf_err/s=0-/home/dachuo/my_socket/src/Metrics.cpp:99
20260210 22:07:28.400760   9425 INFO    metrics active=0 accept/s=0 close/s=0 req/s=0 parse_err/s=0 in_kbps=0 out_kbps=0 rd_eagain/s=0 wr_eagain/s=0 rd_err/s=0 wr_err/s=0 sf_kbps=0 sf_eagain/s=0 sf_err/s=0-/home/dachuo/my_socket/src/Metrics.cpp:99
20260210 22:07:29.401985   9425 INFO    metrics active=0 accept/s=0 close/s=0 req/s=0 parse_err/s=0 in_kbps=0 out_kbps=0 rd_eagain/s=0 wr_eagain/s=0 rd_err/s=0 wr_err/s=0 sf_kbps=0 sf_eagain/s=0 sf_err/s=0-/home/dachuo/my_socket/src/Metrics.cpp:99
20260210 22:07:30.402334   9425 INFO    metrics active=0 accept/s=0 close/s=0 req/s=0 parse_err/s=0 in_kbps=0 out_kbps=0 rd_eagain/s=0 wr_eagain/s=0 rd_err/s=0 wr_err/s=0 sf_kbps=0 sf_eagain/s=0 sf_err/s=0-/home/dachuo/my_socket/src/Metrics.cpp:99
20260210 22:07:31.403490   9425 INFO    metrics active=0 accept/s=0 close/s=0 req/s=0 parse_err/s=0 in_kbps=0 out_kbps=0 rd_eagain/s=0 wr_eagain/s=0 rd_err/s=0 wr_err/s=0 sf_kbps=0 sf_eagain/s=0 sf_err/s=0-/home/dachuo/my_socket/src/Metrics.cpp:99
20260210 22:07:32.404763   9425 INFO    metrics active=0 accept/s=0 close/s=0 req/s=0 parse_err/s=0 in_kbps=0 out_kbps=0 rd_eagain/s=0 wr_eagain/s=0 rd_err/s=0 wr_err/s=0 sf_kbps=0 sf_eagain/s=0 sf_err/s=0-/home/dachuo/my_socket/src/Metrics.cpp:99
20260210 22:07:33.405787   9425 INFO    metrics active=0 accept/s=0 close/s=0 req/s=0 parse_err/s=0 in_kbps=0 out_kbps=0 rd_eagain/s=0 wr_eagain/s=0 rd_err/s=0 wr_err/s=0 sf_kbps=0 sf_eagain/s=0 sf_err/s=0-/home/dachuo/my_socket/src/Metrics.cpp:99
20260210 22:07:34.406651   9425 INFO    metrics active=0 accept/s=0 close/s=0 req/s=0 parse_err/s=0 in_kbps=0 out_kbps=0 rd_eagain/s=0 wr_eagain/s=0 rd_err/s=0 wr_err/s=0 sf_kbps=0 sf_eagain/s=0 sf_err/s=0-/home/dachuo/my_socket/src/Metrics.cpp:99
20260210 22:07:35.407339   9425 INFO    metrics active=0 accept/s=0 close/s=0 req/s=0 parse_err/s=0 in_kbps=0 out_kbps=0 rd_eagain/s=0 wr_eagain/s=0 rd_err/s=0 wr_err/s=0 sf_kbps=0 sf_eagain/s=0 sf_err/s=0-/home/dachuo/my_socket/src/Metrics.cpp:99
20260210 22:07:36.407665   9425 INFO    metrics active=0 accept/s=0 close/s=0 req/s=0 parse_err/s=0 in_kbps=0 out_kbps=0 rd_eagain/s=0 wr_eagain/s=0 rd_err/s=0 wr_err/s=0 sf_kbps=0 sf_eagain/s=0 sf_err/s=0-/home/dachuo/my_socket/src/Metrics.cpp:99
20260210 22:07:37.408527   9425 INFO    metrics active=0 accept/s=0 close/s=0 req/s=0 parse_err/s=0 in_kbps=0 out_kbps=0 rd_eagain/s=0 wr_eagain/s=0 rd_err/s=0 wr_err/s=0 sf_kbps=0 sf_eagain/s=0 sf_err/s=0-/home/dachuo/my_socket/src/Metrics.cpp:99
20260210 22:07:38.409112   9425 INFO    metrics active=0 accept/s=0 close/s=0 req/s=0 parse_err/s=0 in_kbps=0 out_kbps=0 rd_eagain/s=0 wr_eagain/s=0 rd_err/s=0 wr_err/s=0 sf_kbps=0 sf_eagain/s=0 sf_err/s=0-/home/dachuo/my_socket/src/Metrics.cpp:99
20260210 22:07:39.409859   9425 INFO    metrics active=0 accept/s=0 close/s=0 req/s=0 parse_err/s=0 in_kbps=0 out_kbps=0 rd_eagain/s=0 wr_eagain/s=0 rd_err/s=0 wr_err/s=0 sf_kbps=0 sf_eagain/s=0 sf_err/s=0-/home/dachuo/my_socket/src/Metrics.cpp:99
20260210 22:07:40.410718   9425 INFO    metrics active=0 accept/s=0 close/s=0 req/s=0 parse_err/s=0 in_kbps=0 out_kbps=0 rd_eagain/s=0 wr_eagain/s=0 rd_err/s=0 wr_err/s=0 sf_kbps=0 sf_eagain/s=0 sf_err/s=0-/home/dachuo/my_socket/src/Metrics.cpp:99
20260210 22:07:41.411128   9425 INFO    metrics active=0 accept/s=0 close/s=0 req/s=0 parse_err/s=0 in_kbps=0 out_kbps=0 rd_eagain/s=0 wr_eagain/s=0 rd_err/s=0 wr_err/s=0 sf_kbps=0 sf_eagain/s=0 sf_err/s=0-/home/dachuo/my_socket/src/Metrics.cpp:99
20260210 22:07:42.411819   9425 INFO    metrics active=0 accept/s=0 close/s=0 req/s=0 parse_err/s=0 in_kbps=0 out_kbps=0 rd_eagain/s=0 wr_eagain/s=0 rd_err/s=0 wr_err/s=0 sf_kbps=0 sf_eagain/s=0 sf_err/s=0-/home/dachuo/my_socket/src/Metrics.cpp:99
20260210 22:07:43.413201   9425 INFO    metrics active=0 accept/s=0 close/s=0 req/s=0 parse_err/s=0 in_kbps=0 out_kbps=0 rd_eagain/s=0 wr_eagain/s=0 rd_err/s=0 wr_err/s=0 sf_kbps=0 sf_eagain/s=0 sf_err/s=0-/home/dachuo/my_socket/src/Metrics.cpp:99
20260210 22:07:44.413533   9425 INFO    metrics active=0 accept/s=0 close/s=0 req/s=0 parse_err/s=0 in_kbps=0 out_kbps=0 rd_eagain/s=0 wr_eagain/s=0 rd_err/s=0 wr_err/s=0 sf_kbps=0 sf_eagain/s=0 sf_err/s=0-/home/dachuo/my_socket/src/Metrics.cpp:99
20260210 22:07:45.414280   9425 INFO    metrics active=0 accept/s=0 close/s=0 req/s=0 parse_err/s=0 in_kbps=0 out_kbps=0 rd_eagain/s=0 wr_eagain/s=0 rd_err/s=0 wr_err/s=0 sf_kbps=0 sf_eagain/s=0 sf_err/s=0-/home/dachuo/my_socket/src/Metrics.cpp:99
20260210 22:07:46.415284   9425 INFO    metrics active=0 accept/s=0 close/s=0 req/s=0 parse_err/s=0 in_kbps=0 out_kbps=0 rd_eagain/s=0 wr_eagain/s=0 rd_err/s=0 wr_err/s=0 sf_kbps=0 sf_eagain/s=0 sf_err/s=0-/home/dachuo/my_socket/src/Metrics.cpp:99
20260210 22:07:47.416396   9425 INFO    metrics active=0 accept/s=0 close/s=0 req/s=0 parse_err/s=0 in_kbps=0 out_kbps=0 rd_eagain/s=0 wr_eagain/s=0 rd_err/s=0 wr_err/s=0 sf_kbps=0 sf_eagain/s=0 sf_err/s=0-/home/dachuo/my_socket/src/Metrics.cpp:99
20260210 22:07:48.417618   9425 INFO    metrics active=0 accept/s=0 close/s=0 req/s=0 parse_err/s=0 in_kbps=0 out_kbps=0 rd_eagain/s=0 wr_eagain/s=0 rd_err/s=0 wr_err/s=0 sf_kbps=0 sf_eagain/s=0 sf_err/s=0-/home/dachuo/my_socket/src/Metrics.cpp:99
20260210 22:07:49.418503   9425 INFO    metrics active=0 accept/s=0 close/s=0 req/s=0 parse_err/s=0 in_kbps=0 out_kbps=0 rd_eagain/s=0 wr_eagain/s=0 rd_err/s=0 wr_err/s=0 sf_kbps=0 sf_eagain/s=0 sf_err/s=0-/home/dachuo/my_socket/src/Metrics.cpp:99
20260210 22:07:50.419724   9425 INFO    metrics active=0 accept/s=0 close/s=0 req/s=0 parse_err/s=0 in_kbps=0 out_kbps=0 rd_eagain/s=0 wr_eagain/s=0 rd_err/s=0 wr_err/s=0 sf_kbps=0 sf_eagain/s=0 sf_err/s=0-/home/dachuo/my_socket/src/Metrics.cpp:99
20260210 22:07:51.420117   9425 INFO    metrics active=0 accept/s=0 close/s=0 req/s=0 parse_err/s=0 in_kbps=0 out_kbps=0 rd_eagain/s=0 wr_eagain/s=0 rd_err/s=0 wr_err/s=0 sf_kbps=0 sf_eagain/s=0 sf_err/s=0-/home/dachuo/my_socket/src/Metrics.cpp:99
20260210 22:07:52.420626   9425 INFO    metrics active=0 accept/s=0 close/s=0 req/s=0 parse_err/s=0 in_kbps=0 out_kbps=0 rd_eagain/s=0 wr_eagain/s=0 rd_err/s=0 wr_err/s=0 sf_kbps=0 sf_eagain/s=0 sf_err/s=0-/home/dachuo/my_socket/src/Metrics.cpp:99
20260210 22:07:53.421408   9425 INFO    metrics active=0 accept/s=0 close/s=0 req/s=0 parse_err/s=0 in_kbps=0 out_kbps=0 rd_eagain/s=0 wr_eagain/s=0 rd_err/s=0 wr_err/s=0 sf_kbps=0 sf_eagain/s=0 sf_err/s=0-/home/dachuo/my_socket/src/Metrics.cpp:99
20260210 22:07:54.421876   9425 INFO    metrics active=0 accept/s=0 close/s=0 req/s=0 parse_err/s=0 in_kbps=0 out_kbps=0 rd_eagain/s=0 wr_eagain/s=0 rd_err/s=0 wr_err/s=0 sf_kbps=0 sf_eagain/s=0 sf_err/s=0-/home/dachuo/my_socket/src/Metrics.cpp:99
20260210 22:07:55.422537   9425 INFO    metrics active=0 accept/s=0 close/s=0 req/s=0 parse_err/s=0 in_kbps=0 out_kbps=0 rd_eagain/s=0 wr_eagain/s=0 rd_err/s=0 wr_err/s=0 sf_kbps=0 sf_eagain/s=0 sf_err/s=0-/home/dachuo/my_socket/src/Metrics.cpp:99
20260210 22:07:56.423742   9425 INFO    metrics active=0 accept/s=0 close/s=0 req/s=0 parse_err/s=0 in_kbps=0 out_kbps=0 rd_eagain/s=0 wr_eagain/s=0 rd_err/s=0 wr_err/s=0 sf_kbps=0 sf_eagain/s=0 sf_err/s=0-/home/dachuo/my_socket/src/Metrics.cpp:99
20260210 22:07:57.424048   9425 INFO    metrics active=0 accept/s=0 close/s=0 req/s=0 parse_err/s=0 in_kbps=0 out_kbps=0 rd_eagain/s=0 wr_eagain/s=0 rd_err/s=0 wr_err/s=0 sf_kbps=0 sf_eagain/s=0 sf_err/s=0-/home/dachuo/my_socket/src/Metrics.cpp:99
20260210 22:07:58.424661   9425 INFO    metrics active=0 accept/s=0 close/s=0 req/s=0 parse_err/s=0 in_kbps=0 out_kbps=0 rd_eagain/s=0 wr_eagain/s=0 rd_err/s=0 wr_err/s=0 sf_kbps=0 sf_eagain/s=0 sf_err/s=0-/home/dachuo/my_socket/src/Metrics.cpp:99
20260210 22:07:59.425645   9425 INFO    metrics active=0 accept/s=0 close/s=0 req/s=0 parse_err/s=0 in_kbps=0 out_kbps=0 rd_eagain/s=0 wr_eagain/s=0 rd_err/s=0 wr_err/s=0 sf_kbps=0 sf_eagain/s=0 sf_err/s=0-/home/dachuo/my_socket/src/Metrics.cpp:99
20260210 22:08:00.426722   9425 INFO    metrics active=0 accept/s=0 close/s=0 req/s=0 parse_err/s=0 in_kbps=0 out_kbps=0 rd_eagain/s=0 wr_eagain/s=0 rd_err/s=0 wr_err/s=0 sf_kbps=0 sf_eagain/s=0 sf_err/s=0-/home/dachuo/my_socket/src/Metrics.cpp:99
20260210 22:08:01.427734   9425 INFO    metrics active=0 accept/s=0 close/s=0 req/s=0 parse_err/s=0 in_kbps=0 out_kbps=0 rd_eagain/s=0 wr_eagain/s=0 rd_err/s=0 wr_err/s=0 sf_kbps=0 sf_eagain/s=0 sf_err/s=0-/home/dachuo/my_socket/src/Metrics.cpp:99
20260210 22:08:02.429181   9425 INFO    metrics active=0 accept/s=0 close/s=0 req/s=0 parse_err/s=0 in_kbps=0 out_kbps=0 rd_eagain/s=0 wr_eagain/s=0 rd_err/s=0 wr_err/s=0 sf_kbps=0 sf_eagain/s=0 sf_err/s=0-/home/dachuo/my_socket/src/Metrics.cpp:99
20260210 22:08:03.430247   9425 INFO    metrics active=0 accept/s=0 close/s=0 req/s=0 parse_err/s=0 in_kbps=0 out_kbps=0 rd_eagain/s=0 wr_eagain/s=0 rd_err/s=0 wr_err/s=0 sf_kbps=0 sf_eagain/s=0 sf_err/s=0-/home/dachuo/my_socket/src/Metrics.cpp:99
20260210 22:08:04.430994   9425 INFO    metrics active=0 accept/s=0 close/s=0 req/s=0 parse_err/s=0 in_kbps=0 out_kbps=0 rd_eagain/s=0 wr_eagain/s=0 rd_err/s=0 wr_err/s=0 sf_kbps=0 sf_eagain/s=0 sf_err/s=0-/home/dachuo/my_socket/src/Metrics.cpp:99
20260210 22:08:05.432183   9425 INFO    metrics active=0 accept/s=0 close/s=0 req/s=0 parse_err/s=0 in_kbps=0 out_kbps=0 rd_eagain/s=0 wr_eagain/s=0 rd_err/s=0 wr_err/s=0 sf_kbps=0 sf_eagain/s=0 sf_err/s=0-/home/dachuo/my_socket/src/Metrics.cpp:99
20260210 22:08:06.432644   9425 INFO    metrics active=0 accept/s=0 close/s=0 req/s=0 parse_err/s=0 in_kbps=0 out_kbps=0 rd_eagain/s=0 wr_eagain/s=0 rd_err/s=0 wr_err/s=0 sf_kbps=0 sf_eagain/s=0 sf_err/s=0-/home/dachuo/my_socket/src/Metrics.cpp:99
20260210 22:08:07.433073   9425 INFO    metrics active=0 accept/s=0 close/s=0 req/s=0 parse_err/s=0 in_kbps=0 out_kbps=0 rd_eagain/s=0 wr_eagain/s=0 rd_err/s=0 wr_err/s=0 sf_kbps=0 sf_eagain/s=0 sf_err/s=0-/home/dachuo/my_socket/src/Metrics.cpp:99
20260210 22:08:08.433840   9425 INFO    metrics active=0 accept/s=0 close/s=0 req/s=0 parse_err/s=0 in_kbps=0 out_kbps=0 rd_eagain/s=0 wr_eagain/s=0 rd_err/s=0 wr_err/s=0 sf_kbps=0 sf_eagain/s=0 sf_err/s=0-/home/dachuo/my_socket/src/Metrics.cpp:99
20260210 22:08:09.434630   9425 INFO    metrics active=0 accept/s=0 close/s=0 req/s=0 parse_err/s=0 in_kbps=0 out_kbps=0 rd_eagain/s=0 wr_eagain/s=0 rd_err/s=0 wr_err/s=0 sf_kbps=0 sf_eagain/s=0 sf_err/s=0-/home/dachuo/my_socket/src/Metrics.cpp:99
20260210 22:08:10.435533   9425 INFO    metrics active=0 accept/s=0 close/s=0 req/s=0 parse_err/s=0 in_kbps=0 out_kbps=0 rd_eagain/s=0 wr_eagain/s=0 rd_err/s=0 wr_err/s=0 sf_kbps=0 sf_eagain/s=0 sf_err/s=0-/home/dachuo/my_socket/src/Metrics.cpp:99
20260210 22:08:11.436405   9425 INFO    metrics active=0 accept/s=0 close/s=0 req/s=0 parse_err/s=0 in_kbps=0 out_kbps=0 rd_eagain/s=0 wr_eagain/s=0 rd_err/s=0 wr_err/s=0 sf_kbps=0 sf_eagain/s=0 sf_err/s=0-/home/dachuo/my_socket/src/Metrics.cpp:99
20260210 22:08:12.436772   9425 INFO    metrics active=0 accept/s=0 close/s=0 req/s=0 parse_err/s=0 in_kbps=0 out_kbps=0 rd_eagain/s=0 wr_eagain/s=0 rd_err/s=0 wr_err/s=0 sf_kbps=0 sf_eagain/s=0 sf_err/s=0-/home/dachuo/my_socket/src/Metrics.cpp:99
20260210 22:08:13.437427   9425 INFO    metrics active=0 accept/s=0 close/s=0 req/s=0 parse_err/s=0 in_kbps=0 out_kbps=0 rd_eagain/s=0 wr_eagain/s=0 rd_err/s=0 wr_err/s=0 sf_kbps=0 sf_eagain/s=0 sf_err/s=0-/home/dachuo/my_socket/src/Metrics.cpp:99
20260210 22:08:14.438235   9425 INFO    metrics active=0 accept/s=0 close/s=0 req/s=0 parse_err/s=0 in_kbps=0 out_kbps=0 rd_eagain/s=0 wr_eagain/s=0 rd_err/s=0 wr_err/s=0 sf_kbps=0 sf_eagain/s=0 sf_err/s=0-/home/dachuo/my_socket/src/Metrics.cpp:99
20260210 22:08:15.439073   9425 INFO    metrics active=0 accept/s=0 close/s=0 req/s=0 parse_err/s=0 in_kbps=0 out_kbps=0 rd_eagain/s=0 wr_eagain/s=0 rd_err/s=0 wr_err/s=0 sf_kbps=0 sf_eagain/s=0 sf_err/s=0-/home/dachuo/my_socket/src/Metrics.cpp:99
20260210 22:08:16.440043   9425 INFO    metrics active=0 accept/s=0 close/s=0 req/s=0 parse_err/s=0 in_kbps=0 out_kbps=0 rd_eagain/s=0 wr_eagain/s=0 rd_err/s=0 wr_err/s=0 sf_kbps=0 sf_eagain/s=0 sf_err/s=0-/home/dachuo/my_socket/src/Metrics.cpp:99
20260210 22:08:17.440867   9425 INFO    metrics active=0 accept/s=0 close/s=0 req/s=0 parse_err/s=0 in_kbps=0 out_kbps=0 rd_eagain/s=0 wr_eagain/s=0 rd_err/s=0 wr_err/s=0 sf_kbps=0 sf_eagain/s=0 sf_err/s=0-/home/dachuo/my_socket/src/Metrics.cpp:99
20260210 22:08:18.441047   9425 INFO    metrics active=0 accept/s=0 close/s=0 req/s=0 parse_err/s=0 in_kbps=0 out_kbps=0 rd_eagain/s=0 wr_eagain/s=0 rd_err/s=0 wr_err/s=0 sf_kbps=0 sf_eagain/s=0 sf_err/s=0-/home/dachuo/my_socket/src/Metrics.cpp:99
20260210 22:08:19.441747   9425 INFO    metrics active=0 accept/s=0 close/s=0 req/s=0 parse_err/s=0 in_kbps=0 out_kbps=0 rd_eagain/s=0 wr_eagain/s=0 rd_err/s=0 wr_err/s=0 sf_kbps=0 sf_eagain/s=0 sf_err/s=0-/home/dachuo/my_socket/src/Metrics.cpp:99
20260210 22:08:20.442760   9425 INFO    metrics active=0 accept/s=0 close/s=0 req/s=0 parse_err/s=0 in_kbps=0 out_kbps=0 rd_eagain/s=0 wr_eagain/s=0 rd_err/s=0 wr_err/s=0 sf_kbps=0 sf_eagain/s=0 sf_err/s=0-/home/dachuo/my_socket/src/Metrics.cpp:99
20260210 22:08:21.443646   9425 INFO    metrics active=0 accept/s=0 close/s=0 req/s=0 parse_err/s=0 in_kbps=0 out_kbps=0 rd_eagain/s=0 wr_eagain/s=0 rd_err/s=0 wr_err/s=0 sf_kbps=0 sf_eagain/s=0 sf_err/s=0-/home/dachuo/my_socket/src/Metrics.cpp:99
20260210 22:08:22.443805   9425 INFO    metrics active=0 accept/s=0 close/s=0 req/s=0 parse_err/s=0 in_kbps=0 out_kbps=0 rd_eagain/s=0 wr_eagain/s=0 rd_err/s=0 wr_err/s=0 sf_kbps=0 sf_eagain/s=0 sf_err/s=0-/home/dachuo/my_socket/src/Metrics.cpp:99
20260210 22:08:23.444665   9425 INFO    metrics active=0 accept/s=0 close/s=0 req/s=0 parse_err/s=0 in_kbps=0 out_kbps=0 rd_eagain/s=0 wr_eagain/s=0 rd_err/s=0 wr_err/s=0 sf_kbps=0 sf_eagain/s=0 sf_err/s=0-/home/dachuo/my_socket/src/Metrics.cpp:99
20260210 22:08:24.445038   9425 INFO    metrics active=0 accept/s=0 close/s=0 req/s=0 parse_err/s=0 in_kbps=0 out_kbps=0 rd_eagain/s=0 wr_eagain/s=0 rd_err/s=0 wr_err/s=0 sf_kbps=0 sf_eagain/s=0 sf_err/s=0-/home/dachuo/my_socket/src/Metrics.cpp:99
20260210 22:08:25.445806   9425 INFO    metrics active=0 accept/s=0 close/s=0 req/s=0 parse_err/s=0 in_kbps=0 out_kbps=0 rd_eagain/s=0 wr_eagain/s=0 rd_err/s=0 wr_err/s=0 sf_kbps=0 sf_eagain/s=0 sf_err/s=0-/home/dachuo/my_socket/src/Metrics.cpp:99
20260210 22:08:26.446542   9425 INFO    metrics active=0 accept/s=0 close/s=0 req/s=0 parse_err/s=0 in_kbps=0 out_kbps=0 rd_eagain/s=0 wr_eagain/s=0 rd_err/s=0 wr_err/s=0 sf_kbps=0 sf_eagain/s=0 sf_err/s=0-/home/dachuo/my_socket/src/Metrics.cpp:99
20260210 22:08:27.446910   9425 INFO    metrics active=0 accept/s=0 close/s=0 req/s=0 parse_err/s=0 in_kbps=0 out_kbps=0 rd_eagain/s=0 wr_eagain/s=0 rd_err/s=0 wr_err/s=0 sf_kbps=0 sf_eagain/s=0 sf_err/s=0-/home/dachuo/my_socket/src/Metrics.cpp:99
20260210 22:08:28.447608   9425 INFO    metrics active=0 accept/s=0 close/s=0 req/s=0 parse_err/s=0 in_kbps=0 out_kbps=0 rd_eagain/s=0 wr_eagain/s=0 rd_err/s=0 wr_err/s=0 sf_kbps=0 sf_eagain/s=0 sf_err/s=0-/home/dachuo/my_socket/src/Metrics.cpp:99
20260210 22:08:29.448120   9425 INFO    metrics active=0 accept/s=0 close/s=0 req/s=0 parse_err/s=0 in_kbps=0 out_kbps=0 rd_eagain/s=0 wr_eagain/s=0 rd_err/s=0 wr_err/s=0 sf_kbps=0 sf_eagain/s=0 sf_err/s=0-/home/dachuo/my_socket/src/Metrics.cpp:99
20260210 22:08:30.449850   9425 INFO    metrics active=0 accept/s=0 close/s=0 req/s=0 parse_err/s=0 in_kbps=0 out_kbps=0 rd_eagain/s=0 wr_eagain/s=0 rd_err/s=0 wr_err/s=0 sf_kbps=0 sf_eagain/s=0 sf_err/s=0-/home/dachuo/my_socket/src/Metrics.cpp:99
20260210 22:08:31.451000   9425 INFO    metrics active=0 accept/s=0 close/s=0 req/s=0 parse_err/s=0 in_kbps=0 out_kbps=0 rd_eagain/s=0 wr_eagain/s=0 rd_err/s=0 wr_err/s=0 sf_kbps=0 sf_eagain/s=0 sf_err/s=0-/home/dachuo/my_socket/src/Metrics.cpp:99
20260210 22:08:32.451891   9425 INFO    metrics active=0 accept/s=0 close/s=0 req/s=0 parse_err/s=0 in_kbps=0 out_kbps=0 rd_eagain/s=0 wr_eagain/s=0 rd_err/s=0 wr_err/s=0 sf_kbps=0 sf_eagain/s=0 sf_err/s=0-/home/dachuo/my_socket/src/Metrics.cpp:99
20260210 22:08:33.452937   9425 INFO    metrics active=0 accept/s=0 close/s=0 req/s=0 parse_err/s=0 in_kbps=0 out_kbps=0 rd_eagain/s=0 wr_eagain/s=0 rd_err/s=0 wr_err/s=0 sf_kbps=0 sf_eagain/s=0 sf_err/s=0-/home/dachuo/my_socket/src/Metrics.cpp:99
20260210 22:08:34.453287   9425 INFO    metrics active=0 accept/s=0 close/s=0 req/s=0 parse_err/s=0 in_kbps=0 out_kbps=0 rd_eagain/s=0 wr_eagain/s=0 rd_err/s=0 wr_err/s=0 sf_kbps=0 sf_eagain/s=0 sf_err/s=0-/home/dachuo/my_socket/src/Metrics.cpp:99
20260210 22:08:35.454092   9425 INFO    metrics active=0 accept/s=0 close/s=0 req/s=0 parse_err/s=0 in_kbps=0 out_kbps=0 rd_eagain/s=0 wr_eagain/s=0 rd_err/s=0 wr_err/s=0 sf_kbps=0 sf_eagain/s=0 sf_err/s=0-/home/dachuo/my_socket/src/Metrics.cpp:99
20260210 22:08:36.455142   9425 INFO    metrics active=0 accept/s=0 close/s=0 req/s=0 parse_err/s=0 in_kbps=0 out_kbps=0 rd_eagain/s=0 wr_eagain/s=0 rd_err/s=0 wr_err/s=0 sf_kbps=0 sf_eagain/s=0 sf_err/s=0-/home/dachuo/my_socket/src/Metrics.cpp:99
20260210 22:08:37.456077   9425 INFO    metrics active=0 accept/s=0 close/s=0 req/s=0 parse_err/s=0 in_kbps=0 out_kbps=0 rd_eagain/s=0 wr_eagain/s=0 rd_err/s=0 wr_err/s=0 sf_kbps=0 sf_eagain/s=0 sf_err/s=0-/home/dachuo/my_socket/src/Metrics.cpp:99
20260210 22:08:38.456865   9425 INFO    metrics active=0 accept/s=0 close/s=0 req/s=0 parse_err/s=0 in_kbps=0 out_kbps=0 rd_eagain/s=0 wr_eagain/s=0 rd_err/s=0 wr_err/s=0 sf_kbps=0 sf_eagain/s=0 sf_err/s=0-/home/dachuo/my_socket/src/Metrics.cpp:99
20260210 22:08:39.457882   9425 INFO    metrics active=0 accept/s=0 close/s=0 req/s=0 parse_err/s=0 in_kbps=0 out_kbps=0 rd_eagain/s=0 wr_eagain/s=0 rd_err/s=0 wr_err/s=0 sf_kbps=0 sf_eagain/s=0 sf_err/s=0-/home/dachuo/my_socket/src/Metrics.cpp:99
20260210 22:08:40.458784   9425 INFO    metrics active=0 accept/s=0 close/s=0 req/s=0 parse_err/s=0 in_kbps=0 out_kbps=0 rd_eagain/s=0 wr_eagain/s=0 rd_err/s=0 wr_err/s=0 sf_kbps=0 sf_eagain/s=0 sf_err/s=0-/home/dachuo/my_socket/src/Metrics.cpp:99
20260210 22:08:41.460210   9425 INFO    metrics active=0 accept/s=0 close/s=0 req/s=0 parse_err/s=0 in_kbps=0 out_kbps=0 rd_eagain/s=0 wr_eagain/s=0 rd_err/s=0 wr_err/s=0 sf_kbps=0 sf_eagain/s=0 sf_err/s=0-/home/dachuo/my_socket/src/Metrics.cpp:99
20260210 22:08:42.461054   9425 INFO    metrics active=0 accept/s=0 close/s=0 req/s=0 parse_err/s=0 in_kbps=0 out_kbps=0 rd_eagain/s=0 wr_eagain/s=0 rd_err/s=0 wr_err/s=0 sf_kbps=0 sf_eagain/s=0 sf_err/s=0-/home/dachuo/my_socket/src/Metrics.cpp:99
20260210 22:08:43.461552   9425 INFO    metrics active=0 accept/s=0 close/s=0 req/s=0 parse_err/s=0 in_kbps=0 out_kbps=0 rd_eagain/s=0 wr_eagain/s=0 rd_err/s=0 wr_err/s=0 sf_kbps=0 sf_eagain/s=0 sf_err/s=0-/home/dachuo/my_socket/src/Metrics.cpp:99
20260210 22:08:44.462025   9425 INFO    metrics active=0 accept/s=0 close/s=0 req/s=0 parse_err/s=0 in_kbps=0 out_kbps=0 rd_eagain/s=0 wr_eagain/s=0 rd_err/s=0 wr_err/s=0 sf_kbps=0 sf_eagain/s=0 sf_err/s=0-/home/dachuo/my_socket/src/Metrics.cpp:99
20260210 22:08:45.462755   9425 INFO    metrics active=0 accept/s=0 close/s=0 req/s=0 parse_err/s=0 in_kbps=0 out_kbps=0 rd_eagain/s=0 wr_eagain/s=0 rd_err/s=0 wr_err/s=0 sf_kbps=0 sf_eagain/s=0 sf_err/s=0-/home/dachuo/my_socket/src/Metrics.cpp:99
20260210 22:08:46.462993   9425 INFO    metrics active=0 accept/s=0 close/s=0 req/s=0 parse_err/s=0 in_kbps=0 out_kbps=0 rd_eagain/s=0 wr_eagain/s=0 rd_err/s=0 wr_err/s=0 sf_kbps=0 sf_eagain/s=0 sf_err/s=0-/home/dachuo/my_socket/src/Metrics.cpp:99
20260210 22:08:47.463546   9425 INFO    metrics active=0 accept/s=0 close/s=0 req/s=0 parse_err/s=0 in_kbps=0 out_kbps=0 rd_eagain/s=0 wr_eagain/s=0 rd_err/s=0 wr_err/s=0 sf_kbps=0 sf_eagain/s=0 sf_err/s=0-/home/dachuo/my_socket/src/Metrics.cpp:99
20260210 22:08:48.464014   9425 INFO    metrics active=0 accept/s=0 close/s=0 req/s=0 parse_err/s=0 in_kbps=0 out_kbps=0 rd_eagain/s=0 wr_eagain/s=0 rd_err/s=0 wr_err/s=0 sf_kbps=0 sf_eagain/s=0 sf_err/s=0-/home/dachuo/my_socket/src/Metrics.cpp:99
20260210 22:08:49.464546   9425 INFO    metrics active=0 accept/s=0 close/s=0 req/s=0 parse_err/s=0 in_kbps=0 out_kbps=0 rd_eagain/s=0 wr_eagain/s=0 rd_err/s=0 wr_err/s=0 sf_kbps=0 sf_eagain/s=0 sf_err/s=0-/home/dachuo/my_socket/src/Metrics.cpp:99
20260210 22:08:50.465204   9425 INFO    metrics active=0 accept/s=0 close/s=0 req/s=0 parse_err/s=0 in_kbps=0 out_kbps=0 rd_eagain/s=0 wr_eagain/s=0 rd_err/s=0 wr_err/s=0 sf_kbps=0 sf_eagain/s=0 sf_err/s=0-/home/dachuo/my_socket/src/Metrics.cpp:99
20260210 22:08:51.465638   9425 INFO    metrics active=0 accept/s=0 close/s=0 req/s=0 parse_err/s=0 in_kbps=0 out_kbps=0 rd_eagain/s=0 wr_eagain/s=0 rd_err/s=0 wr_err/s=0 sf_kbps=0 sf_eagain/s=0 sf_err/s=0-/home/dachuo/my_socket/src/Metrics.cpp:99
20260210 22:08:52.466818   9425 INFO    metrics active=0 accept/s=0 close/s=0 req/s=0 parse_err/s=0 in_kbps=0 out_kbps=0 rd_eagain/s=0 wr_eagain/s=0 rd_err/s=0 wr_err/s=0 sf_kbps=0 sf_eagain/s=0 sf_err/s=0-/home/dachuo/my_socket/src/Metrics.cpp:99
20260210 22:08:53.467104   9425 INFO    metrics active=0 accept/s=0 close/s=0 req/s=0 parse_err/s=0 in_kbps=0 out_kbps=0 rd_eagain/s=0 wr_eagain/s=0 rd_err/s=0 wr_err/s=0 sf_kbps=0 sf_eagain/s=0 sf_err/s=0-/home/dachuo/my_socket/src/Metrics.cpp:99
20260210 22:08:54.468190   9425 INFO    metrics active=0 accept/s=0 close/s=0 req/s=0 parse_err/s=0 in_kbps=0 out_kbps=0 rd_eagain/s=0 wr_eagain/s=0 rd_err/s=0 wr_err/s=0 sf_kbps=0 sf_eagain/s=0 sf_err/s=0-/home/dachuo/my_socket/src/Metrics.cpp:99
20260210 22:08:55.468449   9425 INFO    metrics active=0 accept/s=0 close/s=0 req/s=0 parse_err/s=0 in_kbps=0 out_kbps=0 rd_eagain/s=0 wr_eagain/s=0 rd_err/s=0 wr_err/s=0 sf_kbps=0 sf_eagain/s=0 sf_err/s=0-/home/dachuo/my_socket/src/Metrics.cpp:99
20260210 22:08:56.469006   9425 INFO    metrics active=0 accept/s=0 close/s=0 req/s=0 parse_err/s=0 in_kbps=0 out_kbps=0 rd_eagain/s=0 wr_eagain/s=0 rd_err/s=0 wr_err/s=0 sf_kbps=0 sf_eagain/s=0 sf_err/s=0-/home/dachuo/my_socket/src/Metrics.cpp:99
20260210 22:08:57.469461   9425 INFO    metrics active=0 accept/s=0 close/s=0 req/s=0 parse_err/s=0 in_kbps=0 out_kbps=0 rd_eagain/s=0 wr_eagain/s=0 rd_err/s=0 wr_err/s=0 sf_kbps=0 sf_eagain/s=0 sf_err/s=0-/home/dachuo/my_socket/src/Metrics.cpp:99
20260210 22:08:58.469710   9425 INFO    metrics active=0 accept/s=0 close/s=0 req/s=0 parse_err/s=0 in_kbps=0 out_kbps=0 rd_eagain/s=0 wr_eagain/s=0 rd_err/s=0 wr_err/s=0 sf_kbps=0 sf_eagain/s=0 sf_err/s=0-/home/dachuo/my_socket/src/Metrics.cpp:99
20260210 22:08:59.469979   9425 INFO    metrics active=0 accept/s=0 close/s=0 req/s=0 parse_err/s=0 in_kbps=0 out_kbps=0 rd_eagain/s=0 wr_eagain/s=0 rd_err/s=0 wr_err/s=0 sf_kbps=0 sf_eagain/s=0 sf_err/s=0-/home/dachuo/my_socket/src/Metrics.cpp:99
20260210 22:09:00.470592   9425 INFO    metrics active=0 accept/s=0 close/s=0 req/s=0 parse_err/s=0 in_kbps=0 out_kbps=0 rd_eagain/s=0 wr_eagain/s=0 rd_err/s=0 wr_err/s=0 sf_kbps=0 sf_eagain/s=0 sf_err/s=0-/home/dachuo/my_socket/src/Metrics.cpp:99
20260210 22:09:01.471342   9425 INFO    metrics active=0 accept/s=0 close/s=0 req/s=0 parse_err/s=0 in_kbps=0 out_kbps=0 rd_eagain/s=0 wr_eagain/s=0 rd_err/s=0 wr_err/s=0 sf_kbps=0 sf_eagain/s=0 sf_err/s=0-/home/dachuo/my_socket/src/Metrics.cpp:99
20260210 22:09:02.472121   9425 INFO    metrics active=0 accept/s=0 close/s=0 req/s=0 parse_err/s=0 in_kbps=0 out_kbps=0 rd_eagain/s=0 wr_eagain/s=0 rd_err/s=0 wr_err/s=0 sf_kbps=0 sf_eagain/s=0 sf_err/s=0-/home/dachuo/my_socket/src/Metrics.cpp:99
20260210 22:09:03.472769   9425 INFO    metrics active=0 accept/s=0 close/s=0 req/s=0 parse_err/s=0 in_kbps=0 out_kbps=0 rd_eagain/s=0 wr_eagain/s=0 rd_err/s=0 wr_err/s=0 sf_kbps=0 sf_eagain/s=0 sf_err/s=0-/home/dachuo/my_socket/src/Metrics.cpp:99
20260210 22:09:04.473450   9425 INFO    metrics active=0 accept/s=0 close/s=0 req/s=0 parse_err/s=0 in_kbps=0 out_kbps=0 rd_eagain/s=0 wr_eagain/s=0 rd_err/s=0 wr_err/s=0 sf_kbps=0 sf_eagain/s=0 sf_err/s=0-/home/dachuo/my_socket/src/Metrics.cpp:99
20260210 22:09:05.474639   9425 INFO    metrics active=0 accept/s=0 close/s=0 req/s=0 parse_err/s=0 in_kbps=0 out_kbps=0 rd_eagain/s=0 wr_eagain/s=0 rd_err/s=0 wr_err/s=0 sf_kbps=0 sf_eagain/s=0 sf_err/s=0-/home/dachuo/my_socket/src/Metrics.cpp:99
20260210 22:09:06.474918   9425 INFO    metrics active=0 accept/s=0 close/s=0 req/s=0 parse_err/s=0 in_kbps=0 out_kbps=0 rd_eagain/s=0 wr_eagain/s=0 rd_err/s=0 wr_err/s=0 sf_kbps=0 sf_eagain/s=0 sf_err/s=0-/home/dachuo/my_socket/src/Metrics.cpp:99
20260210 22:09:07.475230   9425 INFO    metrics active=0 accept/s=0 close/s=0 req/s=0 parse_err/s=0 in_kbps=0 out_kbps=0 rd_eagain/s=0 wr_eagain/s=0 rd_err/s=0 wr_err/s=0 sf_kbps=0 sf_eagain/s=0 sf_err/s=0-/home/dachuo/my_socket/src/Metrics.cpp:99
20260210 22:09:08.476468   9425 INFO    metrics active=0 accept/s=0 close/s=0 req/s=0 parse_err/s=0 in_kbps=0 out_kbps=0 rd_eagain/s=0 wr_eagain/s=0 rd_err/s=0 wr_err/s=0 sf_kbps=0 sf_eagain/s=0 sf_err/s=0-/home/dachuo/my_socket/src/Metrics.cpp:99
20260210 22:09:09.477796   9425 INFO    metrics active=0 accept/s=0 close/s=0 req/s=0 parse_err/s=0 in_kbps=0 out_kbps=0 rd_eagain/s=0 wr_eagain/s=0 rd_err/s=0 wr_err/s=0 sf_kbps=0 sf_eagain/s=0 sf_err/s=0-/home/dachuo/my_socket/src/Metrics.cpp:99
20260210 22:09:10.478681   9425 INFO    metrics active=0 accept/s=0 close/s=0 req/s=0 parse_err/s=0 in_kbps=0 out_kbps=0 rd_eagain/s=0 wr_eagain/s=0 rd_err/s=0 wr_err/s=0 sf_kbps=0 sf_eagain/s=0 sf_err/s=0-/home/dachuo/my_socket/src/Metrics.cpp:99
20260210 22:09:11.479596   9425 INFO    metrics active=0 accept/s=0 close/s=0 req/s=0 parse_err/s=0 in_kbps=0 out_kbps=0 rd_eagain/s=0 wr_eagain/s=0 rd_err/s=0 wr_err/s=0 sf_kbps=0 sf_eagain/s=0 sf_err/s=0-/home/dachuo/my_socket/src/Metrics.cpp:99
20260210 22:09:12.479940   9425 INFO    metrics active=0 accept/s=0 close/s=0 req/s=0 parse_err/s=0 in_kbps=0 out_kbps=0 rd_eagain/s=0 wr_eagain/s=0 rd_err/s=0 wr_err/s=0 sf_kbps=0 sf_eagain/s=0 sf_err/s=0-/home/dachuo/my_socket/src/Metrics.cpp:99
20260210 22:09:13.480148   9425 INFO    metrics active=0 accept/s=0 close/s=0 req/s=0 parse_err/s=0 in_kbps=0 out_kbps=0 rd_eagain/s=0 wr_eagain/s=0 rd_err/s=0 wr_err/s=0 sf_kbps=0 sf_eagain/s=0 sf_err/s=0-/home/dachuo/my_socket/src/Metrics.cpp:99
20260210 22:09:14.480776   9425 INFO    metrics active=0 accept/s=0 close/s=0 req/s=0 parse_err/s=0 in_kbps=0 out_kbps=0 rd_eagain/s=0 wr_eagain/s=0 rd_err/s=0 wr_err/s=0 sf_kbps=0 sf_eagain/s=0 sf_err/s=0-/home/dachuo/my_socket/src/Metrics.cpp:99
20260210 22:09:15.481190   9425 INFO    metrics active=0 accept/s=0 close/s=0 req/s=0 parse_err/s=0 in_kbps=0 out_kbps=0 rd_eagain/s=0 wr_eagain/s=0 rd_err/s=0 wr_err/s=0 sf_kbps=0 sf_eagain/s=0 sf_err/s=0-/home/dachuo/my_socket/src/Metrics.cpp:99
20260210 22:09:16.481483   9425 INFO    metrics active=0 accept/s=0 close/s=0 req/s=0 parse_err/s=0 in_kbps=0 out_kbps=0 rd_eagain/s=0 wr_eagain/s=0 rd_err/s=0 wr_err/s=0 sf_kbps=0 sf_eagain/s=0 sf_err/s=0-/home/dachuo/my_socket/src/Metrics.cpp:99
20260210 22:09:17.481849   9425 INFO    metrics active=0 accept/s=0 close/s=0 req/s=0 parse_err/s=0 in_kbps=0 out_kbps=0 rd_eagain/s=0 wr_eagain/s=0 rd_err/s=0 wr_err/s=0 sf_kbps=0 sf_eagain/s=0 sf_err/s=0-/home/dachuo/my_socket/src/Metrics.cpp:99
20260210 22:09:18.482521   9425 INFO    metrics active=0 accept/s=0 close/s=0 req/s=0 parse_err/s=0 in_kbps=0 out_kbps=0 rd_eagain/s=0 wr_eagain/s=0 rd_err/s=0 wr_err/s=0 sf_kbps=0 sf_eagain/s=0 sf_err/s=0-/home/dachuo/my_socket/src/Metrics.cpp:99
20260210 22:09:19.483371   9425 INFO    metrics active=0 accept/s=0 close/s=0 req/s=0 parse_err/s=0 in_kbps=0 out_kbps=0 rd_eagain/s=0 wr_eagain/s=0 rd_err/s=0 wr_err/s=0 sf_kbps=0 sf_eagain/s=0 sf_err/s=0-/home/dachuo/my_socket/src/Metrics.cpp:99
20260210 22:09:20.483825   9425 INFO    metrics active=0 accept/s=0 close/s=0 req/s=0 parse_err/s=0 in_kbps=0 out_kbps=0 rd_eagain/s=0 wr_eagain/s=0 rd_err/s=0 wr_err/s=0 sf_kbps=0 sf_eagain/s=0 sf_err/s=0-/home/dachuo/my_socket/src/Metrics.cpp:99
20260210 22:09:21.484606   9425 INFO    metrics active=0 accept/s=0 close/s=0 req/s=0 parse_err/s=0 in_kbps=0 out_kbps=0 rd_eagain/s=0 wr_eagain/s=0 rd_err/s=0 wr_err/s=0 sf_kbps=0 sf_eagain/s=0 sf_err/s=0-/home/dachuo/my_socket/src/Metrics.cpp:99
20260210 22:09:22.485668   9425 INFO    metrics active=0 accept/s=0 close/s=0 req/s=0 parse_err/s=0 in_kbps=0 out_kbps=0 rd_eagain/s=0 wr_eagain/s=0 rd_err/s=0 wr_err/s=0 sf_kbps=0 sf_eagain/s=0 sf_err/s=0-/home/dachuo/my_socket/src/Metrics.cpp:99
20260210 22:09:23.486316   9425 INFO    metrics active=0 accept/s=0 close/s=0 req/s=0 parse_err/s=0 in_kbps=0 out_kbps=0 rd_eagain/s=0 wr_eagain/s=0 rd_err/s=0 wr_err/s=0 sf_kbps=0 sf_eagain/s=0 sf_err/s=0-/home/dachuo/my_socket/src/Metrics.cpp:99
20260210 22:09:24.487167   9425 INFO    metrics active=0 accept/s=0 close/s=0 req/s=0 parse_err/s=0 in_kbps=0 out_kbps=0 rd_eagain/s=0 wr_eagain/s=0 rd_err/s=0 wr_err/s=0 sf_kbps=0 sf_eagain/s=0 sf_err/s=0-/home/dachuo/my_socket/src/Metrics.cpp:99
20260210 22:09:25.487554   9425 INFO    metrics active=0 accept/s=0 close/s=0 req/s=0 parse_err/s=0 in_kbps=0 out_kbps=0 rd_eagain/s=0 wr_eagain/s=0 rd_err/s=0 wr_err/s=0 sf_kbps=0 sf_eagain/s=0 sf_err/s=0-/home/dachuo/my_socket/src/Metrics.cpp:99
20260210 22:09:26.488524   9425 INFO    metrics active=0 accept/s=0 close/s=0 req/s=0 parse_err/s=0 in_kbps=0 out_kbps=0 rd_eagain/s=0 wr_eagain/s=0 rd_err/s=0 wr_err/s=0 sf_kbps=0 sf_eagain/s=0 sf_err/s=0-/home/dachuo/my_socket/src/Metrics.cpp:99
20260210 22:09:27.489086   9425 INFO    metrics active=0 accept/s=0 close/s=0 req/s=0 parse_err/s=0 in_kbps=0 out_kbps=0 rd_eagain/s=0 wr_eagain/s=0 rd_err/s=0 wr_err/s=0 sf_kbps=0 sf_eagain/s=0 sf_err/s=0-/home/dachuo/my_socket/src/Metrics.cpp:99
20260210 22:09:28.489568   9425 INFO    metrics active=0 accept/s=0 close/s=0 req/s=0 parse_err/s=0 in_kbps=0 out_kbps=0 rd_eagain/s=0 wr_eagain/s=0 rd_err/s=0 wr_err/s=0 sf_kbps=0 sf_eagain/s=0 sf_err/s=0-/home/dachuo/my_socket/src/Metrics.cpp:99
20260210 22:09:29.489985   9425 INFO    metrics active=0 accept/s=0 close/s=0 req/s=0 parse_err/s=0 in_kbps=0 out_kbps=0 rd_eagain/s=0 wr_eagain/s=0 rd_err/s=0 wr_err/s=0 sf_kbps=0 sf_eagain/s=0 sf_err/s=0-/home/dachuo/my_socket/src/Metrics.cpp:99
20260210 22:09:30.490305   9425 INFO    metrics active=0 accept/s=0 close/s=0 req/s=0 parse_err/s=0 in_kbps=0 out_kbps=0 rd_eagain/s=0 wr_eagain/s=0 rd_err/s=0 wr_err/s=0 sf_kbps=0 sf_eagain/s=0 sf_err/s=0-/home/dachuo/my_socket/src/Metrics.cpp:99
20260210 22:09:31.490895   9425 INFO    metrics active=0 accept/s=0 close/s=0 req/s=0 parse_err/s=0 in_kbps=0 out_kbps=0 rd_eagain/s=0 wr_eagain/s=0 rd_err/s=0 wr_err/s=0 sf_kbps=0 sf_eagain/s=0 sf_err/s=0-/home/dachuo/my_socket/src/Metrics.cpp:99
20260210 22:09:32.491515   9425 INFO    metrics active=0 accept/s=0 close/s=0 req/s=0 parse_err/s=0 in_kbps=0 out_kbps=0 rd_eagain/s=0 wr_eagain/s=0 rd_err/s=0 wr_err/s=0 sf_kbps=0 sf_eagain/s=0 sf_err/s=0-/home/dachuo/my_socket/src/Metrics.cpp:99
20260210 22:09:33.492045   9425 INFO    metrics active=0 accept/s=0 close/s=0 req/s=0 parse_err/s=0 in_kbps=0 out_kbps=0 rd_eagain/s=0 wr_eagain/s=0 rd_err/s=0 wr_err/s=0 sf_kbps=0 sf_eagain/s=0 sf_err/s=0-/home/dachuo/my_socket/src/Metrics.cpp:99
20260210 22:09:34.492718   9425 INFO    metrics active=0 accept/s=0 close/s=0 req/s=0 parse_err/s=0 in_kbps=0 out_kbps=0 rd_eagain/s=0 wr_eagain/s=0 rd_err/s=0 wr_err/s=0 sf_kbps=0 sf_eagain/s=0 sf_err/s=0-/home/dachuo/my_socket/src/Metrics.cpp:99
20260210 22:09:35.493197   9425 INFO    metrics active=0 accept/s=0 close/s=0 req/s=0 parse_err/s=0 in_kbps=0 out_kbps=0 rd_eagain/s=0 wr_eagain/s=0 rd_err/s=0 wr_err/s=0 sf_kbps=0 sf_eagain/s=0 sf_err/s=0-/home/dachuo/my_socket/src/Metrics.cpp:99
20260210 22:09:36.493543   9425 INFO    metrics active=0 accept/s=0 close/s=0 req/s=0 parse_err/s=0 in_kbps=0 out_kbps=0 rd_eagain/s=0 wr_eagain/s=0 rd_err/s=0 wr_err/s=0 sf_kbps=0 sf_eagain/s=0 sf_err/s=0-/home/dachuo/my_socket/src/Metrics.cpp:99
20260210 22:09:37.493880   9425 INFO    metrics active=0 accept/s=0 close/s=0 req/s=0 parse_err/s=0 in_kbps=0 out_kbps=0 rd_eagain/s=0 wr_eagain/s=0 rd_err/s=0 wr_err/s=0 sf_kbps=0 sf_eagain/s=0 sf_err/s=0-/home/dachuo/my_socket/src/Metrics.cpp:99
20260210 22:09:38.494832   9425 INFO    metrics active=0 accept/s=0 close/s=0 req/s=0 parse_err/s=0 in_kbps=0 out_kbps=0 rd_eagain/s=0 wr_eagain/s=0 rd_err/s=0 wr_err/s=0 sf_kbps=0 sf_eagain/s=0 sf_err/s=0-/home/dachuo/my_socket/src/Metrics.cpp:99
20260210 22:09:39.495849   9425 INFO    metrics active=0 accept/s=0 close/s=0 req/s=0 parse_err/s=0 in_kbps=0 out_kbps=0 rd_eagain/s=0 wr_eagain/s=0 rd_err/s=0 wr_err/s=0 sf_kbps=0 sf_eagain/s=0 sf_err/s=0-/home/dachuo/my_socket/src/Metrics.cpp:99
20260210 22:09:40.496519   9425 INFO    metrics active=0 accept/s=0 close/s=0 req/s=0 parse_err/s=0 in_kbps=0 out_kbps=0 rd_eagain/s=0 wr_eagain/s=0 rd_err/s=0 wr_err/s=0 sf_kbps=0 sf_eagain/s=0 sf_err/s=0-/home/dachuo/my_socket/src/Metrics.cpp:99
20260210 22:09:41.496839   9425 INFO    metrics active=0 accept/s=0 close/s=0 req/s=0 parse_err/s=0 in_kbps=0 out_kbps=0 rd_eagain/s=0 wr_eagain/s=0 rd_err/s=0 wr_err/s=0 sf_kbps=0 sf_eagain/s=0 sf_err/s=0-/home/dachuo/my_socket/src/Metrics.cpp:99
20260210 22:09:42.497578   9425 INFO    metrics active=0 accept/s=0 close/s=0 req/s=0 parse_err/s=0 in_kbps=0 out_kbps=0 rd_eagain/s=0 wr_eagain/s=0 rd_err/s=0 wr_err/s=0 sf_kbps=0 sf_eagain/s=0 sf_err/s=0-/home/dachuo/my_socket/src/Metrics.cpp:99
20260210 22:09:43.497989   9425 INFO    metrics active=0 accept/s=0 close/s=0 req/s=0 parse_err/s=0 in_kbps=0 out_kbps=0 rd_eagain/s=0 wr_eagain/s=0 rd_err/s=0 wr_err/s=0 sf_kbps=0 sf_eagain/s=0 sf_err/s=0-/home/dachuo/my_socket/src/Metrics.cpp:99
20260210 22:09:44.498405   9425 INFO    metrics active=0 accept/s=0 close/s=0 req/s=0 parse_err/s=0 in_kbps=0 out_kbps=0 rd_eagain/s=0 wr_eagain/s=0 rd_err/s=0 wr_err/s=0 sf_kbps=0 sf_eagain/s=0 sf_err/s=0-/home/dachuo/my_socket/src/Metrics.cpp:99
20260210 22:09:45.498631   9425 INFO    metrics active=0 accept/s=0 close/s=0 req/s=0 parse_err/s=0 in_kbps=0 out_kbps=0 rd_eagain/s=0 wr_eagain/s=0 rd_err/s=0 wr_err/s=0 sf_kbps=0 sf_eagain/s=0 sf_err/s=0-/home/dachuo/my_socket/src/Metrics.cpp:99
20260210 22:09:46.498989   9425 INFO    metrics active=0 accept/s=0 close/s=0 req/s=0 parse_err/s=0 in_kbps=0 out_kbps=0 rd_eagain/s=0 wr_eagain/s=0 rd_err/s=0 wr_err/s=0 sf_kbps=0 sf_eagain/s=0 sf_err/s=0-/home/dachuo/my_socket/src/Metrics.cpp:99
20260210 22:09:47.499875   9425 INFO    metrics active=0 accept/s=0 close/s=0 req/s=0 parse_err/s=0 in_kbps=0 out_kbps=0 rd_eagain/s=0 wr_eagain/s=0 rd_err/s=0 wr_err/s=0 sf_kbps=0 sf_eagain/s=0 sf_err/s=0-/home/dachuo/my_socket/src/Metrics.cpp:99
20260210 22:09:48.500337   9425 INFO    metrics active=0 accept/s=0 close/s=0 req/s=0 parse_err/s=0 in_kbps=0 out_kbps=0 rd_eagain/s=0 wr_eagain/s=0 rd_err/s=0 wr_err/s=0 sf_kbps=0 sf_eagain/s=0 sf_err/s=0-/home/dachuo/my_socket/src/Metrics.cpp:99
20260210 22:09:49.501129   9425 INFO    metrics active=0 accept/s=0 close/s=0 req/s=0 parse_err/s=0 in_kbps=0 out_kbps=0 rd_eagain/s=0 wr_eagain/s=0 rd_err/s=0 wr_err/s=0 sf_kbps=0 sf_eagain/s=0 sf_err/s=0-/home/dachuo/my_socket/src/Metrics.cpp:99
20260210 22:09:50.501422   9425 INFO    metrics active=0 accept/s=0 close/s=0 req/s=0 parse_err/s=0 in_kbps=0 out_kbps=0 rd_eagain/s=0 wr_eagain/s=0 rd_err/s=0 wr_err/s=0 sf_kbps=0 sf_eagain/s=0 sf_err/s=0-/home/dachuo/my_socket/src/Metrics.cpp:99
20260210 22:09:51.502413   9425 INFO    metrics active=0 accept/s=0 close/s=0 req/s=0 parse_err/s=0 in_kbps=0 out_kbps=0 rd_eagain/s=0 wr_eagain/s=0 rd_err/s=0 wr_err/s=0 sf_kbps=0 sf_eagain/s=0 sf_err/s=0-/home/dachuo/my_socket/src/Metrics.cpp:99
20260210 22:09:52.502831   9425 INFO    metrics active=0 accept/s=0 close/s=0 req/s=0 parse_err/s=0 in_kbps=0 out_kbps=0 rd_eagain/s=0 wr_eagain/s=0 rd_err/s=0 wr_err/s=0 sf_kbps=0 sf_eagain/s=0 sf_err/s=0-/home/dachuo/my_socket/src/Metrics.cpp:99
20260210 22:09:53.503110   9425 INFO    metrics active=0 accept/s=0 close/s=0 req/s=0 parse_err/s=0 in_kbps=0 out_kbps=0 rd_eagain/s=0 wr_eagain/s=0 rd_err/s=0 wr_err/s=0 sf_kbps=0 sf_eagain/s=0 sf_err/s=0-/home/dachuo/my_socket/src/Metrics.cpp:99
20260210 22:09:54.503538   9425 INFO    metrics active=0 accept/s=0 close/s=0 req/s=0 parse_err/s=0 in_kbps=0 out_kbps=0 rd_eagain/s=0 wr_eagain/s=0 rd_err/s=0 wr_err/s=0 sf_kbps=0 sf_eagain/s=0 sf_err/s=0-/home/dachuo/my_socket/src/Metrics.cpp:99
20260210 22:09:55.503908   9425 INFO    metrics active=0 accept/s=0 close/s=0 req/s=0 parse_err/s=0 in_kbps=0 out_kbps=0 rd_eagain/s=0 wr_eagain/s=0 rd_err/s=0 wr_err/s=0 sf_kbps=0 sf_eagain/s=0 sf_err/s=0-/home/dachuo/my_socket/src/Metrics.cpp:99
20260210 22:09:56.504523   9425 INFO    metrics active=0 accept/s=0 close/s=0 req/s=0 parse_err/s=0 in_kbps=0 out_kbps=0 rd_eagain/s=0 wr_eagain/s=0 rd_err/s=0 wr_err/s=0 sf_kbps=0 sf_eagain/s=0 sf_err/s=0-/home/dachuo/my_socket/src/Metrics.cpp:99
20260210 22:09:57.505126   9425 INFO    metrics active=0 accept/s=0 close/s=0 req/s=0 parse_err/s=0 in_kbps=0 out_kbps=0 rd_eagain/s=0 wr_eagain/s=0 rd_err/s=0 wr_err/s=0 sf_kbps=0 sf_eagain/s=0 sf_err/s=0-/home/dachuo/my_socket/src/Metrics.cpp:99
20260210 22:09:58.505458   9425 INFO    metrics active=0 accept/s=0 close/s=0 req/s=0 parse_err/s=0 in_kbps=0 out_kbps=0 rd_eagain/s=0 wr_eagain/s=0 rd_err/s=0 wr_err/s=0 sf_kbps=0 sf_eagain/s=0 sf_err/s=0-/home/dachuo/my_socket/src/Metrics.cpp:99
20260210 22:09:59.506235   9425 INFO    metrics active=0 accept/s=0 close/s=0 req/s=0 parse_err/s=0 in_kbps=0 out_kbps=0 rd_eagain/s=0 wr_eagain/s=0 rd_err/s=0 wr_err/s=0 sf_kbps=0 sf_eagain/s=0 sf_err/s=0-/home/dachuo/my_socket/src/Metrics.cpp:99
20260210 22:10:00.507226   9425 INFO    metrics active=0 accept/s=0 close/s=0 req/s=0 parse_err/s=0 in_kbps=0 out_kbps=0 rd_eagain/s=0 wr_eagain/s=0 rd_err/s=0 wr_err/s=0 sf_kbps=0 sf_eagain/s=0 sf_err/s=0-/home/dachuo/my_socket/src/Metrics.cpp:99
20260210 22:10:01.507863   9425 INFO    metrics active=0 accept/s=0 close/s=0 req/s=0 parse_err/s=0 in_kbps=0 out_kbps=0 rd_eagain/s=0 wr_eagain/s=0 rd_err/s=0 wr_err/s=0 sf_kbps=0 sf_eagain/s=0 sf_err/s=0-/home/dachuo/my_socket/src/Metrics.cpp:99
20260210 22:10:02.508364   9425 INFO    metrics active=0 accept/s=0 close/s=0 req/s=0 parse_err/s=0 in_kbps=0 out_kbps=0 rd_eagain/s=0 wr_eagain/s=0 rd_err/s=0 wr_err/s=0 sf_kbps=0 sf_eagain/s=0 sf_err/s=0-/home/dachuo/my_socket/src/Metrics.cpp:99
20260210 22:10:03.508649   9425 INFO    metrics active=0 accept/s=0 close/s=0 req/s=0 parse_err/s=0 in_kbps=0 out_kbps=0 rd_eagain/s=0 wr_eagain/s=0 rd_err/s=0 wr_err/s=0 sf_kbps=0 sf_eagain/s=0 sf_err/s=0-/home/dachuo/my_socket/src/Metrics.cpp:99
20260210 22:10:04.508849   9425 INFO    metrics active=0 accept/s=0 close/s=0 req/s=0 parse_err/s=0 in_kbps=0 out_kbps=0 rd_eagain/s=0 wr_eagain/s=0 rd_err/s=0 wr_err/s=0 sf_kbps=0 sf_eagain/s=0 sf_err/s=0-/home/dachuo/my_socket/src/Metrics.cpp:99
20260210 22:10:05.509267   9425 INFO    metrics active=0 accept/s=0 close/s=0 req/s=0 parse_err/s=0 in_kbps=0 out_kbps=0 rd_eagain/s=0 wr_eagain/s=0 rd_err/s=0 wr_err/s=0 sf_kbps=0 sf_eagain/s=0 sf_err/s=0-/home/dachuo/my_socket/src/Metrics.cpp:99
20260210 22:10:06.510290   9425 INFO    metrics active=0 accept/s=0 close/s=0 req/s=0 parse_err/s=0 in_kbps=0 out_kbps=0 rd_eagain/s=0 wr_eagain/s=0 rd_err/s=0 wr_err/s=0 sf_kbps=0 sf_eagain/s=0 sf_err/s=0-/home/dachuo/my_socket/src/Metrics.cpp:99
20260210 22:10:07.511269   9425 INFO    metrics active=0 accept/s=0 close/s=0 req/s=0 parse_err/s=0 in_kbps=0 out_kbps=0 rd_eagain/s=0 wr_eagain/s=0 rd_err/s=0 wr_err/s=0 sf_kbps=0 sf_eagain/s=0 sf_err/s=0-/home/dachuo/my_socket/src/Metrics.cpp:99
20260210 22:10:08.511651   9425 INFO    metrics active=0 accept/s=0 close/s=0 req/s=0 parse_err/s=0 in_kbps=0 out_kbps=0 rd_eagain/s=0 wr_eagain/s=0 rd_err/s=0 wr_err/s=0 sf_kbps=0 sf_eagain/s=0 sf_err/s=0-/home/dachuo/my_socket/src/Metrics.cpp:99
20260210 22:10:09.511976   9425 INFO    metrics active=0 accept/s=0 close/s=0 req/s=0 parse_err/s=0 in_kbps=0 out_kbps=0 rd_eagain/s=0 wr_eagain/s=0 rd_err/s=0 wr_err/s=0 sf_kbps=0 sf_eagain/s=0 sf_err/s=0-/home/dachuo/my_socket/src/Metrics.cpp:99
20260210 22:10:10.512568   9425 INFO    metrics active=0 accept/s=0 close/s=0 req/s=0 parse_err/s=0 in_kbps=0 out_kbps=0 rd_eagain/s=0 wr_eagain/s=0 rd_err/s=0 wr_err/s=0 sf_kbps=0 sf_eagain/s=0 sf_err/s=0-/home/dachuo/my_socket/src/Metrics.cpp:99
20260210 22:10:11.513153   9425 INFO    metrics active=0 accept/s=0 close/s=0 req/s=0 parse_err/s=0 in_kbps=0 out_kbps=0 rd_eagain/s=0 wr_eagain/s=0 rd_err/s=0 wr_err/s=0 sf_kbps=0 sf_eagain/s=0 sf_err/s=0-/home/dachuo/my_socket/src/Metrics.cpp:99
20260210 22:10:12.513957   9425 INFO    metrics active=0 accept/s=0 close/s=0 req/s=0 parse_err/s=0 in_kbps=0 out_kbps=0 rd_eagain/s=0 wr_eagain/s=0 rd_err/s=0 wr_err/s=0 sf_kbps=0 sf_eagain/s=0 sf_err/s=0-/home/dachuo/my_socket/src/Metrics.cpp:99
20260210 22:10:13.514613   9425 INFO    metrics active=0 accept/s=0 close/s=0 req/s=0 parse_err/s=0 in_kbps=0 out_kbps=0 rd_eagain/s=0 wr_eagain/s=0 rd_err/s=0 wr_err/s=0 sf_kbps=0 sf_eagain/s=0 sf_err/s=0-/home/dachuo/my_socket/src/Metrics.cpp:99
20260210 22:10:14.515445   9425 INFO    metrics active=0 accept/s=0 close/s=0 req/s=0 parse_err/s=0 in_kbps=0 out_kbps=0 rd_eagain/s=0 wr_eagain/s=0 rd_err/s=0 wr_err/s=0 sf_kbps=0 sf_eagain/s=0 sf_err/s=0-/home/dachuo/my_socket/src/Metrics.cpp:99
20260210 22:10:15.516486   9425 INFO    metrics active=0 accept/s=0 close/s=0 req/s=0 parse_err/s=0 in_kbps=0 out_kbps=0 rd_eagain/s=0 wr_eagain/s=0 rd_err/s=0 wr_err/s=0 sf_kbps=0 sf_eagain/s=0 sf_err/s=0-/home/dachuo/my_socket/src/Metrics.cpp:99
20260210 22:10:16.516938   9425 INFO    metrics active=0 accept/s=0 close/s=0 req/s=0 parse_err/s=0 in_kbps=0 out_kbps=0 rd_eagain/s=0 wr_eagain/s=0 rd_err/s=0 wr_err/s=0 sf_kbps=0 sf_eagain/s=0 sf_err/s=0-/home/dachuo/my_socket/src/Metrics.cpp:99
20260210 22:10:17.517296   9425 INFO    metrics active=0 accept/s=0 close/s=0 req/s=0 parse_err/s=0 in_kbps=0 out_kbps=0 rd_eagain/s=0 wr_eagain/s=0 rd_err/s=0 wr_err/s=0 sf_kbps=0 sf_eagain/s=0 sf_err/s=0-/home/dachuo/my_socket/src/Metrics.cpp:99
20260210 22:10:18.518762   9425 INFO    metrics active=0 accept/s=0 close/s=0 req/s=0 parse_err/s=0 in_kbps=0 out_kbps=0 rd_eagain/s=0 wr_eagain/s=0 rd_err/s=0 wr_err/s=0 sf_kbps=0 sf_eagain/s=0 sf_err/s=0-/home/dachuo/my_socket/src/Metrics.cpp:99
20260210 22:10:19.519303   9425 INFO    metrics active=0 accept/s=0 close/s=0 req/s=0 parse_err/s=0 in_kbps=0 out_kbps=0 rd_eagain/s=0 wr_eagain/s=0 rd_err/s=0 wr_err/s=0 sf_kbps=0 sf_eagain/s=0 sf_err/s=0-/home/dachuo/my_socket/src/Metrics.cpp:99
20260210 22:10:20.519902   9425 INFO    metrics active=0 accept/s=0 close/s=0 req/s=0 parse_err/s=0 in_kbps=0 out_kbps=0 rd_eagain/s=0 wr_eagain/s=0 rd_err/s=0 wr_err/s=0 sf_kbps=0 sf_eagain/s=0 sf_err/s=0-/home/dachuo/my_socket/src/Metrics.cpp:99
20260210 22:10:21.520860   9425 INFO    metrics active=0 accept/s=0 close/s=0 req/s=0 parse_err/s=0 in_kbps=0 out_kbps=0 rd_eagain/s=0 wr_eagain/s=0 rd_err/s=0 wr_err/s=0 sf_kbps=0 sf_eagain/s=0 sf_err/s=0-/home/dachuo/my_socket/src/Metrics.cpp:99
20260210 22:10:22.521369   9425 INFO    metrics active=0 accept/s=0 close/s=0 req/s=0 parse_err/s=0 in_kbps=0 out_kbps=0 rd_eagain/s=0 wr_eagain/s=0 rd_err/s=0 wr_err/s=0 sf_kbps=0 sf_eagain/s=0 sf_err/s=0-/home/dachuo/my_socket/src/Metrics.cpp:99
20260210 22:10:23.522101   9425 INFO    metrics active=0 accept/s=0 close/s=0 req/s=0 parse_err/s=0 in_kbps=0 out_kbps=0 rd_eagain/s=0 wr_eagain/s=0 rd_err/s=0 wr_err/s=0 sf_kbps=0 sf_eagain/s=0 sf_err/s=0-/home/dachuo/my_socket/src/Metrics.cpp:99
20260210 22:10:24.523392   9425 INFO    metrics active=0 accept/s=0 close/s=0 req/s=0 parse_err/s=0 in_kbps=0 out_kbps=0 rd_eagain/s=0 wr_eagain/s=0 rd_err/s=0 wr_err/s=0 sf_kbps=0 sf_eagain/s=0 sf_err/s=0-/home/dachuo/my_socket/src/Metrics.cpp:99
20260210 22:10:25.523975   9425 INFO    metrics active=0 accept/s=0 close/s=0 req/s=0 parse_err/s=0 in_kbps=0 out_kbps=0 rd_eagain/s=0 wr_eagain/s=0 rd_err/s=0 wr_err/s=0 sf_kbps=0 sf_eagain/s=0 sf_err/s=0-/home/dachuo/my_socket/src/Metrics.cpp:99
20260210 22:10:26.524754   9425 INFO    metrics active=0 accept/s=0 close/s=0 req/s=0 parse_err/s=0 in_kbps=0 out_kbps=0 rd_eagain/s=0 wr_eagain/s=0 rd_err/s=0 wr_err/s=0 sf_kbps=0 sf_eagain/s=0 sf_err/s=0-/home/dachuo/my_socket/src/Metrics.cpp:99
20260210 22:10:27.525686   9425 INFO    metrics active=0 accept/s=0 close/s=0 req/s=0 parse_err/s=0 in_kbps=0 out_kbps=0 rd_eagain/s=0 wr_eagain/s=0 rd_err/s=0 wr_err/s=0 sf_kbps=0 sf_eagain/s=0 sf_err/s=0-/home/dachuo/my_socket/src/Metrics.cpp:99
20260210 22:10:28.526409   9425 INFO    metrics active=0 accept/s=0 close/s=0 req/s=0 parse_err/s=0 in_kbps=0 out_kbps=0 rd_eagain/s=0 wr_eagain/s=0 rd_err/s=0 wr_err/s=0 sf_kbps=0 sf_eagain/s=0 sf_err/s=0-/home/dachuo/my_socket/src/Metrics.cpp:99
20260210 22:10:29.527029   9425 INFO    metrics active=0 accept/s=0 close/s=0 req/s=0 parse_err/s=0 in_kbps=0 out_kbps=0 rd_eagain/s=0 wr_eagain/s=0 rd_err/s=0 wr_err/s=0 sf_kbps=0 sf_eagain/s=0 sf_err/s=0-/home/dachuo/my_socket/src/Metrics.cpp:99
20260210 22:10:30.527520   9425 INFO    metrics active=0 accept/s=0 close/s=0 req/s=0 parse_err/s=0 in_kbps=0 out_kbps=0 rd_eagain/s=0 wr_eagain/s=0 rd_err/s=0 wr_err/s=0 sf_kbps=0 sf_eagain/s=0 sf_err/s=0-/home/dachuo/my_socket/src/Metrics.cpp:99
20260210 22:10:31.528339   9425 INFO    metrics active=0 accept/s=0 close/s=0 req/s=0 parse_err/s=0 in_kbps=0 out_kbps=0 rd_eagain/s=0 wr_eagain/s=0 rd_err/s=0 wr_err/s=0 sf_kbps=0 sf_eagain/s=0 sf_err/s=0-/home/dachuo/my_socket/src/Metrics.cpp:99
20260210 22:10:32.528766   9425 INFO    metrics active=0 accept/s=0 close/s=0 req/s=0 parse_err/s=0 in_kbps=0 out_kbps=0 rd_eagain/s=0 wr_eagain/s=0 rd_err/s=0 wr_err/s=0 sf_kbps=0 sf_eagain/s=0 sf_err/s=0-/home/dachuo/my_socket/src/Metrics.cpp:99
20260210 22:10:33.529642   9425 INFO    metrics active=0 accept/s=0 close/s=0 req/s=0 parse_err/s=0 in_kbps=0 out_kbps=0 rd_eagain/s=0 wr_eagain/s=0 rd_err/s=0 wr_err/s=0 sf_kbps=0 sf_eagain/s=0 sf_err/s=0-/home/dachuo/my_socket/src/Metrics.cpp:99
20260210 22:10:34.530622   9425 INFO    metrics active=0 accept/s=0 close/s=0 req/s=0 parse_err/s=0 in_kbps=0 out_kbps=0 rd_eagain/s=0 wr_eagain/s=0 rd_err/s=0 wr_err/s=0 sf_kbps=0 sf_eagain/s=0 sf_err/s=0-/home/dachuo/my_socket/src/Metrics.cpp:99
20260210 22:10:35.531234   9425 INFO    metrics active=0 accept/s=0 close/s=0 req/s=0 parse_err/s=0 in_kbps=0 out_kbps=0 rd_eagain/s=0 wr_eagain/s=0 rd_err/s=0 wr_err/s=0 sf_kbps=0 sf_eagain/s=0 sf_err/s=0-/home/dachuo/my_socket/src/Metrics.cpp:99
20260210 22:10:36.531622   9425 INFO    metrics active=0 accept/s=0 close/s=0 req/s=0 parse_err/s=0 in_kbps=0 out_kbps=0 rd_eagain/s=0 wr_eagain/s=0 rd_err/s=0 wr_err/s=0 sf_kbps=0 sf_eagain/s=0 sf_err/s=0-/home/dachuo/my_socket/src/Metrics.cpp:99
20260210 22:10:37.532138   9425 INFO    metrics active=0 accept/s=0 close/s=0 req/s=0 parse_err/s=0 in_kbps=0 out_kbps=0 rd_eagain/s=0 wr_eagain/s=0 rd_err/s=0 wr_err/s=0 sf_kbps=0 sf_eagain/s=0 sf_err/s=0-/home/dachuo/my_socket/src/Metrics.cpp:99
20260210 22:10:38.532758   9425 INFO    metrics active=0 accept/s=0 close/s=0 req/s=0 parse_err/s=0 in_kbps=0 out_kbps=0 rd_eagain/s=0 wr_eagain/s=0 rd_err/s=0 wr_err/s=0 sf_kbps=0 sf_eagain/s=0 sf_err/s=0-/home/dachuo/my_socket/src/Metrics.cpp:99
20260210 22:10:39.533117   9425 INFO    metrics active=0 accept/s=0 close/s=0 req/s=0 parse_err/s=0 in_kbps=0 out_kbps=0 rd_eagain/s=0 wr_eagain/s=0 rd_err/s=0 wr_err/s=0 sf_kbps=0 sf_eagain/s=0 sf_err/s=0-/home/dachuo/my_socket/src/Metrics.cpp:99
20260210 22:10:40.533558   9425 INFO    metrics active=0 accept/s=0 close/s=0 req/s=0 parse_err/s=0 in_kbps=0 out_kbps=0 rd_eagain/s=0 wr_eagain/s=0 rd_err/s=0 wr_err/s=0 sf_kbps=0 sf_eagain/s=0 sf_err/s=0-/home/dachuo/my_socket/src/Metrics.cpp:99
20260210 22:10:41.533858   9425 INFO    metrics active=0 accept/s=0 close/s=0 req/s=0 parse_err/s=0 in_kbps=0 out_kbps=0 rd_eagain/s=0 wr_eagain/s=0 rd_err/s=0 wr_err/s=0 sf_kbps=0 sf_eagain/s=0 sf_err/s=0-/home/dachuo/my_socket/src/Metrics.cpp:99
20260210 22:10:42.534779   9425 INFO    metrics active=0 accept/s=0 close/s=0 req/s=0 parse_err/s=0 in_kbps=0 out_kbps=0 rd_eagain/s=0 wr_eagain/s=0 rd_err/s=0 wr_err/s=0 sf_kbps=0 sf_eagain/s=0 sf_err/s=0-/home/dachuo/my_socket/src/Metrics.cpp:99
20260210 22:10:43.535905   9425 INFO    metrics active=0 accept/s=0 close/s=0 req/s=0 parse_err/s=0 in_kbps=0 out_kbps=0 rd_eagain/s=0 wr_eagain/s=0 rd_err/s=0 wr_err/s=0 sf_kbps=0 sf_eagain/s=0 sf_err/s=0-/home/dachuo/my_socket/src/Metrics.cpp:99
20260210 22:10:44.536437   9425 INFO    metrics active=0 accept/s=0 close/s=0 req/s=0 parse_err/s=0 in_kbps=0 out_kbps=0 rd_eagain/s=0 wr_eagain/s=0 rd_err/s=0 wr_err/s=0 sf_kbps=0 sf_eagain/s=0 sf_err/s=0-/home/dachuo/my_socket/src/Metrics.cpp:99
20260210 22:10:45.536837   9425 INFO    metrics active=0 accept/s=0 close/s=0 req/s=0 parse_err/s=0 in_kbps=0 out_kbps=0 rd_eagain/s=0 wr_eagain/s=0 rd_err/s=0 wr_err/s=0 sf_kbps=0 sf_eagain/s=0 sf_err/s=0-/home/dachuo/my_socket/src/Metrics.cpp:99
20260210 22:10:46.537602   9425 INFO    metrics active=0 accept/s=0 close/s=0 req/s=0 parse_err/s=0 in_kbps=0 out_kbps=0 rd_eagain/s=0 wr_eagain/s=0 rd_err/s=0 wr_err/s=0 sf_kbps=0 sf_eagain/s=0 sf_err/s=0-/home/dachuo/my_socket/src/Metrics.cpp:99
20260210 22:10:47.538027   9425 INFO    metrics active=0 accept/s=0 close/s=0 req/s=0 parse_err/s=0 in_kbps=0 out_kbps=0 rd_eagain/s=0 wr_eagain/s=0 rd_err/s=0 wr_err/s=0 sf_kbps=0 sf_eagain/s=0 sf_err/s=0-/home/dachuo/my_socket/src/Metrics.cpp:99
20260210 22:10:48.538401   9425 INFO    metrics active=0 accept/s=0 close/s=0 req/s=0 parse_err/s=0 in_kbps=0 out_kbps=0 rd_eagain/s=0 wr_eagain/s=0 rd_err/s=0 wr_err/s=0 sf_kbps=0 sf_eagain/s=0 sf_err/s=0-/home/dachuo/my_socket/src/Metrics.cpp:99
20260210 22:10:49.539299   9425 INFO    metrics active=0 accept/s=0 close/s=0 req/s=0 parse_err/s=0 in_kbps=0 out_kbps=0 rd_eagain/s=0 wr_eagain/s=0 rd_err/s=0 wr_err/s=0 sf_kbps=0 sf_eagain/s=0 sf_err/s=0-/home/dachuo/my_socket/src/Metrics.cpp:99
20260210 22:10:50.540342   9425 INFO    metrics active=0 accept/s=0 close/s=0 req/s=0 parse_err/s=0 in_kbps=0 out_kbps=0 rd_eagain/s=0 wr_eagain/s=0 rd_err/s=0 wr_err/s=0 sf_kbps=0 sf_eagain/s=0 sf_err/s=0-/home/dachuo/my_socket/src/Metrics.cpp:99
20260210 22:10:51.541052   9425 INFO    metrics active=0 accept/s=0 close/s=0 req/s=0 parse_err/s=0 in_kbps=0 out_kbps=0 rd_eagain/s=0 wr_eagain/s=0 rd_err/s=0 wr_err/s=0 sf_kbps=0 sf_eagain/s=0 sf_err/s=0-/home/dachuo/my_socket/src/Metrics.cpp:99
20260210 22:10:52.542634   9425 INFO    metrics active=0 accept/s=0 close/s=0 req/s=0 parse_err/s=0 in_kbps=0 out_kbps=0 rd_eagain/s=0 wr_eagain/s=0 rd_err/s=0 wr_err/s=0 sf_kbps=0 sf_eagain/s=0 sf_err/s=0-/home/dachuo/my_socket/src/Metrics.cpp:99
20260210 22:10:53.542853   9425 INFO    metrics active=0 accept/s=0 close/s=0 req/s=0 parse_err/s=0 in_kbps=0 out_kbps=0 rd_eagain/s=0 wr_eagain/s=0 rd_err/s=0 wr_err/s=0 sf_kbps=0 sf_eagain/s=0 sf_err/s=0-/home/dachuo/my_socket/src/Metrics.cpp:99
20260210 22:10:54.543592   9425 INFO    metrics active=0 accept/s=0 close/s=0 req/s=0 parse_err/s=0 in_kbps=0 out_kbps=0 rd_eagain/s=0 wr_eagain/s=0 rd_err/s=0 wr_err/s=0 sf_kbps=0 sf_eagain/s=0 sf_err/s=0-/home/dachuo/my_socket/src/Metrics.cpp:99
20260210 22:10:55.544682   9425 INFO    metrics active=0 accept/s=0 close/s=0 req/s=0 parse_err/s=0 in_kbps=0 out_kbps=0 rd_eagain/s=0 wr_eagain/s=0 rd_err/s=0 wr_err/s=0 sf_kbps=0 sf_eagain/s=0 sf_err/s=0-/home/dachuo/my_socket/src/Metrics.cpp:99
20260210 22:10:56.545074   9425 INFO    metrics active=0 accept/s=0 close/s=0 req/s=0 parse_err/s=0 in_kbps=0 out_kbps=0 rd_eagain/s=0 wr_eagain/s=0 rd_err/s=0 wr_err/s=0 sf_kbps=0 sf_eagain/s=0 sf_err/s=0-/home/dachuo/my_socket/src/Metrics.cpp:99
20260210 22:10:57.545301   9425 INFO    metrics active=0 accept/s=0 close/s=0 req/s=0 parse_err/s=0 in_kbps=0 out_kbps=0 rd_eagain/s=0 wr_eagain/s=0 rd_err/s=0 wr_err/s=0 sf_kbps=0 sf_eagain/s=0 sf_err/s=0-/home/dachuo/my_socket/src/Metrics.cpp:99
20260210 22:10:58.546246   9425 INFO    metrics active=0 accept/s=0 close/s=0 req/s=0 parse_err/s=0 in_kbps=0 out_kbps=0 rd_eagain/s=0 wr_eagain/s=0 rd_err/s=0 wr_err/s=0 sf_kbps=0 sf_eagain/s=0 sf_err/s=0-/home/dachuo/my_socket/src/Metrics.cpp:99
20260210 22:10:59.546620   9425 INFO    metrics active=0 accept/s=0 close/s=0 req/s=0 parse_err/s=0 in_kbps=0 out_kbps=0 rd_eagain/s=0 wr_eagain/s=0 rd_err/s=0 wr_err/s=0 sf_kbps=0 sf_eagain/s=0 sf_err/s=0-/home/dachuo/my_socket/src/Metrics.cpp:99
20260210 22:11:00.547354   9425 INFO    metrics active=0 accept/s=0 close/s=0 req/s=0 parse_err/s=0 in_kbps=0 out_kbps=0 rd_eagain/s=0 wr_eagain/s=0 rd_err/s=0 wr_err/s=0 sf_kbps=0 sf_eagain/s=0 sf_err/s=0-/home/dachuo/my_socket/src/Metrics.cpp:99
20260210 22:11:01.547715   9425 INFO    metrics active=0 accept/s=0 close/s=0 req/s=0 parse_err/s=0 in_kbps=0 out_kbps=0 rd_eagain/s=0 wr_eagain/s=0 rd_err/s=0 wr_err/s=0 sf_kbps=0 sf_eagain/s=0 sf_err/s=0-/home/dachuo/my_socket/src/Metrics.cpp:99
20260210 22:11:02.548092   9425 INFO    metrics active=0 accept/s=0 close/s=0 req/s=0 parse_err/s=0 in_kbps=0 out_kbps=0 rd_eagain/s=0 wr_eagain/s=0 rd_err/s=0 wr_err/s=0 sf_kbps=0 sf_eagain/s=0 sf_err/s=0-/home/dachuo/my_socket/src/Metrics.cpp:99
20260210 22:11:03.548648   9425 INFO    metrics active=0 accept/s=0 close/s=0 req/s=0 parse_err/s=0 in_kbps=0 out_kbps=0 rd_eagain/s=0 wr_eagain/s=0 rd_err/s=0 wr_err/s=0 sf_kbps=0 sf_eagain/s=0 sf_err/s=0-/home/dachuo/my_socket/src/Metrics.cpp:99
20260210 22:11:04.549170   9425 INFO    metrics active=0 accept/s=0 close/s=0 req/s=0 parse_err/s=0 in_kbps=0 out_kbps=0 rd_eagain/s=0 wr_eagain/s=0 rd_err/s=0 wr_err/s=0 sf_kbps=0 sf_eagain/s=0 sf_err/s=0-/home/dachuo/my_socket/src/Metrics.cpp:99
20260210 22:11:05.550295   9425 INFO    metrics active=0 accept/s=0 close/s=0 req/s=0 parse_err/s=0 in_kbps=0 out_kbps=0 rd_eagain/s=0 wr_eagain/s=0 rd_err/s=0 wr_err/s=0 sf_kbps=0 sf_eagain/s=0 sf_err/s=0-/home/dachuo/my_socket/src/Metrics.cpp:99
20260210 22:11:06.550669   9425 INFO    metrics active=0 accept/s=0 close/s=0 req/s=0 parse_err/s=0 in_kbps=0 out_kbps=0 rd_eagain/s=0 wr_eagain/s=0 rd_err/s=0 wr_err/s=0 sf_kbps=0 sf_eagain/s=0 sf_err/s=0-/home/dachuo/my_socket/src/Metrics.cpp:99
20260210 22:11:07.551564   9425 INFO    metrics active=0 accept/s=0 close/s=0 req/s=0 parse_err/s=0 in_kbps=0 out_kbps=0 rd_eagain/s=0 wr_eagain/s=0 rd_err/s=0 wr_err/s=0 sf_kbps=0 sf_eagain/s=0 sf_err/s=0-/home/dachuo/my_socket/src/Metrics.cpp:99
20260210 22:11:08.552132   9425 INFO    metrics active=0 accept/s=0 close/s=0 req/s=0 parse_err/s=0 in_kbps=0 out_kbps=0 rd_eagain/s=0 wr_eagain/s=0 rd_err/s=0 wr_err/s=0 sf_kbps=0 sf_eagain/s=0 sf_err/s=0-/home/dachuo/my_socket/src/Metrics.cpp:99
20260210 22:11:09.552417   9425 INFO    metrics active=0 accept/s=0 close/s=0 req/s=0 parse_err/s=0 in_kbps=0 out_kbps=0 rd_eagain/s=0 wr_eagain/s=0 rd_err/s=0 wr_err/s=0 sf_kbps=0 sf_eagain/s=0 sf_err/s=0-/home/dachuo/my_socket/src/Metrics.cpp:99
20260210 22:11:10.553196   9425 INFO    metrics active=0 accept/s=0 close/s=0 req/s=0 parse_err/s=0 in_kbps=0 out_kbps=0 rd_eagain/s=0 wr_eagain/s=0 rd_err/s=0 wr_err/s=0 sf_kbps=0 sf_eagain/s=0 sf_err/s=0-/home/dachuo/my_socket/src/Metrics.cpp:99
20260210 22:11:11.554222   9425 INFO    metrics active=0 accept/s=0 close/s=0 req/s=0 parse_err/s=0 in_kbps=0 out_kbps=0 rd_eagain/s=0 wr_eagain/s=0 rd_err/s=0 wr_err/s=0 sf_kbps=0 sf_eagain/s=0 sf_err/s=0-/home/dachuo/my_socket/src/Metrics.cpp:99
20260210 22:11:12.554511   9425 INFO    metrics active=0 accept/s=0 close/s=0 req/s=0 parse_err/s=0 in_kbps=0 out_kbps=0 rd_eagain/s=0 wr_eagain/s=0 rd_err/s=0 wr_err/s=0 sf_kbps=0 sf_eagain/s=0 sf_err/s=0-/home/dachuo/my_socket/src/Metrics.cpp:99
20260210 22:11:13.555176   9425 INFO    metrics active=0 accept/s=0 close/s=0 req/s=0 parse_err/s=0 in_kbps=0 out_kbps=0 rd_eagain/s=0 wr_eagain/s=0 rd_err/s=0 wr_err/s=0 sf_kbps=0 sf_eagain/s=0 sf_err/s=0-/home/dachuo/my_socket/src/Metrics.cpp:99
20260210 22:11:14.555729   9425 INFO    metrics active=0 accept/s=0 close/s=0 req/s=0 parse_err/s=0 in_kbps=0 out_kbps=0 rd_eagain/s=0 wr_eagain/s=0 rd_err/s=0 wr_err/s=0 sf_kbps=0 sf_eagain/s=0 sf_err/s=0-/home/dachuo/my_socket/src/Metrics.cpp:99
20260210 22:11:15.556809   9425 INFO    metrics active=0 accept/s=0 close/s=0 req/s=0 parse_err/s=0 in_kbps=0 out_kbps=0 rd_eagain/s=0 wr_eagain/s=0 rd_err/s=0 wr_err/s=0 sf_kbps=0 sf_eagain/s=0 sf_err/s=0-/home/dachuo/my_socket/src/Metrics.cpp:99
20260210 22:11:16.557951   9425 INFO    metrics active=0 accept/s=0 close/s=0 req/s=0 parse_err/s=0 in_kbps=0 out_kbps=0 rd_eagain/s=0 wr_eagain/s=0 rd_err/s=0 wr_err/s=0 sf_kbps=0 sf_eagain/s=0 sf_err/s=0-/home/dachuo/my_socket/src/Metrics.cpp:99
20260210 22:11:17.559497   9425 INFO    metrics active=0 accept/s=0 close/s=0 req/s=0 parse_err/s=0 in_kbps=0 out_kbps=0 rd_eagain/s=0 wr_eagain/s=0 rd_err/s=0 wr_err/s=0 sf_kbps=0 sf_eagain/s=0 sf_err/s=0-/home/dachuo/my_socket/src/Metrics.cpp:99
20260210 22:11:18.559904   9425 INFO    metrics active=0 accept/s=0 close/s=0 req/s=0 parse_err/s=0 in_kbps=0 out_kbps=0 rd_eagain/s=0 wr_eagain/s=0 rd_err/s=0 wr_err/s=0 sf_kbps=0 sf_eagain/s=0 sf_err/s=0-/home/dachuo/my_socket/src/Metrics.cpp:99
20260210 22:11:19.560562   9425 INFO    metrics active=0 accept/s=0 close/s=0 req/s=0 parse_err/s=0 in_kbps=0 out_kbps=0 rd_eagain/s=0 wr_eagain/s=0 rd_err/s=0 wr_err/s=0 sf_kbps=0 sf_eagain/s=0 sf_err/s=0-/home/dachuo/my_socket/src/Metrics.cpp:99
20260210 22:11:20.561457   9425 INFO    metrics active=0 accept/s=0 close/s=0 req/s=0 parse_err/s=0 in_kbps=0 out_kbps=0 rd_eagain/s=0 wr_eagain/s=0 rd_err/s=0 wr_err/s=0 sf_kbps=0 sf_eagain/s=0 sf_err/s=0-/home/dachuo/my_socket/src/Metrics.cpp:99
20260210 22:11:21.562734   9425 INFO    metrics active=0 accept/s=0 close/s=0 req/s=0 parse_err/s=0 in_kbps=0 out_kbps=0 rd_eagain/s=0 wr_eagain/s=0 rd_err/s=0 wr_err/s=0 sf_kbps=0 sf_eagain/s=0 sf_err/s=0-/home/dachuo/my_socket/src/Metrics.cpp:99
20260210 22:11:22.563672   9425 INFO    metrics active=0 accept/s=0 close/s=0 req/s=0 parse_err/s=0 in_kbps=0 out_kbps=0 rd_eagain/s=0 wr_eagain/s=0 rd_err/s=0 wr_err/s=0 sf_kbps=0 sf_eagain/s=0 sf_err/s=0-/home/dachuo/my_socket/src/Metrics.cpp:99
20260210 22:11:23.564074   9425 INFO    metrics active=0 accept/s=0 close/s=0 req/s=0 parse_err/s=0 in_kbps=0 out_kbps=0 rd_eagain/s=0 wr_eagain/s=0 rd_err/s=0 wr_err/s=0 sf_kbps=0 sf_eagain/s=0 sf_err/s=0-/home/dachuo/my_socket/src/Metrics.cpp:99
20260210 22:11:24.564787   9425 INFO    metrics active=0 accept/s=0 close/s=0 req/s=0 parse_err/s=0 in_kbps=0 out_kbps=0 rd_eagain/s=0 wr_eagain/s=0 rd_err/s=0 wr_err/s=0 sf_kbps=0 sf_eagain/s=0 sf_err/s=0-/home/dachuo/my_socket/src/Metrics.cpp:99
20260210 22:11:25.565845   9425 INFO    metrics active=0 accept/s=0 close/s=0 req/s=0 parse_err/s=0 in_kbps=0 out_kbps=0 rd_eagain/s=0 wr_eagain/s=0 rd_err/s=0 wr_err/s=0 sf_kbps=0 sf_eagain/s=0 sf_err/s=0-/home/dachuo/my_socket/src/Metrics.cpp:99
20260210 22:11:26.567263   9425 INFO    metrics active=0 accept/s=0 close/s=0 req/s=0 parse_err/s=0 in_kbps=0 out_kbps=0 rd_eagain/s=0 wr_eagain/s=0 rd_err/s=0 wr_err/s=0 sf_kbps=0 sf_eagain/s=0 sf_err/s=0-/home/dachuo/my_socket/src/Metrics.cpp:99
20260210 22:11:27.568003   9425 INFO    metrics active=0 accept/s=0 close/s=0 req/s=0 parse_err/s=0 in_kbps=0 out_kbps=0 rd_eagain/s=0 wr_eagain/s=0 rd_err/s=0 wr_err/s=0 sf_kbps=0 sf_eagain/s=0 sf_err/s=0-/home/dachuo/my_socket/src/Metrics.cpp:99
20260210 22:11:28.569202   9425 INFO    metrics active=0 accept/s=0 close/s=0 req/s=0 parse_err/s=0 in_kbps=0 out_kbps=0 rd_eagain/s=0 wr_eagain/s=0 rd_err/s=0 wr_err/s=0 sf_kbps=0 sf_eagain/s=0 sf_err/s=0-/home/dachuo/my_socket/src/Metrics.cpp:99
20260210 22:11:29.569510   9425 INFO    metrics active=0 accept/s=0 close/s=0 req/s=0 parse_err/s=0 in_kbps=0 out_kbps=0 rd_eagain/s=0 wr_eagain/s=0 rd_err/s=0 wr_err/s=0 sf_kbps=0 sf_eagain/s=0 sf_err/s=0-/home/dachuo/my_socket/src/Metrics.cpp:99
20260210 22:11:30.570012   9425 INFO    metrics active=0 accept/s=0 close/s=0 req/s=0 parse_err/s=0 in_kbps=0 out_kbps=0 rd_eagain/s=0 wr_eagain/s=0 rd_err/s=0 wr_err/s=0 sf_kbps=0 sf_eagain/s=0 sf_err/s=0-/home/dachuo/my_socket/src/Metrics.cpp:99
20260210 22:11:31.570566   9425 INFO    metrics active=0 accept/s=0 close/s=0 req/s=0 parse_err/s=0 in_kbps=0 out_kbps=0 rd_eagain/s=0 wr_eagain/s=0 rd_err/s=0 wr_err/s=0 sf_kbps=0 sf_eagain/s=0 sf_err/s=0-/home/dachuo/my_socket/src/Metrics.cpp:99
20260210 22:11:32.570918   9425 INFO    metrics active=0 accept/s=0 close/s=0 req/s=0 parse_err/s=0 in_kbps=0 out_kbps=0 rd_eagain/s=0 wr_eagain/s=0 rd_err/s=0 wr_err/s=0 sf_kbps=0 sf_eagain/s=0 sf_err/s=0-/home/dachuo/my_socket/src/Metrics.cpp:99
20260210 22:11:33.571502   9425 INFO    metrics active=0 accept/s=0 close/s=0 req/s=0 parse_err/s=0 in_kbps=0 out_kbps=0 rd_eagain/s=0 wr_eagain/s=0 rd_err/s=0 wr_err/s=0 sf_kbps=0 sf_eagain/s=0 sf_err/s=0-/home/dachuo/my_socket/src/Metrics.cpp:99
20260210 22:11:34.571761   9425 INFO    metrics active=0 accept/s=0 close/s=0 req/s=0 parse_err/s=0 in_kbps=0 out_kbps=0 rd_eagain/s=0 wr_eagain/s=0 rd_err/s=0 wr_err/s=0 sf_kbps=0 sf_eagain/s=0 sf_err/s=0-/home/dachuo/my_socket/src/Metrics.cpp:99
20260210 22:11:35.572531   9425 INFO    metrics active=0 accept/s=0 close/s=0 req/s=0 parse_err/s=0 in_kbps=0 out_kbps=0 rd_eagain/s=0 wr_eagain/s=0 rd_err/s=0 wr_err/s=0 sf_kbps=0 sf_eagain/s=0 sf_err/s=0-/home/dachuo/my_socket/src/Metrics.cpp:99
20260210 22:11:36.572902   9425 INFO    metrics active=0 accept/s=0 close/s=0 req/s=0 parse_err/s=0 in_kbps=0 out_kbps=0 rd_eagain/s=0 wr_eagain/s=0 rd_err/s=0 wr_err/s=0 sf_kbps=0 sf_eagain/s=0 sf_err/s=0-/home/dachuo/my_socket/src/Metrics.cpp:99
20260210 22:11:37.573719   9425 INFO    metrics active=0 accept/s=0 close/s=0 req/s=0 parse_err/s=0 in_kbps=0 out_kbps=0 rd_eagain/s=0 wr_eagain/s=0 rd_err/s=0 wr_err/s=0 sf_kbps=0 sf_eagain/s=0 sf_err/s=0-/home/dachuo/my_socket/src/Metrics.cpp:99
20260210 22:11:38.574186   9425 INFO    metrics active=0 accept/s=0 close/s=0 req/s=0 parse_err/s=0 in_kbps=0 out_kbps=0 rd_eagain/s=0 wr_eagain/s=0 rd_err/s=0 wr_err/s=0 sf_kbps=0 sf_eagain/s=0 sf_err/s=0-/home/dachuo/my_socket/src/Metrics.cpp:99
20260210 22:11:39.574549   9425 INFO    metrics active=0 accept/s=0 close/s=0 req/s=0 parse_err/s=0 in_kbps=0 out_kbps=0 rd_eagain/s=0 wr_eagain/s=0 rd_err/s=0 wr_err/s=0 sf_kbps=0 sf_eagain/s=0 sf_err/s=0-/home/dachuo/my_socket/src/Metrics.cpp:99
20260210 22:11:40.575336   9425 INFO    metrics active=0 accept/s=0 close/s=0 req/s=0 parse_err/s=0 in_kbps=0 out_kbps=0 rd_eagain/s=0 wr_eagain/s=0 rd_err/s=0 wr_err/s=0 sf_kbps=0 sf_eagain/s=0 sf_err/s=0-/home/dachuo/my_socket/src/Metrics.cpp:99
20260210 22:11:41.575986   9425 INFO    metrics active=0 accept/s=0 close/s=0 req/s=0 parse_err/s=0 in_kbps=0 out_kbps=0 rd_eagain/s=0 wr_eagain/s=0 rd_err/s=0 wr_err/s=0 sf_kbps=0 sf_eagain/s=0 sf_err/s=0-/home/dachuo/my_socket/src/Metrics.cpp:99
20260210 22:11:42.576641   9425 INFO    metrics active=0 accept/s=0 close/s=0 req/s=0 parse_err/s=0 in_kbps=0 out_kbps=0 rd_eagain/s=0 wr_eagain/s=0 rd_err/s=0 wr_err/s=0 sf_kbps=0 sf_eagain/s=0 sf_err/s=0-/home/dachuo/my_socket/src/Metrics.cpp:99
20260210 22:11:43.577657   9425 INFO    metrics active=0 accept/s=0 close/s=0 req/s=0 parse_err/s=0 in_kbps=0 out_kbps=0 rd_eagain/s=0 wr_eagain/s=0 rd_err/s=0 wr_err/s=0 sf_kbps=0 sf_eagain/s=0 sf_err/s=0-/home/dachuo/my_socket/src/Metrics.cpp:99
20260210 22:11:44.578836   9425 INFO    metrics active=0 accept/s=0 close/s=0 req/s=0 parse_err/s=0 in_kbps=0 out_kbps=0 rd_eagain/s=0 wr_eagain/s=0 rd_err/s=0 wr_err/s=0 sf_kbps=0 sf_eagain/s=0 sf_err/s=0-/home/dachuo/my_socket/src/Metrics.cpp:99
20260210 22:11:45.579778   9425 INFO    metrics active=0 accept/s=0 close/s=0 req/s=0 parse_err/s=0 in_kbps=0 out_kbps=0 rd_eagain/s=0 wr_eagain/s=0 rd_err/s=0 wr_err/s=0 sf_kbps=0 sf_eagain/s=0 sf_err/s=0-/home/dachuo/my_socket/src/Metrics.cpp:99
20260210 22:11:46.580263   9425 INFO    metrics active=0 accept/s=0 close/s=0 req/s=0 parse_err/s=0 in_kbps=0 out_kbps=0 rd_eagain/s=0 wr_eagain/s=0 rd_err/s=0 wr_err/s=0 sf_kbps=0 sf_eagain/s=0 sf_err/s=0-/home/dachuo/my_socket/src/Metrics.cpp:99
20260210 22:11:47.580523   9425 INFO    metrics active=0 accept/s=0 close/s=0 req/s=0 parse_err/s=0 in_kbps=0 out_kbps=0 rd_eagain/s=0 wr_eagain/s=0 rd_err/s=0 wr_err/s=0 sf_kbps=0 sf_eagain/s=0 sf_err/s=0-/home/dachuo/my_socket/src/Metrics.cpp:99
20260210 22:11:48.581324   9425 INFO    metrics active=0 accept/s=0 close/s=0 req/s=0 parse_err/s=0 in_kbps=0 out_kbps=0 rd_eagain/s=0 wr_eagain/s=0 rd_err/s=0 wr_err/s=0 sf_kbps=0 sf_eagain/s=0 sf_err/s=0-/home/dachuo/my_socket/src/Metrics.cpp:99
20260210 22:11:49.581801   9425 INFO    metrics active=0 accept/s=0 close/s=0 req/s=0 parse_err/s=0 in_kbps=0 out_kbps=0 rd_eagain/s=0 wr_eagain/s=0 rd_err/s=0 wr_err/s=0 sf_kbps=0 sf_eagain/s=0 sf_err/s=0-/home/dachuo/my_socket/src/Metrics.cpp:99
20260210 22:11:50.582805   9425 INFO    metrics active=0 accept/s=0 close/s=0 req/s=0 parse_err/s=0 in_kbps=0 out_kbps=0 rd_eagain/s=0 wr_eagain/s=0 rd_err/s=0 wr_err/s=0 sf_kbps=0 sf_eagain/s=0 sf_err/s=0-/home/dachuo/my_socket/src/Metrics.cpp:99
20260210 22:11:51.583564   9425 INFO    metrics active=0 accept/s=0 close/s=0 req/s=0 parse_err/s=0 in_kbps=0 out_kbps=0 rd_eagain/s=0 wr_eagain/s=0 rd_err/s=0 wr_err/s=0 sf_kbps=0 sf_eagain/s=0 sf_err/s=0-/home/dachuo/my_socket/src/Metrics.cpp:99
20260210 22:11:52.584289   9425 INFO    metrics active=0 accept/s=0 close/s=0 req/s=0 parse_err/s=0 in_kbps=0 out_kbps=0 rd_eagain/s=0 wr_eagain/s=0 rd_err/s=0 wr_err/s=0 sf_kbps=0 sf_eagain/s=0 sf_err/s=0-/home/dachuo/my_socket/src/Metrics.cpp:99
20260210 22:11:53.585418   9425 INFO    metrics active=0 accept/s=0 close/s=0 req/s=0 parse_err/s=0 in_kbps=0 out_kbps=0 rd_eagain/s=0 wr_eagain/s=0 rd_err/s=0 wr_err/s=0 sf_kbps=0 sf_eagain/s=0 sf_err/s=0-/home/dachuo/my_socket/src/Metrics.cpp:99
20260210 22:11:54.585668   9425 INFO    metrics active=0 accept/s=0 close/s=0 req/s=0 parse_err/s=0 in_kbps=0 out_kbps=0 rd_eagain/s=0 wr_eagain/s=0 rd_err/s=0 wr_err/s=0 sf_kbps=0 sf_eagain/s=0 sf_err/s=0-/home/dachuo/my_socket/src/Metrics.cpp:99
20260210 22:11:55.586629   9425 INFO    metrics active=0 accept/s=0 close/s=0 req/s=0 parse_err/s=0 in_kbps=0 out_kbps=0 rd_eagain/s=0 wr_eagain/s=0 rd_err/s=0 wr_err/s=0 sf_kbps=0 sf_eagain/s=0 sf_err/s=0-/home/dachuo/my_socket/src/Metrics.cpp:99
20260210 22:11:56.597580   9425 INFO    metrics active=0 accept/s=0 close/s=0 req/s=0 parse_err/s=0 in_kbps=0 out_kbps=0 rd_eagain/s=0 wr_eagain/s=0 rd_err/s=0 wr_err/s=0 sf_kbps=0 sf_eagain/s=0 sf_err/s=0-/home/dachuo/my_socket/src/Metrics.cpp:99
20260210 22:11:57.598913   9425 INFO    metrics active=0 accept/s=0 close/s=0 req/s=0 parse_err/s=0 in_kbps=0 out_kbps=0 rd_eagain/s=0 wr_eagain/s=0 rd_err/s=0 wr_err/s=0 sf_kbps=0 sf_eagain/s=0 sf_err/s=0-/home/dachuo/my_socket/src/Metrics.cpp:99
20260210 22:11:58.599639   9425 INFO    metrics active=0 accept/s=0 close/s=0 req/s=0 parse_err/s=0 in_kbps=0 out_kbps=0 rd_eagain/s=0 wr_eagain/s=0 rd_err/s=0 wr_err/s=0 sf_kbps=0 sf_eagain/s=0 sf_err/s=0-/home/dachuo/my_socket/src/Metrics.cpp:99
20260210 22:11:59.600511   9425 INFO    metrics active=0 accept/s=0 close/s=0 req/s=0 parse_err/s=0 in_kbps=0 out_kbps=0 rd_eagain/s=0 wr_eagain/s=0 rd_err/s=0 wr_err/s=0 sf_kbps=0 sf_eagain/s=0 sf_err/s=0-/home/dachuo/my_socket/src/Metrics.cpp:99
20260210 22:12:00.601369   9425 INFO    metrics active=0 accept/s=0 close/s=0 req/s=0 parse_err/s=0 in_kbps=0 out_kbps=0 rd_eagain/s=0 wr_eagain/s=0 rd_err/s=0 wr_err/s=0 sf_kbps=0 sf_eagain/s=0 sf_err/s=0-/home/dachuo/my_socket/src/Metrics.cpp:99
20260210 22:12:01.601646   9425 INFO    metrics active=0 accept/s=0 close/s=0 req/s=0 parse_err/s=0 in_kbps=0 out_kbps=0 rd_eagain/s=0 wr_eagain/s=0 rd_err/s=0 wr_err/s=0 sf_kbps=0 sf_eagain/s=0 sf_err/s=0-/home/dachuo/my_socket/src/Metrics.cpp:99
20260210 22:12:02.603040   9425 INFO    metrics active=0 accept/s=0 close/s=0 req/s=0 parse_err/s=0 in_kbps=0 out_kbps=0 rd_eagain/s=0 wr_eagain/s=0 rd_err/s=0 wr_err/s=0 sf_kbps=0 sf_eagain/s=0 sf_err/s=0-/home/dachuo/my_socket/src/Metrics.cpp:99
20260210 22:12:03.603789   9425 INFO    metrics active=0 accept/s=0 close/s=0 req/s=0 parse_err/s=0 in_kbps=0 out_kbps=0 rd_eagain/s=0 wr_eagain/s=0 rd_err/s=0 wr_err/s=0 sf_kbps=0 sf_eagain/s=0 sf_err/s=0-/home/dachuo/my_socket/src/Metrics.cpp:99
20260210 22:12:04.604882   9425 INFO    metrics active=0 accept/s=0 close/s=0 req/s=0 parse_err/s=0 in_kbps=0 out_kbps=0 rd_eagain/s=0 wr_eagain/s=0 rd_err/s=0 wr_err/s=0 sf_kbps=0 sf_eagain/s=0 sf_err/s=0-/home/dachuo/my_socket/src/Metrics.cpp:99
20260210 22:12:05.605771   9425 INFO    metrics active=0 accept/s=0 close/s=0 req/s=0 parse_err/s=0 in_kbps=0 out_kbps=0 rd_eagain/s=0 wr_eagain/s=0 rd_err/s=0 wr_err/s=0 sf_kbps=0 sf_eagain/s=0 sf_err/s=0-/home/dachuo/my_socket/src/Metrics.cpp:99
20260210 22:12:06.606304   9425 INFO    metrics active=0 accept/s=0 close/s=0 req/s=0 parse_err/s=0 in_kbps=0 out_kbps=0 rd_eagain/s=0 wr_eagain/s=0 rd_err/s=0 wr_err/s=0 sf_kbps=0 sf_eagain/s=0 sf_err/s=0-/home/dachuo/my_socket/src/Metrics.cpp:99
20260210 22:12:07.607292   9425 INFO    metrics active=0 accept/s=0 close/s=0 req/s=0 parse_err/s=0 in_kbps=0 out_kbps=0 rd_eagain/s=0 wr_eagain/s=0 rd_err/s=0 wr_err/s=0 sf_kbps=0 sf_eagain/s=0 sf_err/s=0-/home/dachuo/my_socket/src/Metrics.cpp:99
20260210 22:12:08.608297   9425 INFO    metrics active=0 accept/s=0 close/s=0 req/s=0 parse_err/s=0 in_kbps=0 out_kbps=0 rd_eagain/s=0 wr_eagain/s=0 rd_err/s=0 wr_err/s=0 sf_kbps=0 sf_eagain/s=0 sf_err/s=0-/home/dachuo/my_socket/src/Metrics.cpp:99
20260210 22:12:09.608881   9425 INFO    metrics active=0 accept/s=0 close/s=0 req/s=0 parse_err/s=0 in_kbps=0 out_kbps=0 rd_eagain/s=0 wr_eagain/s=0 rd_err/s=0 wr_err/s=0 sf_kbps=0 sf_eagain/s=0 sf_err/s=0-/home/dachuo/my_socket/src/Metrics.cpp:99
20260210 22:12:10.609867   9425 INFO    metrics active=0 accept/s=0 close/s=0 req/s=0 parse_err/s=0 in_kbps=0 out_kbps=0 rd_eagain/s=0 wr_eagain/s=0 rd_err/s=0 wr_err/s=0 sf_kbps=0 sf_eagain/s=0 sf_err/s=0-/home/dachuo/my_socket/src/Metrics.cpp:99
20260210 22:12:11.610099   9425 INFO    metrics active=0 accept/s=0 close/s=0 req/s=0 parse_err/s=0 in_kbps=0 out_kbps=0 rd_eagain/s=0 wr_eagain/s=0 rd_err/s=0 wr_err/s=0 sf_kbps=0 sf_eagain/s=0 sf_err/s=0-/home/dachuo/my_socket/src/Metrics.cpp:99
20260210 22:12:12.610960   9425 INFO    metrics active=0 accept/s=0 close/s=0 req/s=0 parse_err/s=0 in_kbps=0 out_kbps=0 rd_eagain/s=0 wr_eagain/s=0 rd_err/s=0 wr_err/s=0 sf_kbps=0 sf_eagain/s=0 sf_err/s=0-/home/dachuo/my_socket/src/Metrics.cpp:99
20260210 22:12:13.612083   9425 INFO    metrics active=0 accept/s=0 close/s=0 req/s=0 parse_err/s=0 in_kbps=0 out_kbps=0 rd_eagain/s=0 wr_eagain/s=0 rd_err/s=0 wr_err/s=0 sf_kbps=0 sf_eagain/s=0 sf_err/s=0-/home/dachuo/my_socket/src/Metrics.cpp:99
20260210 22:12:14.613263   9425 INFO    metrics active=0 accept/s=0 close/s=0 req/s=0 parse_err/s=0 in_kbps=0 out_kbps=0 rd_eagain/s=0 wr_eagain/s=0 rd_err/s=0 wr_err/s=0 sf_kbps=0 sf_eagain/s=0 sf_err/s=0-/home/dachuo/my_socket/src/Metrics.cpp:99
20260210 22:12:15.614084   9425 INFO    metrics active=0 accept/s=0 close/s=0 req/s=0 parse_err/s=0 in_kbps=0 out_kbps=0 rd_eagain/s=0 wr_eagain/s=0 rd_err/s=0 wr_err/s=0 sf_kbps=0 sf_eagain/s=0 sf_err/s=0-/home/dachuo/my_socket/src/Metrics.cpp:99
20260210 22:12:16.615014   9425 INFO    metrics active=0 accept/s=0 close/s=0 req/s=0 parse_err/s=0 in_kbps=0 out_kbps=0 rd_eagain/s=0 wr_eagain/s=0 rd_err/s=0 wr_err/s=0 sf_kbps=0 sf_eagain/s=0 sf_err/s=0-/home/dachuo/my_socket/src/Metrics.cpp:99
20260210 22:12:17.615987   9425 INFO    metrics active=0 accept/s=0 close/s=0 req/s=0 parse_err/s=0 in_kbps=0 out_kbps=0 rd_eagain/s=0 wr_eagain/s=0 rd_err/s=0 wr_err/s=0 sf_kbps=0 sf_eagain/s=0 sf_err/s=0-/home/dachuo/my_socket/src/Metrics.cpp:99
20260210 22:12:18.616255   9425 INFO    metrics active=0 accept/s=0 close/s=0 req/s=0 parse_err/s=0 in_kbps=0 out_kbps=0 rd_eagain/s=0 wr_eagain/s=0 rd_err/s=0 wr_err/s=0 sf_kbps=0 sf_eagain/s=0 sf_err/s=0-/home/dachuo/my_socket/src/Metrics.cpp:99
20260210 22:12:19.616921   9425 INFO    metrics active=0 accept/s=0 close/s=0 req/s=0 parse_err/s=0 in_kbps=0 out_kbps=0 rd_eagain/s=0 wr_eagain/s=0 rd_err/s=0 wr_err/s=0 sf_kbps=0 sf_eagain/s=0 sf_err/s=0-/home/dachuo/my_socket/src/Metrics.cpp:99
20260210 22:12:20.617227   9425 INFO    metrics active=0 accept/s=0 close/s=0 req/s=0 parse_err/s=0 in_kbps=0 out_kbps=0 rd_eagain/s=0 wr_eagain/s=0 rd_err/s=0 wr_err/s=0 sf_kbps=0 sf_eagain/s=0 sf_err/s=0-/home/dachuo/my_socket/src/Metrics.cpp:99
20260210 22:12:21.617956   9425 INFO    metrics active=0 accept/s=0 close/s=0 req/s=0 parse_err/s=0 in_kbps=0 out_kbps=0 rd_eagain/s=0 wr_eagain/s=0 rd_err/s=0 wr_err/s=0 sf_kbps=0 sf_eagain/s=0 sf_err/s=0-/home/dachuo/my_socket/src/Metrics.cpp:99
20260210 22:12:22.618368   9425 INFO    metrics active=0 accept/s=0 close/s=0 req/s=0 parse_err/s=0 in_kbps=0 out_kbps=0 rd_eagain/s=0 wr_eagain/s=0 rd_err/s=0 wr_err/s=0 sf_kbps=0 sf_eagain/s=0 sf_err/s=0-/home/dachuo/my_socket/src/Metrics.cpp:99
20260210 22:12:23.618737   9425 INFO    metrics active=0 accept/s=0 close/s=0 req/s=0 parse_err/s=0 in_kbps=0 out_kbps=0 rd_eagain/s=0 wr_eagain/s=0 rd_err/s=0 wr_err/s=0 sf_kbps=0 sf_eagain/s=0 sf_err/s=0-/home/dachuo/my_socket/src/Metrics.cpp:99
20260210 22:12:24.620091   9425 INFO    metrics active=0 accept/s=0 close/s=0 req/s=0 parse_err/s=0 in_kbps=0 out_kbps=0 rd_eagain/s=0 wr_eagain/s=0 rd_err/s=0 wr_err/s=0 sf_kbps=0 sf_eagain/s=0 sf_err/s=0-/home/dachuo/my_socket/src/Metrics.cpp:99
20260210 22:12:25.620465   9425 INFO    metrics active=0 accept/s=0 close/s=0 req/s=0 parse_err/s=0 in_kbps=0 out_kbps=0 rd_eagain/s=0 wr_eagain/s=0 rd_err/s=0 wr_err/s=0 sf_kbps=0 sf_eagain/s=0 sf_err/s=0-/home/dachuo/my_socket/src/Metrics.cpp:99
20260210 22:12:26.620899   9425 INFO    metrics active=0 accept/s=0 close/s=0 req/s=0 parse_err/s=0 in_kbps=0 out_kbps=0 rd_eagain/s=0 wr_eagain/s=0 rd_err/s=0 wr_err/s=0 sf_kbps=0 sf_eagain/s=0 sf_err/s=0-/home/dachuo/my_socket/src/Metrics.cpp:99
20260210 22:12:27.621551   9425 INFO    metrics active=0 accept/s=0 close/s=0 req/s=0 parse_err/s=0 in_kbps=0 out_kbps=0 rd_eagain/s=0 wr_eagain/s=0 rd_err/s=0 wr_err/s=0 sf_kbps=0 sf_eagain/s=0 sf_err/s=0-/home/dachuo/my_socket/src/Metrics.cpp:99
20260210 22:12:28.622276   9425 INFO    metrics active=0 accept/s=0 close/s=0 req/s=0 parse_err/s=0 in_kbps=0 out_kbps=0 rd_eagain/s=0 wr_eagain/s=0 rd_err/s=0 wr_err/s=0 sf_kbps=0 sf_eagain/s=0 sf_err/s=0-/home/dachuo/my_socket/src/Metrics.cpp:99
20260210 22:12:29.622717   9425 INFO    metrics active=0 accept/s=0 close/s=0 req/s=0 parse_err/s=0 in_kbps=0 out_kbps=0 rd_eagain/s=0 wr_eagain/s=0 rd_err/s=0 wr_err/s=0 sf_kbps=0 sf_eagain/s=0 sf_err/s=0-/home/dachuo/my_socket/src/Metrics.cpp:99
20260210 22:12:30.623134   9425 INFO    metrics active=0 accept/s=0 close/s=0 req/s=0 parse_err/s=0 in_kbps=0 out_kbps=0 rd_eagain/s=0 wr_eagain/s=0 rd_err/s=0 wr_err/s=0 sf_kbps=0 sf_eagain/s=0 sf_err/s=0-/home/dachuo/my_socket/src/Metrics.cpp:99
20260210 22:12:30.719391   9425 INFO    HttpServer::OnNewConnection : Add connection [ fd#33 ] from 127.0.0.1:62903-/home/dachuo/my_socket/src/HttpServer.cpp:204
20260210 22:12:30.735803   9428 INFO    /query.php, request successfully. Method:GET-/home/dachuo/my_socket/src/HttpServer.cpp:232
20260210 22:12:31.623552   9425 INFO    metrics active=0 accept/s=0.999573 close/s=0.999573 req/s=0.999573 parse_err/s=0 in_kbps=1.45538 out_kbps=0.943597 rd_eagain/s=0.999573 wr_eagain/s=0 rd_err/s=0 wr_err/s=0 sf_kbps=0 sf_eagain/s=0 sf_err/s=0-/home/dachuo/my_socket/src/Metrics.cpp:99
20260210 22:12:32.624357   9425 INFO    metrics active=0 accept/s=0 close/s=0 req/s=0 parse_err/s=0 in_kbps=0 out_kbps=0 rd_eagain/s=0 wr_eagain/s=0 rd_err/s=0 wr_err/s=0 sf_kbps=0 sf_eagain/s=0 sf_err/s=0-/home/dachuo/my_socket/src/Metrics.cpp:99
20260210 22:12:33.625300   9425 INFO    metrics active=0 accept/s=0 close/s=0 req/s=0 parse_err/s=0 in_kbps=0 out_kbps=0 rd_eagain/s=0 wr_eagain/s=0 rd_err/s=0 wr_err/s=0 sf_kbps=0 sf_eagain/s=0 sf_err/s=0-/home/dachuo/my_socket/src/Metrics.cpp:99
20260210 22:12:34.625941   9425 INFO    metrics active=0 accept/s=0 close/s=0 req/s=0 parse_err/s=0 in_kbps=0 out_kbps=0 rd_eagain/s=0 wr_eagain/s=0 rd_err/s=0 wr_err/s=0 sf_kbps=0 sf_eagain/s=0 sf_err/s=0-/home/dachuo/my_socket/src/Metrics.cpp:99
20260210 22:12:35.626488   9425 INFO    metrics active=0 accept/s=0 close/s=0 req/s=0 parse_err/s=0 in_kbps=0 out_kbps=0 rd_eagain/s=0 wr_eagain/s=0 rd_err/s=0 wr_err/s=0 sf_kbps=0 sf_eagain/s=0 sf_err/s=0-/home/dachuo/my_socket/src/Metrics.cpp:99
20260210 22:12:36.627367   9425 INFO    metrics active=0 accept/s=0 close/s=0 req/s=0 parse_err/s=0 in_kbps=0 out_kbps=0 rd_eagain/s=0 wr_eagain/s=0 rd_err/s=0 wr_err/s=0 sf_kbps=0 sf_eagain/s=0 sf_err/s=0-/home/dachuo/my_socket/src/Metrics.cpp:99
20260210 22:12:37.628087   9425 INFO    metrics active=0 accept/s=0 close/s=0 req/s=0 parse_err/s=0 in_kbps=0 out_kbps=0 rd_eagain/s=0 wr_eagain/s=0 rd_err/s=0 wr_err/s=0 sf_kbps=0 sf_eagain/s=0 sf_err/s=0-/home/dachuo/my_socket/src/Metrics.cpp:99
20260210 22:12:38.629079   9425 INFO    metrics active=0 accept/s=0 close/s=0 req/s=0 parse_err/s=0 in_kbps=0 out_kbps=0 rd_eagain/s=0 wr_eagain/s=0 rd_err/s=0 wr_err/s=0 sf_kbps=0 sf_eagain/s=0 sf_err/s=0-/home/dachuo/my_socket/src/Metrics.cpp:99
20260210 22:12:39.629817   9425 INFO    metrics active=0 accept/s=0 close/s=0 req/s=0 parse_err/s=0 in_kbps=0 out_kbps=0 rd_eagain/s=0 wr_eagain/s=0 rd_err/s=0 wr_err/s=0 sf_kbps=0 sf_eagain/s=0 sf_err/s=0-/home/dachuo/my_socket/src/Metrics.cpp:99
20260210 22:12:40.630431   9425 INFO    metrics active=0 accept/s=0 close/s=0 req/s=0 parse_err/s=0 in_kbps=0 out_kbps=0 rd_eagain/s=0 wr_eagain/s=0 rd_err/s=0 wr_err/s=0 sf_kbps=0 sf_eagain/s=0 sf_err/s=0-/home/dachuo/my_socket/src/Metrics.cpp:99
20260210 22:12:41.631025   9425 INFO    metrics active=0 accept/s=0 close/s=0 req/s=0 parse_err/s=0 in_kbps=0 out_kbps=0 rd_eagain/s=0 wr_eagain/s=0 rd_err/s=0 wr_err/s=0 sf_kbps=0 sf_eagain/s=0 sf_err/s=0-/home/dachuo/my_socket/src/Metrics.cpp:99
20260210 22:12:42.631506   9425 INFO    metrics active=0 accept/s=0 close/s=0 req/s=0 parse_err/s=0 in_kbps=0 out_kbps=0 rd_eagain/s=0 wr_eagain/s=0 rd_err/s=0 wr_err/s=0 sf_kbps=0 sf_eagain/s=0 sf_err/s=0-/home/dachuo/my_socket/src/Metrics.cpp:99
20260210 22:12:43.632317   9425 INFO    metrics active=0 accept/s=0 close/s=0 req/s=0 parse_err/s=0 in_kbps=0 out_kbps=0 rd_eagain/s=0 wr_eagain/s=0 rd_err/s=0 wr_err/s=0 sf_kbps=0 sf_eagain/s=0 sf_err/s=0-/home/dachuo/my_socket/src/Metrics.cpp:99
20260210 22:12:44.633670   9425 INFO    metrics active=0 accept/s=0 close/s=0 req/s=0 parse_err/s=0 in_kbps=0 out_kbps=0 rd_eagain/s=0 wr_eagain/s=0 rd_err/s=0 wr_err/s=0 sf_kbps=0 sf_eagain/s=0 sf_err/s=0-/home/dachuo/my_socket/src/Metrics.cpp:99
20260210 22:12:45.634513   9425 INFO    metrics active=0 accept/s=0 close/s=0 req/s=0 parse_err/s=0 in_kbps=0 out_kbps=0 rd_eagain/s=0 wr_eagain/s=0 rd_err/s=0 wr_err/s=0 sf_kbps=0 sf_eagain/s=0 sf_err/s=0-/home/dachuo/my_socket/src/Metrics.cpp:99
20260210 22:12:46.635467   9425 INFO    metrics active=0 accept/s=0 close/s=0 req/s=0 parse_err/s=0 in_kbps=0 out_kbps=0 rd_eagain/s=0 wr_eagain/s=0 rd_err/s=0 wr_err/s=0 sf_kbps=0 sf_eagain/s=0 sf_err/s=0-/home/dachuo/my_socket/src/Metrics.cpp:99
20260210 22:12:47.636502   9425 INFO    metrics active=0 accept/s=0 close/s=0 req/s=0 parse_err/s=0 in_kbps=0 out_kbps=0 rd_eagain/s=0 wr_eagain/s=0 rd_err/s=0 wr_err/s=0 sf_kbps=0 sf_eagain/s=0 sf_err/s=0-/home/dachuo/my_socket/src/Metrics.cpp:99
20260210 22:12:48.637635   9425 INFO    metrics active=0 accept/s=0 close/s=0 req/s=0 parse_err/s=0 in_kbps=0 out_kbps=0 rd_eagain/s=0 wr_eagain/s=0 rd_err/s=0 wr_err/s=0 sf_kbps=0 sf_eagain/s=0 sf_err/s=0-/home/dachuo/my_socket/src/Metrics.cpp:99
20260210 22:12:49.638633   9425 INFO    metrics active=0 accept/s=0 close/s=0 req/s=0 parse_err/s=0 in_kbps=0 out_kbps=0 rd_eagain/s=0 wr_eagain/s=0 rd_err/s=0 wr_err/s=0 sf_kbps=0 sf_eagain/s=0 sf_err/s=0-/home/dachuo/my_socket/src/Metrics.cpp:99
20260210 22:12:50.638944   9425 INFO    metrics active=0 accept/s=0 close/s=0 req/s=0 parse_err/s=0 in_kbps=0 out_kbps=0 rd_eagain/s=0 wr_eagain/s=0 rd_err/s=0 wr_err/s=0 sf_kbps=0 sf_eagain/s=0 sf_err/s=0-/home/dachuo/my_socket/src/Metrics.cpp:99
20260210 22:12:51.639584   9425 INFO    metrics active=0 accept/s=0 close/s=0 req/s=0 parse_err/s=0 in_kbps=0 out_kbps=0 rd_eagain/s=0 wr_eagain/s=0 rd_err/s=0 wr_err/s=0 sf_kbps=0 sf_eagain/s=0 sf_err/s=0-/home/dachuo/my_socket/src/Metrics.cpp:99
20260210 22:12:52.640251   9425 INFO    metrics active=0 accept/s=0 close/s=0 req/s=0 parse_err/s=0 in_kbps=0 out_kbps=0 rd_eagain/s=0 wr_eagain/s=0 rd_err/s=0 wr_err/s=0 sf_kbps=0 sf_eagain/s=0 sf_err/s=0-/home/dachuo/my_socket/src/Metrics.cpp:99
20260210 22:12:53.640515   9425 INFO    metrics active=0 accept/s=0 close/s=0 req/s=0 parse_err/s=0 in_kbps=0 out_kbps=0 rd_eagain/s=0 wr_eagain/s=0 rd_err/s=0 wr_err/s=0 sf_kbps=0 sf_eagain/s=0 sf_err/s=0-/home/dachuo/my_socket/src/Metrics.cpp:99
20260210 22:12:54.640887   9425 INFO    metrics active=0 accept/s=0 close/s=0 req/s=0 parse_err/s=0 in_kbps=0 out_kbps=0 rd_eagain/s=0 wr_eagain/s=0 rd_err/s=0 wr_err/s=0 sf_kbps=0 sf_eagain/s=0 sf_err/s=0-/home/dachuo/my_socket/src/Metrics.cpp:99
20260210 22:12:55.641149   9425 INFO    metrics active=0 accept/s=0 close/s=0 req/s=0 parse_err/s=0 in_kbps=0 out_kbps=0 rd_eagain/s=0 wr_eagain/s=0 rd_err/s=0 wr_err/s=0 sf_kbps=0 sf_eagain/s=0 sf_err/s=0-/home/dachuo/my_socket/src/Metrics.cpp:99
20260210 22:12:56.642252   9425 INFO    metrics active=0 accept/s=0 close/s=0 req/s=0 parse_err/s=0 in_kbps=0 out_kbps=0 rd_eagain/s=0 wr_eagain/s=0 rd_err/s=0 wr_err/s=0 sf_kbps=0 sf_eagain/s=0 sf_err/s=0-/home/dachuo/my_socket/src/Metrics.cpp:99
20260210 22:12:57.643046   9425 INFO    metrics active=0 accept/s=0 close/s=0 req/s=0 parse_err/s=0 in_kbps=0 out_kbps=0 rd_eagain/s=0 wr_eagain/s=0 rd_err/s=0 wr_err/s=0 sf_kbps=0 sf_eagain/s=0 sf_err/s=0-/home/dachuo/my_socket/src/Metrics.cpp:99
20260210 22:12:58.643634   9425 INFO    metrics active=0 accept/s=0 close/s=0 req/s=0 parse_err/s=0 in_kbps=0 out_kbps=0 rd_eagain/s=0 wr_eagain/s=0 rd_err/s=0 wr_err/s=0 sf_kbps=0 sf_eagain/s=0 sf_err/s=0-/home/dachuo/my_socket/src/Metrics.cpp:99
20260210 22:12:59.644303   9425 INFO    metrics active=0 accept/s=0 close/s=0 req/s=0 parse_err/s=0 in_kbps=0 out_kbps=0 rd_eagain/s=0 wr_eagain/s=0 rd_err/s=0 wr_err/s=0 sf_kbps=0 sf_eagain/s=0 sf_err/s=0-/home/dachuo/my_socket/src/Metrics.cpp:99
20260210 22:13:00.644544   9425 INFO    metrics active=0 accept/s=0 close/s=0 req/s=0 parse_err/s=0 in_kbps=0 out_kbps=0 rd_eagain/s=0 wr_eagain/s=0 rd_err/s=0 wr_err/s=0 sf_kbps=0 sf_eagain/s=0 sf_err/s=0-/home/dachuo/my_socket/src/Metrics.cpp:99
20260210 22:13:01.645552   9425 INFO    metrics active=0 accept/s=0 close/s=0 req/s=0 parse_err/s=0 in_kbps=0 out_kbps=0 rd_eagain/s=0 wr_eagain/s=0 rd_err/s=0 wr_err/s=0 sf_kbps=0 sf_eagain/s=0 sf_err/s=0-/home/dachuo/my_socket/src/Metrics.cpp:99
20260210 22:13:02.646539   9425 INFO    metrics active=0 accept/s=0 close/s=0 req/s=0 parse_err/s=0 in_kbps=0 out_kbps=0 rd_eagain/s=0 wr_eagain/s=0 rd_err/s=0 wr_err/s=0 sf_kbps=0 sf_eagain/s=0 sf_err/s=0-/home/dachuo/my_socket/src/Metrics.cpp:99
20260210 22:13:03.647258   9425 INFO    metrics active=0 accept/s=0 close/s=0 req/s=0 parse_err/s=0 in_kbps=0 out_kbps=0 rd_eagain/s=0 wr_eagain/s=0 rd_err/s=0 wr_err/s=0 sf_kbps=0 sf_eagain/s=0 sf_err/s=0-/home/dachuo/my_socket/src/Metrics.cpp:99
20260210 22:13:04.647765   9425 INFO    metrics active=0 accept/s=0 close/s=0 req/s=0 parse_err/s=0 in_kbps=0 out_kbps=0 rd_eagain/s=0 wr_eagain/s=0 rd_err/s=0 wr_err/s=0 sf_kbps=0 sf_eagain/s=0 sf_err/s=0-/home/dachuo/my_socket/src/Metrics.cpp:99
20260210 22:13:05.648137   9425 INFO    metrics active=0 accept/s=0 close/s=0 req/s=0 parse_err/s=0 in_kbps=0 out_kbps=0 rd_eagain/s=0 wr_eagain/s=0 rd_err/s=0 wr_err/s=0 sf_kbps=0 sf_eagain/s=0 sf_err/s=0-/home/dachuo/my_socket/src/Metrics.cpp:99
20260210 22:13:06.649214   9425 INFO    metrics active=0 accept/s=0 close/s=0 req/s=0 parse_err/s=0 in_kbps=0 out_kbps=0 rd_eagain/s=0 wr_eagain/s=0 rd_err/s=0 wr_err/s=0 sf_kbps=0 sf_eagain/s=0 sf_err/s=0-/home/dachuo/my_socket/src/Metrics.cpp:99
20260210 22:13:07.649575   9425 INFO    metrics active=0 accept/s=0 close/s=0 req/s=0 parse_err/s=0 in_kbps=0 out_kbps=0 rd_eagain/s=0 wr_eagain/s=0 rd_err/s=0 wr_err/s=0 sf_kbps=0 sf_eagain/s=0 sf_err/s=0-/home/dachuo/my_socket/src/Metrics.cpp:99
20260210 22:13:08.650466   9425 INFO    metrics active=0 accept/s=0 close/s=0 req/s=0 parse_err/s=0 in_kbps=0 out_kbps=0 rd_eagain/s=0 wr_eagain/s=0 rd_err/s=0 wr_err/s=0 sf_kbps=0 sf_eagain/s=0 sf_err/s=0-/home/dachuo/my_socket/src/Metrics.cpp:99
20260210 22:13:09.650908   9425 INFO    metrics active=0 accept/s=0 close/s=0 req/s=0 parse_err/s=0 in_kbps=0 out_kbps=0 rd_eagain/s=0 wr_eagain/s=0 rd_err/s=0 wr_err/s=0 sf_kbps=0 sf_eagain/s=0 sf_err/s=0-/home/dachuo/my_socket/src/Metrics.cpp:99
20260210 22:13:10.651798   9425 INFO    metrics active=0 accept/s=0 close/s=0 req/s=0 parse_err/s=0 in_kbps=0 out_kbps=0 rd_eagain/s=0 wr_eagain/s=0 rd_err/s=0 wr_err/s=0 sf_kbps=0 sf_eagain/s=0 sf_err/s=0-/home/dachuo/my_socket/src/Metrics.cpp:99
20260210 22:13:11.653165   9425 INFO    metrics active=0 accept/s=0 close/s=0 req/s=0 parse_err/s=0 in_kbps=0 out_kbps=0 rd_eagain/s=0 wr_eagain/s=0 rd_err/s=0 wr_err/s=0 sf_kbps=0 sf_eagain/s=0 sf_err/s=0-/home/dachuo/my_socket/src/Metrics.cpp:99
20260210 22:13:12.654022   9425 INFO    metrics active=0 accept/s=0 close/s=0 req/s=0 parse_err/s=0 in_kbps=0 out_kbps=0 rd_eagain/s=0 wr_eagain/s=0 rd_err/s=0 wr_err/s=0 sf_kbps=0 sf_eagain/s=0 sf_err/s=0-/home/dachuo/my_socket/src/Metrics.cpp:99
20260210 22:13:13.654994   9425 INFO    metrics active=0 accept/s=0 close/s=0 req/s=0 parse_err/s=0 in_kbps=0 out_kbps=0 rd_eagain/s=0 wr_eagain/s=0 rd_err/s=0 wr_err/s=0 sf_kbps=0 sf_eagain/s=0 sf_err/s=0-/home/dachuo/my_socket/src/Metrics.cpp:99
20260210 22:13:14.656222   9425 INFO    metrics active=0 accept/s=0 close/s=0 req/s=0 parse_err/s=0 in_kbps=0 out_kbps=0 rd_eagain/s=0 wr_eagain/s=0 rd_err/s=0 wr_err/s=0 sf_kbps=0 sf_eagain/s=0 sf_err/s=0-/home/dachuo/my_socket/src/Metrics.cpp:99
20260210 22:13:15.656487   9425 INFO    metrics active=0 accept/s=0 close/s=0 req/s=0 parse_err/s=0 in_kbps=0 out_kbps=0 rd_eagain/s=0 wr_eagain/s=0 rd_err/s=0 wr_err/s=0 sf_kbps=0 sf_eagain/s=0 sf_err/s=0-/home/dachuo/my_socket/src/Metrics.cpp:99
20260210 22:13:16.656893   9425 INFO    metrics active=0 accept/s=0 close/s=0 req/s=0 parse_err/s=0 in_kbps=0 out_kbps=0 rd_eagain/s=0 wr_eagain/s=0 rd_err/s=0 wr_err/s=0 sf_kbps=0 sf_eagain/s=0 sf_err/s=0-/home/dachuo/my_socket/src/Metrics.cpp:99
20260210 22:13:17.658272   9425 INFO    metrics active=0 accept/s=0 close/s=0 req/s=0 parse_err/s=0 in_kbps=0 out_kbps=0 rd_eagain/s=0 wr_eagain/s=0 rd_err/s=0 wr_err/s=0 sf_kbps=0 sf_eagain/s=0 sf_err/s=0-/home/dachuo/my_socket/src/Metrics.cpp:99
20260210 22:13:18.659237   9425 INFO    metrics active=0 accept/s=0 close/s=0 req/s=0 parse_err/s=0 in_kbps=0 out_kbps=0 rd_eagain/s=0 wr_eagain/s=0 rd_err/s=0 wr_err/s=0 sf_kbps=0 sf_eagain/s=0 sf_err/s=0-/home/dachuo/my_socket/src/Metrics.cpp:99
20260210 22:13:19.660134   9425 INFO    metrics active=0 accept/s=0 close/s=0 req/s=0 parse_err/s=0 in_kbps=0 out_kbps=0 rd_eagain/s=0 wr_eagain/s=0 rd_err/s=0 wr_err/s=0 sf_kbps=0 sf_eagain/s=0 sf_err/s=0-/home/dachuo/my_socket/src/Metrics.cpp:99
20260210 22:13:20.660942   9425 INFO    metrics active=0 accept/s=0 close/s=0 req/s=0 parse_err/s=0 in_kbps=0 out_kbps=0 rd_eagain/s=0 wr_eagain/s=0 rd_err/s=0 wr_err/s=0 sf_kbps=0 sf_eagain/s=0 sf_err/s=0-/home/dachuo/my_socket/src/Metrics.cpp:99
20260210 22:13:21.661967   9425 INFO    metrics active=0 accept/s=0 close/s=0 req/s=0 parse_err/s=0 in_kbps=0 out_kbps=0 rd_eagain/s=0 wr_eagain/s=0 rd_err/s=0 wr_err/s=0 sf_kbps=0 sf_eagain/s=0 sf_err/s=0-/home/dachuo/my_socket/src/Metrics.cpp:99
20260210 22:13:22.662241   9425 INFO    metrics active=0 accept/s=0 close/s=0 req/s=0 parse_err/s=0 in_kbps=0 out_kbps=0 rd_eagain/s=0 wr_eagain/s=0 rd_err/s=0 wr_err/s=0 sf_kbps=0 sf_eagain/s=0 sf_err/s=0-/home/dachuo/my_socket/src/Metrics.cpp:99
20260210 22:13:23.662938   9425 INFO    metrics active=0 accept/s=0 close/s=0 req/s=0 parse_err/s=0 in_kbps=0 out_kbps=0 rd_eagain/s=0 wr_eagain/s=0 rd_err/s=0 wr_err/s=0 sf_kbps=0 sf_eagain/s=0 sf_err/s=0-/home/dachuo/my_socket/src/Metrics.cpp:99
20260210 22:13:24.663641   9425 INFO    metrics active=0 accept/s=0 close/s=0 req/s=0 parse_err/s=0 in_kbps=0 out_kbps=0 rd_eagain/s=0 wr_eagain/s=0 rd_err/s=0 wr_err/s=0 sf_kbps=0 sf_eagain/s=0 sf_err/s=0-/home/dachuo/my_socket/src/Metrics.cpp:99
20260210 22:13:25.664938   9425 INFO    metrics active=0 accept/s=0 close/s=0 req/s=0 parse_err/s=0 in_kbps=0 out_kbps=0 rd_eagain/s=0 wr_eagain/s=0 rd_err/s=0 wr_err/s=0 sf_kbps=0 sf_eagain/s=0 sf_err/s=0-/home/dachuo/my_socket/src/Metrics.cpp:99
20260210 22:13:26.665662   9425 INFO    metrics active=0 accept/s=0 close/s=0 req/s=0 parse_err/s=0 in_kbps=0 out_kbps=0 rd_eagain/s=0 wr_eagain/s=0 rd_err/s=0 wr_err/s=0 sf_kbps=0 sf_eagain/s=0 sf_err/s=0-/home/dachuo/my_socket/src/Metrics.cpp:99
20260210 22:13:27.666312   9425 INFO    metrics active=0 accept/s=0 close/s=0 req/s=0 parse_err/s=0 in_kbps=0 out_kbps=0 rd_eagain/s=0 wr_eagain/s=0 rd_err/s=0 wr_err/s=0 sf_kbps=0 sf_eagain/s=0 sf_err/s=0-/home/dachuo/my_socket/src/Metrics.cpp:99
20260210 22:13:28.666672   9425 INFO    metrics active=0 accept/s=0 close/s=0 req/s=0 parse_err/s=0 in_kbps=0 out_kbps=0 rd_eagain/s=0 wr_eagain/s=0 rd_err/s=0 wr_err/s=0 sf_kbps=0 sf_eagain/s=0 sf_err/s=0-/home/dachuo/my_socket/src/Metrics.cpp:99
20260210 22:13:29.667219   9425 INFO    metrics active=0 accept/s=0 close/s=0 req/s=0 parse_err/s=0 in_kbps=0 out_kbps=0 rd_eagain/s=0 wr_eagain/s=0 rd_err/s=0 wr_err/s=0 sf_kbps=0 sf_eagain/s=0 sf_err/s=0-/home/dachuo/my_socket/src/Metrics.cpp:99
20260210 22:13:30.668240   9425 INFO    metrics active=0 accept/s=0 close/s=0 req/s=0 parse_err/s=0 in_kbps=0 out_kbps=0 rd_eagain/s=0 wr_eagain/s=0 rd_err/s=0 wr_err/s=0 sf_kbps=0 sf_eagain/s=0 sf_err/s=0-/home/dachuo/my_socket/src/Metrics.cpp:99
20260210 22:13:31.669010   9425 INFO    metrics active=0 accept/s=0 close/s=0 req/s=0 parse_err/s=0 in_kbps=0 out_kbps=0 rd_eagain/s=0 wr_eagain/s=0 rd_err/s=0 wr_err/s=0 sf_kbps=0 sf_eagain/s=0 sf_err/s=0-/home/dachuo/my_socket/src/Metrics.cpp:99
20260210 22:13:32.669201   9425 INFO    metrics active=0 accept/s=0 close/s=0 req/s=0 parse_err/s=0 in_kbps=0 out_kbps=0 rd_eagain/s=0 wr_eagain/s=0 rd_err/s=0 wr_err/s=0 sf_kbps=0 sf_eagain/s=0 sf_err/s=0-/home/dachuo/my_socket/src/Metrics.cpp:99
20260210 22:13:33.669673   9425 INFO    metrics active=0 accept/s=0 close/s=0 req/s=0 parse_err/s=0 in_kbps=0 out_kbps=0 rd_eagain/s=0 wr_eagain/s=0 rd_err/s=0 wr_err/s=0 sf_kbps=0 sf_eagain/s=0 sf_err/s=0-/home/dachuo/my_socket/src/Metrics.cpp:99
20260210 22:13:34.669947   9425 INFO    metrics active=0 accept/s=0 close/s=0 req/s=0 parse_err/s=0 in_kbps=0 out_kbps=0 rd_eagain/s=0 wr_eagain/s=0 rd_err/s=0 wr_err/s=0 sf_kbps=0 sf_eagain/s=0 sf_err/s=0-/home/dachuo/my_socket/src/Metrics.cpp:99
20260210 22:13:35.671068   9425 INFO    metrics active=0 accept/s=0 close/s=0 req/s=0 parse_err/s=0 in_kbps=0 out_kbps=0 rd_eagain/s=0 wr_eagain/s=0 rd_err/s=0 wr_err/s=0 sf_kbps=0 sf_eagain/s=0 sf_err/s=0-/home/dachuo/my_socket/src/Metrics.cpp:99
20260210 22:13:36.671464   9425 INFO    metrics active=0 accept/s=0 close/s=0 req/s=0 parse_err/s=0 in_kbps=0 out_kbps=0 rd_eagain/s=0 wr_eagain/s=0 rd_err/s=0 wr_err/s=0 sf_kbps=0 sf_eagain/s=0 sf_err/s=0-/home/dachuo/my_socket/src/Metrics.cpp:99
20260210 22:13:37.671879   9425 INFO    metrics active=0 accept/s=0 close/s=0 req/s=0 parse_err/s=0 in_kbps=0 out_kbps=0 rd_eagain/s=0 wr_eagain/s=0 rd_err/s=0 wr_err/s=0 sf_kbps=0 sf_eagain/s=0 sf_err/s=0-/home/dachuo/my_socket/src/Metrics.cpp:99
20260210 22:13:38.672630   9425 INFO    metrics active=0 accept/s=0 close/s=0 req/s=0 parse_err/s=0 in_kbps=0 out_kbps=0 rd_eagain/s=0 wr_eagain/s=0 rd_err/s=0 wr_err/s=0 sf_kbps=0 sf_eagain/s=0 sf_err/s=0-/home/dachuo/my_socket/src/Metrics.cpp:99
20260210 22:13:39.673789   9425 INFO    metrics active=0 accept/s=0 close/s=0 req/s=0 parse_err/s=0 in_kbps=0 out_kbps=0 rd_eagain/s=0 wr_eagain/s=0 rd_err/s=0 wr_err/s=0 sf_kbps=0 sf_eagain/s=0 sf_err/s=0-/home/dachuo/my_socket/src/Metrics.cpp:99
20260210 22:13:40.674740   9425 INFO    metrics active=0 accept/s=0 close/s=0 req/s=0 parse_err/s=0 in_kbps=0 out_kbps=0 rd_eagain/s=0 wr_eagain/s=0 rd_err/s=0 wr_err/s=0 sf_kbps=0 sf_eagain/s=0 sf_err/s=0-/home/dachuo/my_socket/src/Metrics.cpp:99
20260210 22:13:41.675558   9425 INFO    metrics active=0 accept/s=0 close/s=0 req/s=0 parse_err/s=0 in_kbps=0 out_kbps=0 rd_eagain/s=0 wr_eagain/s=0 rd_err/s=0 wr_err/s=0 sf_kbps=0 sf_eagain/s=0 sf_err/s=0-/home/dachuo/my_socket/src/Metrics.cpp:99
20260210 22:13:42.676272   9425 INFO    metrics active=0 accept/s=0 close/s=0 req/s=0 parse_err/s=0 in_kbps=0 out_kbps=0 rd_eagain/s=0 wr_eagain/s=0 rd_err/s=0 wr_err/s=0 sf_kbps=0 sf_eagain/s=0 sf_err/s=0-/home/dachuo/my_socket/src/Metrics.cpp:99
20260210 22:13:43.676641   9425 INFO    metrics active=0 accept/s=0 close/s=0 req/s=0 parse_err/s=0 in_kbps=0 out_kbps=0 rd_eagain/s=0 wr_eagain/s=0 rd_err/s=0 wr_err/s=0 sf_kbps=0 sf_eagain/s=0 sf_err/s=0-/home/dachuo/my_socket/src/Metrics.cpp:99
20260210 22:13:44.677531   9425 INFO    metrics active=0 accept/s=0 close/s=0 req/s=0 parse_err/s=0 in_kbps=0 out_kbps=0 rd_eagain/s=0 wr_eagain/s=0 rd_err/s=0 wr_err/s=0 sf_kbps=0 sf_eagain/s=0 sf_err/s=0-/home/dachuo/my_socket/src/Metrics.cpp:99
20260210 22:13:45.678587   9425 INFO    metrics active=0 accept/s=0 close/s=0 req/s=0 parse_err/s=0 in_kbps=0 out_kbps=0 rd_eagain/s=0 wr_eagain/s=0 rd_err/s=0 wr_err/s=0 sf_kbps=0 sf_eagain/s=0 sf_err/s=0-/home/dachuo/my_socket/src/Metrics.cpp:99
20260210 22:13:46.679307   9425 INFO    metrics active=0 accept/s=0 close/s=0 req/s=0 parse_err/s=0 in_kbps=0 out_kbps=0 rd_eagain/s=0 wr_eagain/s=0 rd_err/s=0 wr_err/s=0 sf_kbps=0 sf_eagain/s=0 sf_err/s=0-/home/dachuo/my_socket/src/Metrics.cpp:99
20260210 22:13:47.679632   9425 INFO    metrics active=0 accept/s=0 close/s=0 req/s=0 parse_err/s=0 in_kbps=0 out_kbps=0 rd_eagain/s=0 wr_eagain/s=0 rd_err/s=0 wr_err/s=0 sf_kbps=0 sf_eagain/s=0 sf_err/s=0-/home/dachuo/my_socket/src/Metrics.cpp:99
20260210 22:13:48.679917   9425 INFO    metrics active=0 accept/s=0 close/s=0 req/s=0 parse_err/s=0 in_kbps=0 out_kbps=0 rd_eagain/s=0 wr_eagain/s=0 rd_err/s=0 wr_err/s=0 sf_kbps=0 sf_eagain/s=0 sf_err/s=0-/home/dachuo/my_socket/src/Metrics.cpp:99
20260210 22:13:49.680337   9425 INFO    metrics active=0 accept/s=0 close/s=0 req/s=0 parse_err/s=0 in_kbps=0 out_kbps=0 rd_eagain/s=0 wr_eagain/s=0 rd_err/s=0 wr_err/s=0 sf_kbps=0 sf_eagain/s=0 sf_err/s=0-/home/dachuo/my_socket/src/Metrics.cpp:99
20260210 22:13:50.681033   9425 INFO    metrics active=0 accept/s=0 close/s=0 req/s=0 parse_err/s=0 in_kbps=0 out_kbps=0 rd_eagain/s=0 wr_eagain/s=0 rd_err/s=0 wr_err/s=0 sf_kbps=0 sf_eagain/s=0 sf_err/s=0-/home/dachuo/my_socket/src/Metrics.cpp:99
20260210 22:13:51.681433   9425 INFO    metrics active=0 accept/s=0 close/s=0 req/s=0 parse_err/s=0 in_kbps=0 out_kbps=0 rd_eagain/s=0 wr_eagain/s=0 rd_err/s=0 wr_err/s=0 sf_kbps=0 sf_eagain/s=0 sf_err/s=0-/home/dachuo/my_socket/src/Metrics.cpp:99
20260210 22:13:52.681757   9425 INFO    metrics active=0 accept/s=0 close/s=0 req/s=0 parse_err/s=0 in_kbps=0 out_kbps=0 rd_eagain/s=0 wr_eagain/s=0 rd_err/s=0 wr_err/s=0 sf_kbps=0 sf_eagain/s=0 sf_err/s=0-/home/dachuo/my_socket/src/Metrics.cpp:99
20260210 22:13:53.682347   9425 INFO    metrics active=0 accept/s=0 close/s=0 req/s=0 parse_err/s=0 in_kbps=0 out_kbps=0 rd_eagain/s=0 wr_eagain/s=0 rd_err/s=0 wr_err/s=0 sf_kbps=0 sf_eagain/s=0 sf_err/s=0-/home/dachuo/my_socket/src/Metrics.cpp:99
20260210 22:13:54.683515   9425 INFO    metrics active=0 accept/s=0 close/s=0 req/s=0 parse_err/s=0 in_kbps=0 out_kbps=0 rd_eagain/s=0 wr_eagain/s=0 rd_err/s=0 wr_err/s=0 sf_kbps=0 sf_eagain/s=0 sf_err/s=0-/home/dachuo/my_socket/src/Metrics.cpp:99
20260210 22:13:55.683762   9425 INFO    metrics active=0 accept/s=0 close/s=0 req/s=0 parse_err/s=0 in_kbps=0 out_kbps=0 rd_eagain/s=0 wr_eagain/s=0 rd_err/s=0 wr_err/s=0 sf_kbps=0 sf_eagain/s=0 sf_err/s=0-/home/dachuo/my_socket/src/Metrics.cpp:99
20260210 22:13:56.684701   9425 INFO    metrics active=0 accept/s=0 close/s=0 req/s=0 parse_err/s=0 in_kbps=0 out_kbps=0 rd_eagain/s=0 wr_eagain/s=0 rd_err/s=0 wr_err/s=0 sf_kbps=0 sf_eagain/s=0 sf_err/s=0-/home/dachuo/my_socket/src/Metrics.cpp:99
20260210 22:13:57.685183   9425 INFO    metrics active=0 accept/s=0 close/s=0 req/s=0 parse_err/s=0 in_kbps=0 out_kbps=0 rd_eagain/s=0 wr_eagain/s=0 rd_err/s=0 wr_err/s=0 sf_kbps=0 sf_eagain/s=0 sf_err/s=0-/home/dachuo/my_socket/src/Metrics.cpp:99
20260210 22:13:58.686368   9425 INFO    metrics active=0 accept/s=0 close/s=0 req/s=0 parse_err/s=0 in_kbps=0 out_kbps=0 rd_eagain/s=0 wr_eagain/s=0 rd_err/s=0 wr_err/s=0 sf_kbps=0 sf_eagain/s=0 sf_err/s=0-/home/dachuo/my_socket/src/Metrics.cpp:99
20260210 22:13:59.686709   9425 INFO    metrics active=0 accept/s=0 close/s=0 req/s=0 parse_err/s=0 in_kbps=0 out_kbps=0 rd_eagain/s=0 wr_eagain/s=0 rd_err/s=0 wr_err/s=0 sf_kbps=0 sf_eagain/s=0 sf_err/s=0-/home/dachuo/my_socket/src/Metrics.cpp:99
20260210 22:14:00.687149   9425 INFO    metrics active=0 accept/s=0 close/s=0 req/s=0 parse_err/s=0 in_kbps=0 out_kbps=0 rd_eagain/s=0 wr_eagain/s=0 rd_err/s=0 wr_err/s=0 sf_kbps=0 sf_eagain/s=0 sf_err/s=0-/home/dachuo/my_socket/src/Metrics.cpp:99
20260210 22:14:01.687665   9425 INFO    metrics active=0 accept/s=0 close/s=0 req/s=0 parse_err/s=0 in_kbps=0 out_kbps=0 rd_eagain/s=0 wr_eagain/s=0 rd_err/s=0 wr_err/s=0 sf_kbps=0 sf_eagain/s=0 sf_err/s=0-/home/dachuo/my_socket/src/Metrics.cpp:99
20260210 22:14:02.688876   9425 INFO    metrics active=0 accept/s=0 close/s=0 req/s=0 parse_err/s=0 in_kbps=0 out_kbps=0 rd_eagain/s=0 wr_eagain/s=0 rd_err/s=0 wr_err/s=0 sf_kbps=0 sf_eagain/s=0 sf_err/s=0-/home/dachuo/my_socket/src/Metrics.cpp:99
20260210 22:14:03.689475   9425 INFO    metrics active=0 accept/s=0 close/s=0 req/s=0 parse_err/s=0 in_kbps=0 out_kbps=0 rd_eagain/s=0 wr_eagain/s=0 rd_err/s=0 wr_err/s=0 sf_kbps=0 sf_eagain/s=0 sf_err/s=0-/home/dachuo/my_socket/src/Metrics.cpp:99
20260210 22:14:04.690686   9425 INFO    metrics active=0 accept/s=0 close/s=0 req/s=0 parse_err/s=0 in_kbps=0 out_kbps=0 rd_eagain/s=0 wr_eagain/s=0 rd_err/s=0 wr_err/s=0 sf_kbps=0 sf_eagain/s=0 sf_err/s=0-/home/dachuo/my_socket/src/Metrics.cpp:99
20260210 22:14:05.690892   9425 INFO    metrics active=0 accept/s=0 close/s=0 req/s=0 parse_err/s=0 in_kbps=0 out_kbps=0 rd_eagain/s=0 wr_eagain/s=0 rd_err/s=0 wr_err/s=0 sf_kbps=0 sf_eagain/s=0 sf_err/s=0-/home/dachuo/my_socket/src/Metrics.cpp:99
20260210 22:14:06.691509   9425 INFO    metrics active=0 accept/s=0 close/s=0 req/s=0 parse_err/s=0 in_kbps=0 out_kbps=0 rd_eagain/s=0 wr_eagain/s=0 rd_err/s=0 wr_err/s=0 sf_kbps=0 sf_eagain/s=0 sf_err/s=0-/home/dachuo/my_socket/src/Metrics.cpp:99
20260210 22:14:07.692319   9425 INFO    metrics active=0 accept/s=0 close/s=0 req/s=0 parse_err/s=0 in_kbps=0 out_kbps=0 rd_eagain/s=0 wr_eagain/s=0 rd_err/s=0 wr_err/s=0 sf_kbps=0 sf_eagain/s=0 sf_err/s=0-/home/dachuo/my_socket/src/Metrics.cpp:99
20260210 22:14:08.692717   9425 INFO    metrics active=0 accept/s=0 close/s=0 req/s=0 parse_err/s=0 in_kbps=0 out_kbps=0 rd_eagain/s=0 wr_eagain/s=0 rd_err/s=0 wr_err/s=0 sf_kbps=0 sf_eagain/s=0 sf_err/s=0-/home/dachuo/my_socket/src/Metrics.cpp:99
20260210 22:14:09.693390   9425 INFO    metrics active=0 accept/s=0 close/s=0 req/s=0 parse_err/s=0 in_kbps=0 out_kbps=0 rd_eagain/s=0 wr_eagain/s=0 rd_err/s=0 wr_err/s=0 sf_kbps=0 sf_eagain/s=0 sf_err/s=0-/home/dachuo/my_socket/src/Metrics.cpp:99
20260210 22:14:10.694031   9425 INFO    metrics active=0 accept/s=0 close/s=0 req/s=0 parse_err/s=0 in_kbps=0 out_kbps=0 rd_eagain/s=0 wr_eagain/s=0 rd_err/s=0 wr_err/s=0 sf_kbps=0 sf_eagain/s=0 sf_err/s=0-/home/dachuo/my_socket/src/Metrics.cpp:99
20260210 22:14:11.695248   9425 INFO    metrics active=0 accept/s=0 close/s=0 req/s=0 parse_err/s=0 in_kbps=0 out_kbps=0 rd_eagain/s=0 wr_eagain/s=0 rd_err/s=0 wr_err/s=0 sf_kbps=0 sf_eagain/s=0 sf_err/s=0-/home/dachuo/my_socket/src/Metrics.cpp:99
20260210 22:14:12.695806   9425 INFO    metrics active=0 accept/s=0 close/s=0 req/s=0 parse_err/s=0 in_kbps=0 out_kbps=0 rd_eagain/s=0 wr_eagain/s=0 rd_err/s=0 wr_err/s=0 sf_kbps=0 sf_eagain/s=0 sf_err/s=0-/home/dachuo/my_socket/src/Metrics.cpp:99
20260210 22:14:13.696772   9425 INFO    metrics active=0 accept/s=0 close/s=0 req/s=0 parse_err/s=0 in_kbps=0 out_kbps=0 rd_eagain/s=0 wr_eagain/s=0 rd_err/s=0 wr_err/s=0 sf_kbps=0 sf_eagain/s=0 sf_err/s=0-/home/dachuo/my_socket/src/Metrics.cpp:99
20260210 22:14:14.697119   9425 INFO    metrics active=0 accept/s=0 close/s=0 req/s=0 parse_err/s=0 in_kbps=0 out_kbps=0 rd_eagain/s=0 wr_eagain/s=0 rd_err/s=0 wr_err/s=0 sf_kbps=0 sf_eagain/s=0 sf_err/s=0-/home/dachuo/my_socket/src/Metrics.cpp:99
20260210 22:14:15.698273   9425 INFO    metrics active=0 accept/s=0 close/s=0 req/s=0 parse_err/s=0 in_kbps=0 out_kbps=0 rd_eagain/s=0 wr_eagain/s=0 rd_err/s=0 wr_err/s=0 sf_kbps=0 sf_eagain/s=0 sf_err/s=0-/home/dachuo/my_socket/src/Metrics.cpp:99
20260210 22:14:16.699141   9425 INFO    metrics active=0 accept/s=0 close/s=0 req/s=0 parse_err/s=0 in_kbps=0 out_kbps=0 rd_eagain/s=0 wr_eagain/s=0 rd_err/s=0 wr_err/s=0 sf_kbps=0 sf_eagain/s=0 sf_err/s=0-/home/dachuo/my_socket/src/Metrics.cpp:99
20260210 22:14:17.700069   9425 INFO    metrics active=0 accept/s=0 close/s=0 req/s=0 parse_err/s=0 in_kbps=0 out_kbps=0 rd_eagain/s=0 wr_eagain/s=0 rd_err/s=0 wr_err/s=0 sf_kbps=0 sf_eagain/s=0 sf_err/s=0-/home/dachuo/my_socket/src/Metrics.cpp:99
20260210 22:14:18.700356   9425 INFO    metrics active=0 accept/s=0 close/s=0 req/s=0 parse_err/s=0 in_kbps=0 out_kbps=0 rd_eagain/s=0 wr_eagain/s=0 rd_err/s=0 wr_err/s=0 sf_kbps=0 sf_eagain/s=0 sf_err/s=0-/home/dachuo/my_socket/src/Metrics.cpp:99
20260210 22:14:19.700643   9425 INFO    metrics active=0 accept/s=0 close/s=0 req/s=0 parse_err/s=0 in_kbps=0 out_kbps=0 rd_eagain/s=0 wr_eagain/s=0 rd_err/s=0 wr_err/s=0 sf_kbps=0 sf_eagain/s=0 sf_err/s=0-/home/dachuo/my_socket/src/Metrics.cpp:99
20260210 22:14:20.700911   9425 INFO    metrics active=0 accept/s=0 close/s=0 req/s=0 parse_err/s=0 in_kbps=0 out_kbps=0 rd_eagain/s=0 wr_eagain/s=0 rd_err/s=0 wr_err/s=0 sf_kbps=0 sf_eagain/s=0 sf_err/s=0-/home/dachuo/my_socket/src/Metrics.cpp:99
20260210 22:14:21.701424   9425 INFO    metrics active=0 accept/s=0 close/s=0 req/s=0 parse_err/s=0 in_kbps=0 out_kbps=0 rd_eagain/s=0 wr_eagain/s=0 rd_err/s=0 wr_err/s=0 sf_kbps=0 sf_eagain/s=0 sf_err/s=0-/home/dachuo/my_socket/src/Metrics.cpp:99
20260210 22:14:22.702744   9425 INFO    metrics active=0 accept/s=0 close/s=0 req/s=0 parse_err/s=0 in_kbps=0 out_kbps=0 rd_eagain/s=0 wr_eagain/s=0 rd_err/s=0 wr_err/s=0 sf_kbps=0 sf_eagain/s=0 sf_err/s=0-/home/dachuo/my_socket/src/Metrics.cpp:99
20260210 22:14:23.703722   9425 INFO    metrics active=0 accept/s=0 close/s=0 req/s=0 parse_err/s=0 in_kbps=0 out_kbps=0 rd_eagain/s=0 wr_eagain/s=0 rd_err/s=0 wr_err/s=0 sf_kbps=0 sf_eagain/s=0 sf_err/s=0-/home/dachuo/my_socket/src/Metrics.cpp:99
20260210 22:14:24.704253   9425 INFO    metrics active=0 accept/s=0 close/s=0 req/s=0 parse_err/s=0 in_kbps=0 out_kbps=0 rd_eagain/s=0 wr_eagain/s=0 rd_err/s=0 wr_err/s=0 sf_kbps=0 sf_eagain/s=0 sf_err/s=0-/home/dachuo/my_socket/src/Metrics.cpp:99
20260210 22:14:25.705208   9425 INFO    metrics active=0 accept/s=0 close/s=0 req/s=0 parse_err/s=0 in_kbps=0 out_kbps=0 rd_eagain/s=0 wr_eagain/s=0 rd_err/s=0 wr_err/s=0 sf_kbps=0 sf_eagain/s=0 sf_err/s=0-/home/dachuo/my_socket/src/Metrics.cpp:99
20260210 22:14:26.705850   9425 INFO    metrics active=0 accept/s=0 close/s=0 req/s=0 parse_err/s=0 in_kbps=0 out_kbps=0 rd_eagain/s=0 wr_eagain/s=0 rd_err/s=0 wr_err/s=0 sf_kbps=0 sf_eagain/s=0 sf_err/s=0-/home/dachuo/my_socket/src/Metrics.cpp:99
20260210 22:14:27.707000   9425 INFO    metrics active=0 accept/s=0 close/s=0 req/s=0 parse_err/s=0 in_kbps=0 out_kbps=0 rd_eagain/s=0 wr_eagain/s=0 rd_err/s=0 wr_err/s=0 sf_kbps=0 sf_eagain/s=0 sf_err/s=0-/home/dachuo/my_socket/src/Metrics.cpp:99
20260210 22:14:28.708039   9425 INFO    metrics active=0 accept/s=0 close/s=0 req/s=0 parse_err/s=0 in_kbps=0 out_kbps=0 rd_eagain/s=0 wr_eagain/s=0 rd_err/s=0 wr_err/s=0 sf_kbps=0 sf_eagain/s=0 sf_err/s=0-/home/dachuo/my_socket/src/Metrics.cpp:99
20260210 22:14:29.708521   9425 INFO    metrics active=0 accept/s=0 close/s=0 req/s=0 parse_err/s=0 in_kbps=0 out_kbps=0 rd_eagain/s=0 wr_eagain/s=0 rd_err/s=0 wr_err/s=0 sf_kbps=0 sf_eagain/s=0 sf_err/s=0-/home/dachuo/my_socket/src/Metrics.cpp:99
20260210 22:14:30.708775   9425 INFO    metrics active=0 accept/s=0 close/s=0 req/s=0 parse_err/s=0 in_kbps=0 out_kbps=0 rd_eagain/s=0 wr_eagain/s=0 rd_err/s=0 wr_err/s=0 sf_kbps=0 sf_eagain/s=0 sf_err/s=0-/home/dachuo/my_socket/src/Metrics.cpp:99
20260210 22:14:31.709975   9425 INFO    metrics active=0 accept/s=0 close/s=0 req/s=0 parse_err/s=0 in_kbps=0 out_kbps=0 rd_eagain/s=0 wr_eagain/s=0 rd_err/s=0 wr_err/s=0 sf_kbps=0 sf_eagain/s=0 sf_err/s=0-/home/dachuo/my_socket/src/Metrics.cpp:99
20260210 22:14:32.710530   9425 INFO    metrics active=0 accept/s=0 close/s=0 req/s=0 parse_err/s=0 in_kbps=0 out_kbps=0 rd_eagain/s=0 wr_eagain/s=0 rd_err/s=0 wr_err/s=0 sf_kbps=0 sf_eagain/s=0 sf_err/s=0-/home/dachuo/my_socket/src/Metrics.cpp:99
20260210 22:14:33.710941   9425 INFO    metrics active=0 accept/s=0 close/s=0 req/s=0 parse_err/s=0 in_kbps=0 out_kbps=0 rd_eagain/s=0 wr_eagain/s=0 rd_err/s=0 wr_err/s=0 sf_kbps=0 sf_eagain/s=0 sf_err/s=0-/home/dachuo/my_socket/src/Metrics.cpp:99
20260210 22:14:34.711477   9425 INFO    metrics active=0 accept/s=0 close/s=0 req/s=0 parse_err/s=0 in_kbps=0 out_kbps=0 rd_eagain/s=0 wr_eagain/s=0 rd_err/s=0 wr_err/s=0 sf_kbps=0 sf_eagain/s=0 sf_err/s=0-/home/dachuo/my_socket/src/Metrics.cpp:99
20260210 22:14:35.712018   9425 INFO    metrics active=0 accept/s=0 close/s=0 req/s=0 parse_err/s=0 in_kbps=0 out_kbps=0 rd_eagain/s=0 wr_eagain/s=0 rd_err/s=0 wr_err/s=0 sf_kbps=0 sf_eagain/s=0 sf_err/s=0-/home/dachuo/my_socket/src/Metrics.cpp:99
20260210 22:14:36.712846   9425 INFO    metrics active=0 accept/s=0 close/s=0 req/s=0 parse_err/s=0 in_kbps=0 out_kbps=0 rd_eagain/s=0 wr_eagain/s=0 rd_err/s=0 wr_err/s=0 sf_kbps=0 sf_eagain/s=0 sf_err/s=0-/home/dachuo/my_socket/src/Metrics.cpp:99
20260210 22:14:37.713673   9425 INFO    metrics active=0 accept/s=0 close/s=0 req/s=0 parse_err/s=0 in_kbps=0 out_kbps=0 rd_eagain/s=0 wr_eagain/s=0 rd_err/s=0 wr_err/s=0 sf_kbps=0 sf_eagain/s=0 sf_err/s=0-/home/dachuo/my_socket/src/Metrics.cpp:99
20260210 22:14:38.714435   9425 INFO    metrics active=0 accept/s=0 close/s=0 req/s=0 parse_err/s=0 in_kbps=0 out_kbps=0 rd_eagain/s=0 wr_eagain/s=0 rd_err/s=0 wr_err/s=0 sf_kbps=0 sf_eagain/s=0 sf_err/s=0-/home/dachuo/my_socket/src/Metrics.cpp:99
20260210 22:14:39.714790   9425 INFO    metrics active=0 accept/s=0 close/s=0 req/s=0 parse_err/s=0 in_kbps=0 out_kbps=0 rd_eagain/s=0 wr_eagain/s=0 rd_err/s=0 wr_err/s=0 sf_kbps=0 sf_eagain/s=0 sf_err/s=0-/home/dachuo/my_socket/src/Metrics.cpp:99
20260210 22:14:40.715515   9425 INFO    metrics active=0 accept/s=0 close/s=0 req/s=0 parse_err/s=0 in_kbps=0 out_kbps=0 rd_eagain/s=0 wr_eagain/s=0 rd_err/s=0 wr_err/s=0 sf_kbps=0 sf_eagain/s=0 sf_err/s=0-/home/dachuo/my_socket/src/Metrics.cpp:99
20260210 22:14:41.716299   9425 INFO    metrics active=0 accept/s=0 close/s=0 req/s=0 parse_err/s=0 in_kbps=0 out_kbps=0 rd_eagain/s=0 wr_eagain/s=0 rd_err/s=0 wr_err/s=0 sf_kbps=0 sf_eagain/s=0 sf_err/s=0-/home/dachuo/my_socket/src/Metrics.cpp:99
20260210 22:14:42.717298   9425 INFO    metrics active=0 accept/s=0 close/s=0 req/s=0 parse_err/s=0 in_kbps=0 out_kbps=0 rd_eagain/s=0 wr_eagain/s=0 rd_err/s=0 wr_err/s=0 sf_kbps=0 sf_eagain/s=0 sf_err/s=0-/home/dachuo/my_socket/src/Metrics.cpp:99
20260210 22:14:43.718279   9425 INFO    metrics active=0 accept/s=0 close/s=0 req/s=0 parse_err/s=0 in_kbps=0 out_kbps=0 rd_eagain/s=0 wr_eagain/s=0 rd_err/s=0 wr_err/s=0 sf_kbps=0 sf_eagain/s=0 sf_err/s=0-/home/dachuo/my_socket/src/Metrics.cpp:99
20260210 22:14:44.719261   9425 INFO    metrics active=0 accept/s=0 close/s=0 req/s=0 parse_err/s=0 in_kbps=0 out_kbps=0 rd_eagain/s=0 wr_eagain/s=0 rd_err/s=0 wr_err/s=0 sf_kbps=0 sf_eagain/s=0 sf_err/s=0-/home/dachuo/my_socket/src/Metrics.cpp:99
20260210 22:14:45.719589   9425 INFO    metrics active=0 accept/s=0 close/s=0 req/s=0 parse_err/s=0 in_kbps=0 out_kbps=0 rd_eagain/s=0 wr_eagain/s=0 rd_err/s=0 wr_err/s=0 sf_kbps=0 sf_eagain/s=0 sf_err/s=0-/home/dachuo/my_socket/src/Metrics.cpp:99
20260210 22:14:46.720734   9425 INFO    metrics active=0 accept/s=0 close/s=0 req/s=0 parse_err/s=0 in_kbps=0 out_kbps=0 rd_eagain/s=0 wr_eagain/s=0 rd_err/s=0 wr_err/s=0 sf_kbps=0 sf_eagain/s=0 sf_err/s=0-/home/dachuo/my_socket/src/Metrics.cpp:99
20260210 22:14:47.721335   9425 INFO    metrics active=0 accept/s=0 close/s=0 req/s=0 parse_err/s=0 in_kbps=0 out_kbps=0 rd_eagain/s=0 wr_eagain/s=0 rd_err/s=0 wr_err/s=0 sf_kbps=0 sf_eagain/s=0 sf_err/s=0-/home/dachuo/my_socket/src/Metrics.cpp:99
20260210 22:14:48.722013   9425 INFO    metrics active=0 accept/s=0 close/s=0 req/s=0 parse_err/s=0 in_kbps=0 out_kbps=0 rd_eagain/s=0 wr_eagain/s=0 rd_err/s=0 wr_err/s=0 sf_kbps=0 sf_eagain/s=0 sf_err/s=0-/home/dachuo/my_socket/src/Metrics.cpp:99
20260210 22:14:49.722452   9425 INFO    metrics active=0 accept/s=0 close/s=0 req/s=0 parse_err/s=0 in_kbps=0 out_kbps=0 rd_eagain/s=0 wr_eagain/s=0 rd_err/s=0 wr_err/s=0 sf_kbps=0 sf_eagain/s=0 sf_err/s=0-/home/dachuo/my_socket/src/Metrics.cpp:99
20260210 22:14:50.722866   9425 INFO    metrics active=0 accept/s=0 close/s=0 req/s=0 parse_err/s=0 in_kbps=0 out_kbps=0 rd_eagain/s=0 wr_eagain/s=0 rd_err/s=0 wr_err/s=0 sf_kbps=0 sf_eagain/s=0 sf_err/s=0-/home/dachuo/my_socket/src/Metrics.cpp:99
20260210 22:14:51.723274   9425 INFO    metrics active=0 accept/s=0 close/s=0 req/s=0 parse_err/s=0 in_kbps=0 out_kbps=0 rd_eagain/s=0 wr_eagain/s=0 rd_err/s=0 wr_err/s=0 sf_kbps=0 sf_eagain/s=0 sf_err/s=0-/home/dachuo/my_socket/src/Metrics.cpp:99
20260210 22:14:52.723525   9425 INFO    metrics active=0 accept/s=0 close/s=0 req/s=0 parse_err/s=0 in_kbps=0 out_kbps=0 rd_eagain/s=0 wr_eagain/s=0 rd_err/s=0 wr_err/s=0 sf_kbps=0 sf_eagain/s=0 sf_err/s=0-/home/dachuo/my_socket/src/Metrics.cpp:99
20260210 22:14:53.724301   9425 INFO    metrics active=0 accept/s=0 close/s=0 req/s=0 parse_err/s=0 in_kbps=0 out_kbps=0 rd_eagain/s=0 wr_eagain/s=0 rd_err/s=0 wr_err/s=0 sf_kbps=0 sf_eagain/s=0 sf_err/s=0-/home/dachuo/my_socket/src/Metrics.cpp:99
20260210 22:14:54.724970   9425 INFO    metrics active=0 accept/s=0 close/s=0 req/s=0 parse_err/s=0 in_kbps=0 out_kbps=0 rd_eagain/s=0 wr_eagain/s=0 rd_err/s=0 wr_err/s=0 sf_kbps=0 sf_eagain/s=0 sf_err/s=0-/home/dachuo/my_socket/src/Metrics.cpp:99
20260210 22:14:55.725426   9425 INFO    metrics active=0 accept/s=0 close/s=0 req/s=0 parse_err/s=0 in_kbps=0 out_kbps=0 rd_eagain/s=0 wr_eagain/s=0 rd_err/s=0 wr_err/s=0 sf_kbps=0 sf_eagain/s=0 sf_err/s=0-/home/dachuo/my_socket/src/Metrics.cpp:99
20260210 22:14:56.726496   9425 INFO    metrics active=0 accept/s=0 close/s=0 req/s=0 parse_err/s=0 in_kbps=0 out_kbps=0 rd_eagain/s=0 wr_eagain/s=0 rd_err/s=0 wr_err/s=0 sf_kbps=0 sf_eagain/s=0 sf_err/s=0-/home/dachuo/my_socket/src/Metrics.cpp:99
20260210 22:14:57.726945   9425 INFO    metrics active=0 accept/s=0 close/s=0 req/s=0 parse_err/s=0 in_kbps=0 out_kbps=0 rd_eagain/s=0 wr_eagain/s=0 rd_err/s=0 wr_err/s=0 sf_kbps=0 sf_eagain/s=0 sf_err/s=0-/home/dachuo/my_socket/src/Metrics.cpp:99
20260210 22:14:58.727530   9425 INFO    metrics active=0 accept/s=0 close/s=0 req/s=0 parse_err/s=0 in_kbps=0 out_kbps=0 rd_eagain/s=0 wr_eagain/s=0 rd_err/s=0 wr_err/s=0 sf_kbps=0 sf_eagain/s=0 sf_err/s=0-/home/dachuo/my_socket/src/Metrics.cpp:99
20260210 22:14:59.728691   9425 INFO    metrics active=0 accept/s=0 close/s=0 req/s=0 parse_err/s=0 in_kbps=0 out_kbps=0 rd_eagain/s=0 wr_eagain/s=0 rd_err/s=0 wr_err/s=0 sf_kbps=0 sf_eagain/s=0 sf_err/s=0-/home/dachuo/my_socket/src/Metrics.cpp:99
20260210 22:15:00.729621   9425 INFO    metrics active=0 accept/s=0 close/s=0 req/s=0 parse_err/s=0 in_kbps=0 out_kbps=0 rd_eagain/s=0 wr_eagain/s=0 rd_err/s=0 wr_err/s=0 sf_kbps=0 sf_eagain/s=0 sf_err/s=0-/home/dachuo/my_socket/src/Metrics.cpp:99
20260210 22:15:01.730846   9425 INFO    metrics active=0 accept/s=0 close/s=0 req/s=0 parse_err/s=0 in_kbps=0 out_kbps=0 rd_eagain/s=0 wr_eagain/s=0 rd_err/s=0 wr_err/s=0 sf_kbps=0 sf_eagain/s=0 sf_err/s=0-/home/dachuo/my_socket/src/Metrics.cpp:99
20260210 22:15:02.731587   9425 INFO    metrics active=0 accept/s=0 close/s=0 req/s=0 parse_err/s=0 in_kbps=0 out_kbps=0 rd_eagain/s=0 wr_eagain/s=0 rd_err/s=0 wr_err/s=0 sf_kbps=0 sf_eagain/s=0 sf_err/s=0-/home/dachuo/my_socket/src/Metrics.cpp:99
20260210 22:15:03.732321   9425 INFO    metrics active=0 accept/s=0 close/s=0 req/s=0 parse_err/s=0 in_kbps=0 out_kbps=0 rd_eagain/s=0 wr_eagain/s=0 rd_err/s=0 wr_err/s=0 sf_kbps=0 sf_eagain/s=0 sf_err/s=0-/home/dachuo/my_socket/src/Metrics.cpp:99
20260210 22:15:04.732971   9425 INFO    metrics active=0 accept/s=0 close/s=0 req/s=0 parse_err/s=0 in_kbps=0 out_kbps=0 rd_eagain/s=0 wr_eagain/s=0 rd_err/s=0 wr_err/s=0 sf_kbps=0 sf_eagain/s=0 sf_err/s=0-/home/dachuo/my_socket/src/Metrics.cpp:99
20260210 22:15:05.733324   9425 INFO    metrics active=0 accept/s=0 close/s=0 req/s=0 parse_err/s=0 in_kbps=0 out_kbps=0 rd_eagain/s=0 wr_eagain/s=0 rd_err/s=0 wr_err/s=0 sf_kbps=0 sf_eagain/s=0 sf_err/s=0-/home/dachuo/my_socket/src/Metrics.cpp:99
20260210 22:15:06.733987   9425 INFO    metrics active=0 accept/s=0 close/s=0 req/s=0 parse_err/s=0 in_kbps=0 out_kbps=0 rd_eagain/s=0 wr_eagain/s=0 rd_err/s=0 wr_err/s=0 sf_kbps=0 sf_eagain/s=0 sf_err/s=0-/home/dachuo/my_socket/src/Metrics.cpp:99
20260210 22:15:07.734693   9425 INFO    metrics active=0 accept/s=0 close/s=0 req/s=0 parse_err/s=0 in_kbps=0 out_kbps=0 rd_eagain/s=0 wr_eagain/s=0 rd_err/s=0 wr_err/s=0 sf_kbps=0 sf_eagain/s=0 sf_err/s=0-/home/dachuo/my_socket/src/Metrics.cpp:99
20260210 22:15:08.735074   9425 INFO    metrics active=0 accept/s=0 close/s=0 req/s=0 parse_err/s=0 in_kbps=0 out_kbps=0 rd_eagain/s=0 wr_eagain/s=0 rd_err/s=0 wr_err/s=0 sf_kbps=0 sf_eagain/s=0 sf_err/s=0-/home/dachuo/my_socket/src/Metrics.cpp:99
20260210 22:15:09.735429   9425 INFO    metrics active=0 accept/s=0 close/s=0 req/s=0 parse_err/s=0 in_kbps=0 out_kbps=0 rd_eagain/s=0 wr_eagain/s=0 rd_err/s=0 wr_err/s=0 sf_kbps=0 sf_eagain/s=0 sf_err/s=0-/home/dachuo/my_socket/src/Metrics.cpp:99
20260210 22:15:10.736269   9425 INFO    metrics active=0 accept/s=0 close/s=0 req/s=0 parse_err/s=0 in_kbps=0 out_kbps=0 rd_eagain/s=0 wr_eagain/s=0 rd_err/s=0 wr_err/s=0 sf_kbps=0 sf_eagain/s=0 sf_err/s=0-/home/dachuo/my_socket/src/Metrics.cpp:99
20260210 22:15:11.737087   9425 INFO    metrics active=0 accept/s=0 close/s=0 req/s=0 parse_err/s=0 in_kbps=0 out_kbps=0 rd_eagain/s=0 wr_eagain/s=0 rd_err/s=0 wr_err/s=0 sf_kbps=0 sf_eagain/s=0 sf_err/s=0-/home/dachuo/my_socket/src/Metrics.cpp:99
20260210 22:15:12.737520   9425 INFO    metrics active=0 accept/s=0 close/s=0 req/s=0 parse_err/s=0 in_kbps=0 out_kbps=0 rd_eagain/s=0 wr_eagain/s=0 rd_err/s=0 wr_err/s=0 sf_kbps=0 sf_eagain/s=0 sf_err/s=0-/home/dachuo/my_socket/src/Metrics.cpp:99
20260210 22:15:13.737848   9425 INFO    metrics active=0 accept/s=0 close/s=0 req/s=0 parse_err/s=0 in_kbps=0 out_kbps=0 rd_eagain/s=0 wr_eagain/s=0 rd_err/s=0 wr_err/s=0 sf_kbps=0 sf_eagain/s=0 sf_err/s=0-/home/dachuo/my_socket/src/Metrics.cpp:99
20260210 22:15:14.738235   9425 INFO    metrics active=0 accept/s=0 close/s=0 req/s=0 parse_err/s=0 in_kbps=0 out_kbps=0 rd_eagain/s=0 wr_eagain/s=0 rd_err/s=0 wr_err/s=0 sf_kbps=0 sf_eagain/s=0 sf_err/s=0-/home/dachuo/my_socket/src/Metrics.cpp:99
20260210 22:15:15.739316   9425 INFO    metrics active=0 accept/s=0 close/s=0 req/s=0 parse_err/s=0 in_kbps=0 out_kbps=0 rd_eagain/s=0 wr_eagain/s=0 rd_err/s=0 wr_err/s=0 sf_kbps=0 sf_eagain/s=0 sf_err/s=0-/home/dachuo/my_socket/src/Metrics.cpp:99
20260210 22:15:16.740144   9425 INFO    metrics active=0 accept/s=0 close/s=0 req/s=0 parse_err/s=0 in_kbps=0 out_kbps=0 rd_eagain/s=0 wr_eagain/s=0 rd_err/s=0 wr_err/s=0 sf_kbps=0 sf_eagain/s=0 sf_err/s=0-/home/dachuo/my_socket/src/Metrics.cpp:99
20260210 22:15:17.740435   9425 INFO    metrics active=0 accept/s=0 close/s=0 req/s=0 parse_err/s=0 in_kbps=0 out_kbps=0 rd_eagain/s=0 wr_eagain/s=0 rd_err/s=0 wr_err/s=0 sf_kbps=0 sf_eagain/s=0 sf_err/s=0-/home/dachuo/my_socket/src/Metrics.cpp:99
20260210 22:15:18.740912   9425 INFO    metrics active=0 accept/s=0 close/s=0 req/s=0 parse_err/s=0 in_kbps=0 out_kbps=0 rd_eagain/s=0 wr_eagain/s=0 rd_err/s=0 wr_err/s=0 sf_kbps=0 sf_eagain/s=0 sf_err/s=0-/home/dachuo/my_socket/src/Metrics.cpp:99
20260210 22:15:19.741649   9425 INFO    metrics active=0 accept/s=0 close/s=0 req/s=0 parse_err/s=0 in_kbps=0 out_kbps=0 rd_eagain/s=0 wr_eagain/s=0 rd_err/s=0 wr_err/s=0 sf_kbps=0 sf_eagain/s=0 sf_err/s=0-/home/dachuo/my_socket/src/Metrics.cpp:99
20260210 22:15:20.742042   9425 INFO    metrics active=0 accept/s=0 close/s=0 req/s=0 parse_err/s=0 in_kbps=0 out_kbps=0 rd_eagain/s=0 wr_eagain/s=0 rd_err/s=0 wr_err/s=0 sf_kbps=0 sf_eagain/s=0 sf_err/s=0-/home/dachuo/my_socket/src/Metrics.cpp:99
20260210 22:15:21.743137   9425 INFO    metrics active=0 accept/s=0 close/s=0 req/s=0 parse_err/s=0 in_kbps=0 out_kbps=0 rd_eagain/s=0 wr_eagain/s=0 rd_err/s=0 wr_err/s=0 sf_kbps=0 sf_eagain/s=0 sf_err/s=0-/home/dachuo/my_socket/src/Metrics.cpp:99
20260210 22:15:22.744068   9425 INFO    metrics active=0 accept/s=0 close/s=0 req/s=0 parse_err/s=0 in_kbps=0 out_kbps=0 rd_eagain/s=0 wr_eagain/s=0 rd_err/s=0 wr_err/s=0 sf_kbps=0 sf_eagain/s=0 sf_err/s=0-/home/dachuo/my_socket/src/Metrics.cpp:99
20260210 22:15:23.744511   9425 INFO    metrics active=0 accept/s=0 close/s=0 req/s=0 parse_err/s=0 in_kbps=0 out_kbps=0 rd_eagain/s=0 wr_eagain/s=0 rd_err/s=0 wr_err/s=0 sf_kbps=0 sf_eagain/s=0 sf_err/s=0-/home/dachuo/my_socket/src/Metrics.cpp:99
