20260309 21:53:47.778549   8946 INFO    HttpServer Listening on [ 0.0.0.0:80 ]-/home/dachuo/my_socket/src/HttpServer.cpp:268
20260309 21:53:48.781441   8946 INFO    metrics active=0 accept/s=0 close/s=0 req/s=0 parse_err/s=0 in_kbps=0 out_kbps=0 rd_eagain/s=0 wr_eagain/s=0 rd_err/s=0 wr_err/s=0 sf_kbps=0 sf_eagain/s=0 sf_err/s=0-/home/dachuo/my_socket/src/Metrics.cpp:99
20260309 21:53:49.781809   8946 INFO    metrics active=0 accept/s=0 close/s=0 req/s=0 parse_err/s=0 in_kbps=0 out_kbps=0 rd_eagain/s=0 wr_eagain/s=0 rd_err/s=0 wr_err/s=0 sf_kbps=0 sf_eagain/s=0 sf_err/s=0-/home/dachuo/my_socket/src/Metrics.cpp:99
20260309 21:53:50.782734   8946 INFO    metrics active=0 accept/s=0 close/s=0 req/s=0 parse_err/s=0 in_kbps=0 out_kbps=0 rd_eagain/s=0 wr_eagain/s=0 rd_err/s=0 wr_err/s=0 sf_kbps=0 sf_eagain/s=0 sf_err/s=0-/home/dachuo/my_socket/src/Metrics.cpp:99
20260309 21:53:51.783245   8946 INFO    metrics active=0 accept/s=0 close/s=0 req/s=0 parse_err/s=0 in_kbps=0 out_kbps=0 rd_eagain/s=0 wr_eagain/s=0 rd_err/s=0 wr_err/s=0 sf_kbps=0 sf_eagain/s=0 sf_err/s=0-/home/dachuo/my_socket/src/Metrics.cpp:99
20260309 21:53:52.783782   8946 INFO    metrics active=0 accept/s=0 close/s=0 req/s=0 parse_err/s=0 in_kbps=0 out_kbps=0 rd_eagain/s=0 wr_eagain/s=0 rd_err/s=0 wr_err/s=0 sf_kbps=0 sf_eagain/s=0 sf_err/s=0-/home/dachuo/my_socket/src/Metrics.cpp:99
20260309 21:53:53.784542   8946 INFO    metrics active=0 accept/s=0 close/s=0 req/s=0 parse_err/s=0 in_kbps=0 out_kbps=0 rd_eagain/s=0 wr_eagain/s=0 rd_err/s=0 wr_err/s=0 sf_kbps=0 sf_eagain/s=0 sf_err/s=0-/home/dachuo/my_socket/src/Metrics.cpp:99
20260309 21:53:54.784898   8946 INFO    metrics active=0 accept/s=0 close/s=0 req/s=0 parse_err/s=0 in_kbps=0 out_kbps=0 rd_eagain/s=0 wr_eagain/s=0 rd_err/s=0 wr_err/s=0 sf_kbps=0 sf_eagain/s=0 sf_err/s=0-/home/dachuo/my_socket/src/Metrics.cpp:99
20260309 21:53:55.785566   8946 INFO    metrics active=0 accept/s=0 close/s=0 req/s=0 parse_err/s=0 in_kbps=0 out_kbps=0 rd_eagain/s=0 wr_eagain/s=0 rd_err/s=0 wr_err/s=0 sf_kbps=0 sf_eagain/s=0 sf_err/s=0-/home/dachuo/my_socket/src/Metrics.cpp:99
20260309 21:53:56.786749   8946 INFO    metrics active=0 accept/s=0 close/s=0 req/s=0 parse_err/s=0 in_kbps=0 out_kbps=0 rd_eagain/s=0 wr_eagain/s=0 rd_err/s=0 wr_err/s=0 sf_kbps=0 sf_eagain/s=0 sf_err/s=0-/home/dachuo/my_socket/src/Metrics.cpp:99
20260309 21:53:57.787258   8946 INFO    metrics active=0 accept/s=0 close/s=0 req/s=0 parse_err/s=0 in_kbps=0 out_kbps=0 rd_eagain/s=0 wr_eagain/s=0 rd_err/s=0 wr_err/s=0 sf_kbps=0 sf_eagain/s=0 sf_err/s=0-/home/dachuo/my_socket/src/Metrics.cpp:99
20260309 21:53:58.787913   8946 INFO    metrics active=0 accept/s=0 close/s=0 req/s=0 parse_err/s=0 in_kbps=0 out_kbps=0 rd_eagain/s=0 wr_eagain/s=0 rd_err/s=0 wr_err/s=0 sf_kbps=0 sf_eagain/s=0 sf_err/s=0-/home/dachuo/my_socket/src/Metrics.cpp:99
20260309 21:53:59.788897   8946 INFO    metrics active=0 accept/s=0 close/s=0 req/s=0 parse_err/s=0 in_kbps=0 out_kbps=0 rd_eagain/s=0 wr_eagain/s=0 rd_err/s=0 wr_err/s=0 sf_kbps=0 sf_eagain/s=0 sf_err/s=0-/home/dachuo/my_socket/src/Metrics.cpp:99
20260309 21:54:00.166389   8948 INFO    /rpc, request successfully. Method:POST-/home/dachuo/my_socket/src/HttpServer.cpp:306
20260309 21:54:00.167889   8946 INFO    HttpServer::OnNewConnection : Add connection [ fd#34 ] from 127.0.0.1:63432-/home/dachuo/my_socket/src/HttpServer.cpp:281
20260309 21:54:00.790057   8946 INFO    metrics active=1 accept/s=0.998845 close/s=0 req/s=0.998845 parse_err/s=0 in_kbps=1.06277 out_kbps=1.51824 rd_eagain/s=0.998845 wr_eagain/s=0 rd_err/s=0 wr_err/s=0 sf_kbps=0 sf_eagain/s=0 sf_err/s=0-/home/dachuo/my_socket/src/Metrics.cpp:99
20260309 21:54:01.790890   8946 INFO    metrics active=1 accept/s=0 close/s=0 req/s=0 parse_err/s=0 in_kbps=0 out_kbps=0 rd_eagain/s=0 wr_eagain/s=0 rd_err/s=0 wr_err/s=0 sf_kbps=0 sf_eagain/s=0 sf_err/s=0-/home/dachuo/my_socket/src/Metrics.cpp:99
20260309 21:54:02.791336   8946 INFO    metrics active=1 accept/s=0 close/s=0 req/s=0 parse_err/s=0 in_kbps=0 out_kbps=0 rd_eagain/s=0 wr_eagain/s=0 rd_err/s=0 wr_err/s=0 sf_kbps=0 sf_eagain/s=0 sf_err/s=0-/home/dachuo/my_socket/src/Metrics.cpp:99
20260309 21:54:03.791798   8946 INFO    metrics active=1 accept/s=0 close/s=0 req/s=0 parse_err/s=0 in_kbps=0 out_kbps=0 rd_eagain/s=0 wr_eagain/s=0 rd_err/s=0 wr_err/s=0 sf_kbps=0 sf_eagain/s=0 sf_err/s=0-/home/dachuo/my_socket/src/Metrics.cpp:99
20260309 21:54:04.792321   8946 INFO    metrics active=1 accept/s=0 close/s=0 req/s=0 parse_err/s=0 in_kbps=0 out_kbps=0 rd_eagain/s=0 wr_eagain/s=0 rd_err/s=0 wr_err/s=0 sf_kbps=0 sf_eagain/s=0 sf_err/s=0-/home/dachuo/my_socket/src/Metrics.cpp:99
20260309 21:54:05.792702   8946 INFO    metrics active=1 accept/s=0 close/s=0 req/s=0 parse_err/s=0 in_kbps=0 out_kbps=0 rd_eagain/s=0 wr_eagain/s=0 rd_err/s=0 wr_err/s=0 sf_kbps=0 sf_eagain/s=0 sf_err/s=0-/home/dachuo/my_socket/src/Metrics.cpp:99
20260309 21:54:06.793577   8946 INFO    metrics active=1 accept/s=0 close/s=0 req/s=0 parse_err/s=0 in_kbps=0 out_kbps=0 rd_eagain/s=0 wr_eagain/s=0 rd_err/s=0 wr_err/s=0 sf_kbps=0 sf_eagain/s=0 sf_err/s=0-/home/dachuo/my_socket/src/Metrics.cpp:99
20260309 21:54:07.794548   8946 INFO    metrics active=1 accept/s=0 close/s=0 req/s=0 parse_err/s=0 in_kbps=0 out_kbps=0 rd_eagain/s=0 wr_eagain/s=0 rd_err/s=0 wr_err/s=0 sf_kbps=0 sf_eagain/s=0 sf_err/s=0-/home/dachuo/my_socket/src/Metrics.cpp:99
20260309 21:54:08.795208   8946 INFO    metrics active=1 accept/s=0 close/s=0 req/s=0 parse_err/s=0 in_kbps=0 out_kbps=0 rd_eagain/s=0 wr_eagain/s=0 rd_err/s=0 wr_err/s=0 sf_kbps=0 sf_eagain/s=0 sf_err/s=0-/home/dachuo/my_socket/src/Metrics.cpp:99
20260309 21:54:09.796218   8946 INFO    metrics active=1 accept/s=0 close/s=0 req/s=0 parse_err/s=0 in_kbps=0 out_kbps=0 rd_eagain/s=0 wr_eagain/s=0 rd_err/s=0 wr_err/s=0 sf_kbps=0 sf_eagain/s=0 sf_err/s=0-/home/dachuo/my_socket/src/Metrics.cpp:99
20260309 21:54:10.796875   8946 INFO    metrics active=0 accept/s=0 close/s=0.99932 req/s=0 parse_err/s=0 in_kbps=0 out_kbps=0 rd_eagain/s=0 wr_eagain/s=0 rd_err/s=0 wr_err/s=0 sf_kbps=0 sf_eagain/s=0 sf_err/s=0-/home/dachuo/my_socket/src/Metrics.cpp:99
20260309 21:54:11.797294   8946 INFO    metrics active=0 accept/s=0 close/s=0 req/s=0 parse_err/s=0 in_kbps=0 out_kbps=0 rd_eagain/s=0 wr_eagain/s=0 rd_err/s=0 wr_err/s=0 sf_kbps=0 sf_eagain/s=0 sf_err/s=0-/home/dachuo/my_socket/src/Metrics.cpp:99
20260309 21:54:12.798173   8946 INFO    metrics active=0 accept/s=0 close/s=0 req/s=0 parse_err/s=0 in_kbps=0 out_kbps=0 rd_eagain/s=0 wr_eagain/s=0 rd_err/s=0 wr_err/s=0 sf_kbps=0 sf_eagain/s=0 sf_err/s=0-/home/dachuo/my_socket/src/Metrics.cpp:99
20260309 21:54:13.799012   8946 INFO    metrics active=0 accept/s=0 close/s=0 req/s=0 parse_err/s=0 in_kbps=0 out_kbps=0 rd_eagain/s=0 wr_eagain/s=0 rd_err/s=0 wr_err/s=0 sf_kbps=0 sf_eagain/s=0 sf_err/s=0-/home/dachuo/my_socket/src/Metrics.cpp:99
20260309 21:54:14.800045   8946 INFO    metrics active=0 accept/s=0 close/s=0 req/s=0 parse_err/s=0 in_kbps=0 out_kbps=0 rd_eagain/s=0 wr_eagain/s=0 rd_err/s=0 wr_err/s=0 sf_kbps=0 sf_eagain/s=0 sf_err/s=0-/home/dachuo/my_socket/src/Metrics.cpp:99
20260309 21:54:15.800688   8946 INFO    metrics active=0 accept/s=0 close/s=0 req/s=0 parse_err/s=0 in_kbps=0 out_kbps=0 rd_eagain/s=0 wr_eagain/s=0 rd_err/s=0 wr_err/s=0 sf_kbps=0 sf_eagain/s=0 sf_err/s=0-/home/dachuo/my_socket/src/Metrics.cpp:99
20260309 21:54:16.801611   8946 INFO    metrics active=0 accept/s=0 close/s=0 req/s=0 parse_err/s=0 in_kbps=0 out_kbps=0 rd_eagain/s=0 wr_eagain/s=0 rd_err/s=0 wr_err/s=0 sf_kbps=0 sf_eagain/s=0 sf_err/s=0-/home/dachuo/my_socket/src/Metrics.cpp:99
20260309 21:54:17.802057   8946 INFO    metrics active=0 accept/s=0 close/s=0 req/s=0 parse_err/s=0 in_kbps=0 out_kbps=0 rd_eagain/s=0 wr_eagain/s=0 rd_err/s=0 wr_err/s=0 sf_kbps=0 sf_eagain/s=0 sf_err/s=0-/home/dachuo/my_socket/src/Metrics.cpp:99
20260309 21:54:18.803690   8946 INFO    metrics active=0 accept/s=0 close/s=0 req/s=0 parse_err/s=0 in_kbps=0 out_kbps=0 rd_eagain/s=0 wr_eagain/s=0 rd_err/s=0 wr_err/s=0 sf_kbps=0 sf_eagain/s=0 sf_err/s=0-/home/dachuo/my_socket/src/Metrics.cpp:99
20260309 21:54:19.804494   8946 INFO    metrics active=0 accept/s=0 close/s=0 req/s=0 parse_err/s=0 in_kbps=0 out_kbps=0 rd_eagain/s=0 wr_eagain/s=0 rd_err/s=0 wr_err/s=0 sf_kbps=0 sf_eagain/s=0 sf_err/s=0-/home/dachuo/my_socket/src/Metrics.cpp:99
20260309 21:54:20.805790   8946 INFO    metrics active=0 accept/s=0 close/s=0 req/s=0 parse_err/s=0 in_kbps=0 out_kbps=0 rd_eagain/s=0 wr_eagain/s=0 rd_err/s=0 wr_err/s=0 sf_kbps=0 sf_eagain/s=0 sf_err/s=0-/home/dachuo/my_socket/src/Metrics.cpp:99
20260309 21:54:21.806772   8946 INFO    metrics active=0 accept/s=0 close/s=0 req/s=0 parse_err/s=0 in_kbps=0 out_kbps=0 rd_eagain/s=0 wr_eagain/s=0 rd_err/s=0 wr_err/s=0 sf_kbps=0 sf_eagain/s=0 sf_err/s=0-/home/dachuo/my_socket/src/Metrics.cpp:99
20260309 21:54:22.807007   8946 INFO    metrics active=0 accept/s=0 close/s=0 req/s=0 parse_err/s=0 in_kbps=0 out_kbps=0 rd_eagain/s=0 wr_eagain/s=0 rd_err/s=0 wr_err/s=0 sf_kbps=0 sf_eagain/s=0 sf_err/s=0-/home/dachuo/my_socket/src/Metrics.cpp:99
20260309 21:54:23.807588   8946 INFO    metrics active=0 accept/s=0 close/s=0 req/s=0 parse_err/s=0 in_kbps=0 out_kbps=0 rd_eagain/s=0 wr_eagain/s=0 rd_err/s=0 wr_err/s=0 sf_kbps=0 sf_eagain/s=0 sf_err/s=0-/home/dachuo/my_socket/src/Metrics.cpp:99
20260309 21:54:24.808436   8946 INFO    metrics active=0 accept/s=0 close/s=0 req/s=0 parse_err/s=0 in_kbps=0 out_kbps=0 rd_eagain/s=0 wr_eagain/s=0 rd_err/s=0 wr_err/s=0 sf_kbps=0 sf_eagain/s=0 sf_err/s=0-/home/dachuo/my_socket/src/Metrics.cpp:99
20260309 21:54:25.811872   8946 INFO    metrics active=0 accept/s=0 close/s=0 req/s=0 parse_err/s=0 in_kbps=0 out_kbps=0 rd_eagain/s=0 wr_eagain/s=0 rd_err/s=0 wr_err/s=0 sf_kbps=0 sf_eagain/s=0 sf_err/s=0-/home/dachuo/my_socket/src/Metrics.cpp:99
20260309 21:54:26.812189   8946 INFO    metrics active=0 accept/s=0 close/s=0 req/s=0 parse_err/s=0 in_kbps=0 out_kbps=0 rd_eagain/s=0 wr_eagain/s=0 rd_err/s=0 wr_err/s=0 sf_kbps=0 sf_eagain/s=0 sf_err/s=0-/home/dachuo/my_socket/src/Metrics.cpp:99
20260309 21:54:27.812801   8946 INFO    metrics active=0 accept/s=0 close/s=0 req/s=0 parse_err/s=0 in_kbps=0 out_kbps=0 rd_eagain/s=0 wr_eagain/s=0 rd_err/s=0 wr_err/s=0 sf_kbps=0 sf_eagain/s=0 sf_err/s=0-/home/dachuo/my_socket/src/Metrics.cpp:99
20260309 21:54:28.813295   8946 INFO    metrics active=0 accept/s=0 close/s=0 req/s=0 parse_err/s=0 in_kbps=0 out_kbps=0 rd_eagain/s=0 wr_eagain/s=0 rd_err/s=0 wr_err/s=0 sf_kbps=0 sf_eagain/s=0 sf_err/s=0-/home/dachuo/my_socket/src/Metrics.cpp:99
20260309 21:54:29.813976   8946 INFO    metrics active=0 accept/s=0 close/s=0 req/s=0 parse_err/s=0 in_kbps=0 out_kbps=0 rd_eagain/s=0 wr_eagain/s=0 rd_err/s=0 wr_err/s=0 sf_kbps=0 sf_eagain/s=0 sf_err/s=0-/home/dachuo/my_socket/src/Metrics.cpp:99
20260309 21:54:30.814472   8946 INFO    metrics active=0 accept/s=0 close/s=0 req/s=0 parse_err/s=0 in_kbps=0 out_kbps=0 rd_eagain/s=0 wr_eagain/s=0 rd_err/s=0 wr_err/s=0 sf_kbps=0 sf_eagain/s=0 sf_err/s=0-/home/dachuo/my_socket/src/Metrics.cpp:99
20260309 21:54:31.815424   8946 INFO    metrics active=0 accept/s=0 close/s=0 req/s=0 parse_err/s=0 in_kbps=0 out_kbps=0 rd_eagain/s=0 wr_eagain/s=0 rd_err/s=0 wr_err/s=0 sf_kbps=0 sf_eagain/s=0 sf_err/s=0-/home/dachuo/my_socket/src/Metrics.cpp:99
20260309 21:54:32.816326   8946 INFO    metrics active=0 accept/s=0 close/s=0 req/s=0 parse_err/s=0 in_kbps=0 out_kbps=0 rd_eagain/s=0 wr_eagain/s=0 rd_err/s=0 wr_err/s=0 sf_kbps=0 sf_eagain/s=0 sf_err/s=0-/home/dachuo/my_socket/src/Metrics.cpp:99
20260309 21:54:33.817359   8946 INFO    metrics active=0 accept/s=0 close/s=0 req/s=0 parse_err/s=0 in_kbps=0 out_kbps=0 rd_eagain/s=0 wr_eagain/s=0 rd_err/s=0 wr_err/s=0 sf_kbps=0 sf_eagain/s=0 sf_err/s=0-/home/dachuo/my_socket/src/Metrics.cpp:99
20260309 21:54:34.817967   8946 INFO    metrics active=0 accept/s=0 close/s=0 req/s=0 parse_err/s=0 in_kbps=0 out_kbps=0 rd_eagain/s=0 wr_eagain/s=0 rd_err/s=0 wr_err/s=0 sf_kbps=0 sf_eagain/s=0 sf_err/s=0-/home/dachuo/my_socket/src/Metrics.cpp:99
20260309 21:54:35.818857   8946 INFO    metrics active=0 accept/s=0 close/s=0 req/s=0 parse_err/s=0 in_kbps=0 out_kbps=0 rd_eagain/s=0 wr_eagain/s=0 rd_err/s=0 wr_err/s=0 sf_kbps=0 sf_eagain/s=0 sf_err/s=0-/home/dachuo/my_socket/src/Metrics.cpp:99
20260309 21:54:36.819809   8946 INFO    metrics active=0 accept/s=0 close/s=0 req/s=0 parse_err/s=0 in_kbps=0 out_kbps=0 rd_eagain/s=0 wr_eagain/s=0 rd_err/s=0 wr_err/s=0 sf_kbps=0 sf_eagain/s=0 sf_err/s=0-/home/dachuo/my_socket/src/Metrics.cpp:99
20260309 21:54:37.820326   8946 INFO    metrics active=0 accept/s=0 close/s=0 req/s=0 parse_err/s=0 in_kbps=0 out_kbps=0 rd_eagain/s=0 wr_eagain/s=0 rd_err/s=0 wr_err/s=0 sf_kbps=0 sf_eagain/s=0 sf_err/s=0-/home/dachuo/my_socket/src/Metrics.cpp:99
20260309 21:54:38.821326   8946 INFO    metrics active=0 accept/s=0 close/s=0 req/s=0 parse_err/s=0 in_kbps=0 out_kbps=0 rd_eagain/s=0 wr_eagain/s=0 rd_err/s=0 wr_err/s=0 sf_kbps=0 sf_eagain/s=0 sf_err/s=0-/home/dachuo/my_socket/src/Metrics.cpp:99
20260309 21:54:39.822461   8946 INFO    metrics active=0 accept/s=0 close/s=0 req/s=0 parse_err/s=0 in_kbps=0 out_kbps=0 rd_eagain/s=0 wr_eagain/s=0 rd_err/s=0 wr_err/s=0 sf_kbps=0 sf_eagain/s=0 sf_err/s=0-/home/dachuo/my_socket/src/Metrics.cpp:99
20260309 21:54:40.822756   8946 INFO    metrics active=0 accept/s=0 close/s=0 req/s=0 parse_err/s=0 in_kbps=0 out_kbps=0 rd_eagain/s=0 wr_eagain/s=0 rd_err/s=0 wr_err/s=0 sf_kbps=0 sf_eagain/s=0 sf_err/s=0-/home/dachuo/my_socket/src/Metrics.cpp:99
20260309 21:54:41.823450   8946 INFO    metrics active=0 accept/s=0 close/s=0 req/s=0 parse_err/s=0 in_kbps=0 out_kbps=0 rd_eagain/s=0 wr_eagain/s=0 rd_err/s=0 wr_err/s=0 sf_kbps=0 sf_eagain/s=0 sf_err/s=0-/home/dachuo/my_socket/src/Metrics.cpp:99
20260309 21:54:42.824419   8946 INFO    metrics active=0 accept/s=0 close/s=0 req/s=0 parse_err/s=0 in_kbps=0 out_kbps=0 rd_eagain/s=0 wr_eagain/s=0 rd_err/s=0 wr_err/s=0 sf_kbps=0 sf_eagain/s=0 sf_err/s=0-/home/dachuo/my_socket/src/Metrics.cpp:99
20260309 21:54:43.824674   8946 INFO    metrics active=0 accept/s=0 close/s=0 req/s=0 parse_err/s=0 in_kbps=0 out_kbps=0 rd_eagain/s=0 wr_eagain/s=0 rd_err/s=0 wr_err/s=0 sf_kbps=0 sf_eagain/s=0 sf_err/s=0-/home/dachuo/my_socket/src/Metrics.cpp:99
20260309 21:54:44.825107   8946 INFO    metrics active=0 accept/s=0 close/s=0 req/s=0 parse_err/s=0 in_kbps=0 out_kbps=0 rd_eagain/s=0 wr_eagain/s=0 rd_err/s=0 wr_err/s=0 sf_kbps=0 sf_eagain/s=0 sf_err/s=0-/home/dachuo/my_socket/src/Metrics.cpp:99
20260309 21:54:45.826304   8946 INFO    metrics active=0 accept/s=0 close/s=0 req/s=0 parse_err/s=0 in_kbps=0 out_kbps=0 rd_eagain/s=0 wr_eagain/s=0 rd_err/s=0 wr_err/s=0 sf_kbps=0 sf_eagain/s=0 sf_err/s=0-/home/dachuo/my_socket/src/Metrics.cpp:99
20260309 21:54:46.827190   8946 INFO    metrics active=0 accept/s=0 close/s=0 req/s=0 parse_err/s=0 in_kbps=0 out_kbps=0 rd_eagain/s=0 wr_eagain/s=0 rd_err/s=0 wr_err/s=0 sf_kbps=0 sf_eagain/s=0 sf_err/s=0-/home/dachuo/my_socket/src/Metrics.cpp:99
20260309 21:54:47.827998   8946 INFO    metrics active=0 accept/s=0 close/s=0 req/s=0 parse_err/s=0 in_kbps=0 out_kbps=0 rd_eagain/s=0 wr_eagain/s=0 rd_err/s=0 wr_err/s=0 sf_kbps=0 sf_eagain/s=0 sf_err/s=0-/home/dachuo/my_socket/src/Metrics.cpp:99
20260309 21:54:48.829050   8946 INFO    metrics active=0 accept/s=0 close/s=0 req/s=0 parse_err/s=0 in_kbps=0 out_kbps=0 rd_eagain/s=0 wr_eagain/s=0 rd_err/s=0 wr_err/s=0 sf_kbps=0 sf_eagain/s=0 sf_err/s=0-/home/dachuo/my_socket/src/Metrics.cpp:99
20260309 21:54:49.830496   8946 INFO    metrics active=0 accept/s=0 close/s=0 req/s=0 parse_err/s=0 in_kbps=0 out_kbps=0 rd_eagain/s=0 wr_eagain/s=0 rd_err/s=0 wr_err/s=0 sf_kbps=0 sf_eagain/s=0 sf_err/s=0-/home/dachuo/my_socket/src/Metrics.cpp:99
20260309 21:54:50.831447   8946 INFO    metrics active=0 accept/s=0 close/s=0 req/s=0 parse_err/s=0 in_kbps=0 out_kbps=0 rd_eagain/s=0 wr_eagain/s=0 rd_err/s=0 wr_err/s=0 sf_kbps=0 sf_eagain/s=0 sf_err/s=0-/home/dachuo/my_socket/src/Metrics.cpp:99
20260309 21:54:51.832737   8946 INFO    metrics active=0 accept/s=0 close/s=0 req/s=0 parse_err/s=0 in_kbps=0 out_kbps=0 rd_eagain/s=0 wr_eagain/s=0 rd_err/s=0 wr_err/s=0 sf_kbps=0 sf_eagain/s=0 sf_err/s=0-/home/dachuo/my_socket/src/Metrics.cpp:99
20260309 21:54:52.833620   8946 INFO    metrics active=0 accept/s=0 close/s=0 req/s=0 parse_err/s=0 in_kbps=0 out_kbps=0 rd_eagain/s=0 wr_eagain/s=0 rd_err/s=0 wr_err/s=0 sf_kbps=0 sf_eagain/s=0 sf_err/s=0-/home/dachuo/my_socket/src/Metrics.cpp:99
20260309 21:54:53.834357   8946 INFO    metrics active=0 accept/s=0 close/s=0 req/s=0 parse_err/s=0 in_kbps=0 out_kbps=0 rd_eagain/s=0 wr_eagain/s=0 rd_err/s=0 wr_err/s=0 sf_kbps=0 sf_eagain/s=0 sf_err/s=0-/home/dachuo/my_socket/src/Metrics.cpp:99
20260309 21:54:54.835001   8946 INFO    metrics active=0 accept/s=0 close/s=0 req/s=0 parse_err/s=0 in_kbps=0 out_kbps=0 rd_eagain/s=0 wr_eagain/s=0 rd_err/s=0 wr_err/s=0 sf_kbps=0 sf_eagain/s=0 sf_err/s=0-/home/dachuo/my_socket/src/Metrics.cpp:99
20260309 21:54:55.835840   8946 INFO    metrics active=0 accept/s=0 close/s=0 req/s=0 parse_err/s=0 in_kbps=0 out_kbps=0 rd_eagain/s=0 wr_eagain/s=0 rd_err/s=0 wr_err/s=0 sf_kbps=0 sf_eagain/s=0 sf_err/s=0-/home/dachuo/my_socket/src/Metrics.cpp:99
20260309 21:54:56.837282   8946 INFO    metrics active=0 accept/s=0 close/s=0 req/s=0 parse_err/s=0 in_kbps=0 out_kbps=0 rd_eagain/s=0 wr_eagain/s=0 rd_err/s=0 wr_err/s=0 sf_kbps=0 sf_eagain/s=0 sf_err/s=0-/home/dachuo/my_socket/src/Metrics.cpp:99
20260309 21:54:57.837784   8946 INFO    metrics active=0 accept/s=0 close/s=0 req/s=0 parse_err/s=0 in_kbps=0 out_kbps=0 rd_eagain/s=0 wr_eagain/s=0 rd_err/s=0 wr_err/s=0 sf_kbps=0 sf_eagain/s=0 sf_err/s=0-/home/dachuo/my_socket/src/Metrics.cpp:99
20260309 21:54:58.838360   8946 INFO    metrics active=0 accept/s=0 close/s=0 req/s=0 parse_err/s=0 in_kbps=0 out_kbps=0 rd_eagain/s=0 wr_eagain/s=0 rd_err/s=0 wr_err/s=0 sf_kbps=0 sf_eagain/s=0 sf_err/s=0-/home/dachuo/my_socket/src/Metrics.cpp:99
20260309 21:54:59.839353   8946 INFO    metrics active=0 accept/s=0 close/s=0 req/s=0 parse_err/s=0 in_kbps=0 out_kbps=0 rd_eagain/s=0 wr_eagain/s=0 rd_err/s=0 wr_err/s=0 sf_kbps=0 sf_eagain/s=0 sf_err/s=0-/home/dachuo/my_socket/src/Metrics.cpp:99
20260309 21:55:00.840242   8946 INFO    metrics active=0 accept/s=0 close/s=0 req/s=0 parse_err/s=0 in_kbps=0 out_kbps=0 rd_eagain/s=0 wr_eagain/s=0 rd_err/s=0 wr_err/s=0 sf_kbps=0 sf_eagain/s=0 sf_err/s=0-/home/dachuo/my_socket/src/Metrics.cpp:99
20260309 21:55:01.840657   8946 INFO    metrics active=0 accept/s=0 close/s=0 req/s=0 parse_err/s=0 in_kbps=0 out_kbps=0 rd_eagain/s=0 wr_eagain/s=0 rd_err/s=0 wr_err/s=0 sf_kbps=0 sf_eagain/s=0 sf_err/s=0-/home/dachuo/my_socket/src/Metrics.cpp:99
20260309 21:55:02.841529   8946 INFO    metrics active=0 accept/s=0 close/s=0 req/s=0 parse_err/s=0 in_kbps=0 out_kbps=0 rd_eagain/s=0 wr_eagain/s=0 rd_err/s=0 wr_err/s=0 sf_kbps=0 sf_eagain/s=0 sf_err/s=0-/home/dachuo/my_socket/src/Metrics.cpp:99
20260309 21:55:03.841927   8946 INFO    metrics active=0 accept/s=0 close/s=0 req/s=0 parse_err/s=0 in_kbps=0 out_kbps=0 rd_eagain/s=0 wr_eagain/s=0 rd_err/s=0 wr_err/s=0 sf_kbps=0 sf_eagain/s=0 sf_err/s=0-/home/dachuo/my_socket/src/Metrics.cpp:99
20260309 21:55:04.843020   8946 INFO    metrics active=0 accept/s=0 close/s=0 req/s=0 parse_err/s=0 in_kbps=0 out_kbps=0 rd_eagain/s=0 wr_eagain/s=0 rd_err/s=0 wr_err/s=0 sf_kbps=0 sf_eagain/s=0 sf_err/s=0-/home/dachuo/my_socket/src/Metrics.cpp:99
20260309 21:55:05.843995   8946 INFO    metrics active=0 accept/s=0 close/s=0 req/s=0 parse_err/s=0 in_kbps=0 out_kbps=0 rd_eagain/s=0 wr_eagain/s=0 rd_err/s=0 wr_err/s=0 sf_kbps=0 sf_eagain/s=0 sf_err/s=0-/home/dachuo/my_socket/src/Metrics.cpp:99
20260309 21:55:06.844422   8946 INFO    metrics active=0 accept/s=0 close/s=0 req/s=0 parse_err/s=0 in_kbps=0 out_kbps=0 rd_eagain/s=0 wr_eagain/s=0 rd_err/s=0 wr_err/s=0 sf_kbps=0 sf_eagain/s=0 sf_err/s=0-/home/dachuo/my_socket/src/Metrics.cpp:99
20260309 21:55:07.845606   8946 INFO    metrics active=0 accept/s=0 close/s=0 req/s=0 parse_err/s=0 in_kbps=0 out_kbps=0 rd_eagain/s=0 wr_eagain/s=0 rd_err/s=0 wr_err/s=0 sf_kbps=0 sf_eagain/s=0 sf_err/s=0-/home/dachuo/my_socket/src/Metrics.cpp:99
20260309 21:55:08.846782   8946 INFO    metrics active=0 accept/s=0 close/s=0 req/s=0 parse_err/s=0 in_kbps=0 out_kbps=0 rd_eagain/s=0 wr_eagain/s=0 rd_err/s=0 wr_err/s=0 sf_kbps=0 sf_eagain/s=0 sf_err/s=0-/home/dachuo/my_socket/src/Metrics.cpp:99
20260309 21:55:09.848022   8946 INFO    metrics active=0 accept/s=0 close/s=0 req/s=0 parse_err/s=0 in_kbps=0 out_kbps=0 rd_eagain/s=0 wr_eagain/s=0 rd_err/s=0 wr_err/s=0 sf_kbps=0 sf_eagain/s=0 sf_err/s=0-/home/dachuo/my_socket/src/Metrics.cpp:99
20260309 21:55:10.848918   8946 INFO    metrics active=0 accept/s=0 close/s=0 req/s=0 parse_err/s=0 in_kbps=0 out_kbps=0 rd_eagain/s=0 wr_eagain/s=0 rd_err/s=0 wr_err/s=0 sf_kbps=0 sf_eagain/s=0 sf_err/s=0-/home/dachuo/my_socket/src/Metrics.cpp:99
20260309 21:55:11.849744   8946 INFO    metrics active=0 accept/s=0 close/s=0 req/s=0 parse_err/s=0 in_kbps=0 out_kbps=0 rd_eagain/s=0 wr_eagain/s=0 rd_err/s=0 wr_err/s=0 sf_kbps=0 sf_eagain/s=0 sf_err/s=0-/home/dachuo/my_socket/src/Metrics.cpp:99
20260309 21:55:12.850262   8946 INFO    metrics active=0 accept/s=0 close/s=0 req/s=0 parse_err/s=0 in_kbps=0 out_kbps=0 rd_eagain/s=0 wr_eagain/s=0 rd_err/s=0 wr_err/s=0 sf_kbps=0 sf_eagain/s=0 sf_err/s=0-/home/dachuo/my_socket/src/Metrics.cpp:99
20260309 21:55:13.851097   8946 INFO    metrics active=0 accept/s=0 close/s=0 req/s=0 parse_err/s=0 in_kbps=0 out_kbps=0 rd_eagain/s=0 wr_eagain/s=0 rd_err/s=0 wr_err/s=0 sf_kbps=0 sf_eagain/s=0 sf_err/s=0-/home/dachuo/my_socket/src/Metrics.cpp:99
20260309 21:55:14.852876   8946 INFO    metrics active=0 accept/s=0 close/s=0 req/s=0 parse_err/s=0 in_kbps=0 out_kbps=0 rd_eagain/s=0 wr_eagain/s=0 rd_err/s=0 wr_err/s=0 sf_kbps=0 sf_eagain/s=0 sf_err/s=0-/home/dachuo/my_socket/src/Metrics.cpp:99
20260309 21:55:15.853631   8946 INFO    metrics active=0 accept/s=0 close/s=0 req/s=0 parse_err/s=0 in_kbps=0 out_kbps=0 rd_eagain/s=0 wr_eagain/s=0 rd_err/s=0 wr_err/s=0 sf_kbps=0 sf_eagain/s=0 sf_err/s=0-/home/dachuo/my_socket/src/Metrics.cpp:99
20260309 21:55:16.854677   8946 INFO    metrics active=0 accept/s=0 close/s=0 req/s=0 parse_err/s=0 in_kbps=0 out_kbps=0 rd_eagain/s=0 wr_eagain/s=0 rd_err/s=0 wr_err/s=0 sf_kbps=0 sf_eagain/s=0 sf_err/s=0-/home/dachuo/my_socket/src/Metrics.cpp:99
20260309 21:55:17.855615   8946 INFO    metrics active=0 accept/s=0 close/s=0 req/s=0 parse_err/s=0 in_kbps=0 out_kbps=0 rd_eagain/s=0 wr_eagain/s=0 rd_err/s=0 wr_err/s=0 sf_kbps=0 sf_eagain/s=0 sf_err/s=0-/home/dachuo/my_socket/src/Metrics.cpp:99
20260309 21:55:18.856632   8946 INFO    metrics active=0 accept/s=0 close/s=0 req/s=0 parse_err/s=0 in_kbps=0 out_kbps=0 rd_eagain/s=0 wr_eagain/s=0 rd_err/s=0 wr_err/s=0 sf_kbps=0 sf_eagain/s=0 sf_err/s=0-/home/dachuo/my_socket/src/Metrics.cpp:99
20260309 21:55:19.857710   8946 INFO    metrics active=0 accept/s=0 close/s=0 req/s=0 parse_err/s=0 in_kbps=0 out_kbps=0 rd_eagain/s=0 wr_eagain/s=0 rd_err/s=0 wr_err/s=0 sf_kbps=0 sf_eagain/s=0 sf_err/s=0-/home/dachuo/my_socket/src/Metrics.cpp:99
20260309 21:55:20.858051   8946 INFO    metrics active=0 accept/s=0 close/s=0 req/s=0 parse_err/s=0 in_kbps=0 out_kbps=0 rd_eagain/s=0 wr_eagain/s=0 rd_err/s=0 wr_err/s=0 sf_kbps=0 sf_eagain/s=0 sf_err/s=0-/home/dachuo/my_socket/src/Metrics.cpp:99
20260309 21:55:21.858819   8946 INFO    metrics active=0 accept/s=0 close/s=0 req/s=0 parse_err/s=0 in_kbps=0 out_kbps=0 rd_eagain/s=0 wr_eagain/s=0 rd_err/s=0 wr_err/s=0 sf_kbps=0 sf_eagain/s=0 sf_err/s=0-/home/dachuo/my_socket/src/Metrics.cpp:99
20260309 21:55:22.859775   8946 INFO    metrics active=0 accept/s=0 close/s=0 req/s=0 parse_err/s=0 in_kbps=0 out_kbps=0 rd_eagain/s=0 wr_eagain/s=0 rd_err/s=0 wr_err/s=0 sf_kbps=0 sf_eagain/s=0 sf_err/s=0-/home/dachuo/my_socket/src/Metrics.cpp:99
20260309 21:55:23.861179   8946 INFO    metrics active=0 accept/s=0 close/s=0 req/s=0 parse_err/s=0 in_kbps=0 out_kbps=0 rd_eagain/s=0 wr_eagain/s=0 rd_err/s=0 wr_err/s=0 sf_kbps=0 sf_eagain/s=0 sf_err/s=0-/home/dachuo/my_socket/src/Metrics.cpp:99
20260309 21:55:24.862069   8946 INFO    metrics active=0 accept/s=0 close/s=0 req/s=0 parse_err/s=0 in_kbps=0 out_kbps=0 rd_eagain/s=0 wr_eagain/s=0 rd_err/s=0 wr_err/s=0 sf_kbps=0 sf_eagain/s=0 sf_err/s=0-/home/dachuo/my_socket/src/Metrics.cpp:99
20260309 21:55:25.863263   8946 INFO    metrics active=0 accept/s=0 close/s=0 req/s=0 parse_err/s=0 in_kbps=0 out_kbps=0 rd_eagain/s=0 wr_eagain/s=0 rd_err/s=0 wr_err/s=0 sf_kbps=0 sf_eagain/s=0 sf_err/s=0-/home/dachuo/my_socket/src/Metrics.cpp:99
20260309 21:55:26.863793   8946 INFO    metrics active=0 accept/s=0 close/s=0 req/s=0 parse_err/s=0 in_kbps=0 out_kbps=0 rd_eagain/s=0 wr_eagain/s=0 rd_err/s=0 wr_err/s=0 sf_kbps=0 sf_eagain/s=0 sf_err/s=0-/home/dachuo/my_socket/src/Metrics.cpp:99
20260309 21:55:27.864799   8946 INFO    metrics active=0 accept/s=0 close/s=0 req/s=0 parse_err/s=0 in_kbps=0 out_kbps=0 rd_eagain/s=0 wr_eagain/s=0 rd_err/s=0 wr_err/s=0 sf_kbps=0 sf_eagain/s=0 sf_err/s=0-/home/dachuo/my_socket/src/Metrics.cpp:99
20260309 21:55:28.865854   8946 INFO    metrics active=0 accept/s=0 close/s=0 req/s=0 parse_err/s=0 in_kbps=0 out_kbps=0 rd_eagain/s=0 wr_eagain/s=0 rd_err/s=0 wr_err/s=0 sf_kbps=0 sf_eagain/s=0 sf_err/s=0-/home/dachuo/my_socket/src/Metrics.cpp:99
20260309 21:55:29.866409   8946 INFO    metrics active=0 accept/s=0 close/s=0 req/s=0 parse_err/s=0 in_kbps=0 out_kbps=0 rd_eagain/s=0 wr_eagain/s=0 rd_err/s=0 wr_err/s=0 sf_kbps=0 sf_eagain/s=0 sf_err/s=0-/home/dachuo/my_socket/src/Metrics.cpp:99
20260309 21:55:30.866904   8946 INFO    metrics active=0 accept/s=0 close/s=0 req/s=0 parse_err/s=0 in_kbps=0 out_kbps=0 rd_eagain/s=0 wr_eagain/s=0 rd_err/s=0 wr_err/s=0 sf_kbps=0 sf_eagain/s=0 sf_err/s=0-/home/dachuo/my_socket/src/Metrics.cpp:99
20260309 21:55:31.867619   8946 INFO    metrics active=0 accept/s=0 close/s=0 req/s=0 parse_err/s=0 in_kbps=0 out_kbps=0 rd_eagain/s=0 wr_eagain/s=0 rd_err/s=0 wr_err/s=0 sf_kbps=0 sf_eagain/s=0 sf_err/s=0-/home/dachuo/my_socket/src/Metrics.cpp:99
20260309 21:55:32.868621   8946 INFO    metrics active=0 accept/s=0 close/s=0 req/s=0 parse_err/s=0 in_kbps=0 out_kbps=0 rd_eagain/s=0 wr_eagain/s=0 rd_err/s=0 wr_err/s=0 sf_kbps=0 sf_eagain/s=0 sf_err/s=0-/home/dachuo/my_socket/src/Metrics.cpp:99
20260309 21:55:33.869875   8946 INFO    metrics active=0 accept/s=0 close/s=0 req/s=0 parse_err/s=0 in_kbps=0 out_kbps=0 rd_eagain/s=0 wr_eagain/s=0 rd_err/s=0 wr_err/s=0 sf_kbps=0 sf_eagain/s=0 sf_err/s=0-/home/dachuo/my_socket/src/Metrics.cpp:99
20260309 21:55:34.870832   8946 INFO    metrics active=0 accept/s=0 close/s=0 req/s=0 parse_err/s=0 in_kbps=0 out_kbps=0 rd_eagain/s=0 wr_eagain/s=0 rd_err/s=0 wr_err/s=0 sf_kbps=0 sf_eagain/s=0 sf_err/s=0-/home/dachuo/my_socket/src/Metrics.cpp:99
20260309 21:55:35.871785   8946 INFO    metrics active=0 accept/s=0 close/s=0 req/s=0 parse_err/s=0 in_kbps=0 out_kbps=0 rd_eagain/s=0 wr_eagain/s=0 rd_err/s=0 wr_err/s=0 sf_kbps=0 sf_eagain/s=0 sf_err/s=0-/home/dachuo/my_socket/src/Metrics.cpp:99
20260309 21:55:36.872511   8946 INFO    metrics active=0 accept/s=0 close/s=0 req/s=0 parse_err/s=0 in_kbps=0 out_kbps=0 rd_eagain/s=0 wr_eagain/s=0 rd_err/s=0 wr_err/s=0 sf_kbps=0 sf_eagain/s=0 sf_err/s=0-/home/dachuo/my_socket/src/Metrics.cpp:99
20260309 21:55:37.873142   8946 INFO    metrics active=0 accept/s=0 close/s=0 req/s=0 parse_err/s=0 in_kbps=0 out_kbps=0 rd_eagain/s=0 wr_eagain/s=0 rd_err/s=0 wr_err/s=0 sf_kbps=0 sf_eagain/s=0 sf_err/s=0-/home/dachuo/my_socket/src/Metrics.cpp:99
20260309 21:55:38.873460   8946 INFO    metrics active=0 accept/s=0 close/s=0 req/s=0 parse_err/s=0 in_kbps=0 out_kbps=0 rd_eagain/s=0 wr_eagain/s=0 rd_err/s=0 wr_err/s=0 sf_kbps=0 sf_eagain/s=0 sf_err/s=0-/home/dachuo/my_socket/src/Metrics.cpp:99
20260309 21:55:39.875217   8946 INFO    metrics active=0 accept/s=0 close/s=0 req/s=0 parse_err/s=0 in_kbps=0 out_kbps=0 rd_eagain/s=0 wr_eagain/s=0 rd_err/s=0 wr_err/s=0 sf_kbps=0 sf_eagain/s=0 sf_err/s=0-/home/dachuo/my_socket/src/Metrics.cpp:99
20260309 21:55:40.876251   8946 INFO    metrics active=0 accept/s=0 close/s=0 req/s=0 parse_err/s=0 in_kbps=0 out_kbps=0 rd_eagain/s=0 wr_eagain/s=0 rd_err/s=0 wr_err/s=0 sf_kbps=0 sf_eagain/s=0 sf_err/s=0-/home/dachuo/my_socket/src/Metrics.cpp:99
20260309 21:55:41.877113   8946 INFO    metrics active=0 accept/s=0 close/s=0 req/s=0 parse_err/s=0 in_kbps=0 out_kbps=0 rd_eagain/s=0 wr_eagain/s=0 rd_err/s=0 wr_err/s=0 sf_kbps=0 sf_eagain/s=0 sf_err/s=0-/home/dachuo/my_socket/src/Metrics.cpp:99
20260309 21:55:42.878059   8946 INFO    metrics active=0 accept/s=0 close/s=0 req/s=0 parse_err/s=0 in_kbps=0 out_kbps=0 rd_eagain/s=0 wr_eagain/s=0 rd_err/s=0 wr_err/s=0 sf_kbps=0 sf_eagain/s=0 sf_err/s=0-/home/dachuo/my_socket/src/Metrics.cpp:99
20260309 21:55:43.878874   8946 INFO    metrics active=0 accept/s=0 close/s=0 req/s=0 parse_err/s=0 in_kbps=0 out_kbps=0 rd_eagain/s=0 wr_eagain/s=0 rd_err/s=0 wr_err/s=0 sf_kbps=0 sf_eagain/s=0 sf_err/s=0-/home/dachuo/my_socket/src/Metrics.cpp:99
20260309 21:55:44.879111   8946 INFO    metrics active=0 accept/s=0 close/s=0 req/s=0 parse_err/s=0 in_kbps=0 out_kbps=0 rd_eagain/s=0 wr_eagain/s=0 rd_err/s=0 wr_err/s=0 sf_kbps=0 sf_eagain/s=0 sf_err/s=0-/home/dachuo/my_socket/src/Metrics.cpp:99
20260309 21:55:45.879834   8946 INFO    metrics active=0 accept/s=0 close/s=0 req/s=0 parse_err/s=0 in_kbps=0 out_kbps=0 rd_eagain/s=0 wr_eagain/s=0 rd_err/s=0 wr_err/s=0 sf_kbps=0 sf_eagain/s=0 sf_err/s=0-/home/dachuo/my_socket/src/Metrics.cpp:99
20260309 21:55:46.880590   8946 INFO    metrics active=0 accept/s=0 close/s=0 req/s=0 parse_err/s=0 in_kbps=0 out_kbps=0 rd_eagain/s=0 wr_eagain/s=0 rd_err/s=0 wr_err/s=0 sf_kbps=0 sf_eagain/s=0 sf_err/s=0-/home/dachuo/my_socket/src/Metrics.cpp:99
20260309 21:55:47.881502   8946 INFO    metrics active=0 accept/s=0 close/s=0 req/s=0 parse_err/s=0 in_kbps=0 out_kbps=0 rd_eagain/s=0 wr_eagain/s=0 rd_err/s=0 wr_err/s=0 sf_kbps=0 sf_eagain/s=0 sf_err/s=0-/home/dachuo/my_socket/src/Metrics.cpp:99
20260309 21:55:48.881811   8946 INFO    metrics active=0 accept/s=0 close/s=0 req/s=0 parse_err/s=0 in_kbps=0 out_kbps=0 rd_eagain/s=0 wr_eagain/s=0 rd_err/s=0 wr_err/s=0 sf_kbps=0 sf_eagain/s=0 sf_err/s=0-/home/dachuo/my_socket/src/Metrics.cpp:99
20260309 21:55:49.882566   8946 INFO    metrics active=0 accept/s=0 close/s=0 req/s=0 parse_err/s=0 in_kbps=0 out_kbps=0 rd_eagain/s=0 wr_eagain/s=0 rd_err/s=0 wr_err/s=0 sf_kbps=0 sf_eagain/s=0 sf_err/s=0-/home/dachuo/my_socket/src/Metrics.cpp:99
20260309 21:55:50.883345   8946 INFO    metrics active=0 accept/s=0 close/s=0 req/s=0 parse_err/s=0 in_kbps=0 out_kbps=0 rd_eagain/s=0 wr_eagain/s=0 rd_err/s=0 wr_err/s=0 sf_kbps=0 sf_eagain/s=0 sf_err/s=0-/home/dachuo/my_socket/src/Metrics.cpp:99
20260309 21:55:51.883672   8946 INFO    metrics active=0 accept/s=0 close/s=0 req/s=0 parse_err/s=0 in_kbps=0 out_kbps=0 rd_eagain/s=0 wr_eagain/s=0 rd_err/s=0 wr_err/s=0 sf_kbps=0 sf_eagain/s=0 sf_err/s=0-/home/dachuo/my_socket/src/Metrics.cpp:99
20260309 21:55:52.884199   8946 INFO    metrics active=0 accept/s=0 close/s=0 req/s=0 parse_err/s=0 in_kbps=0 out_kbps=0 rd_eagain/s=0 wr_eagain/s=0 rd_err/s=0 wr_err/s=0 sf_kbps=0 sf_eagain/s=0 sf_err/s=0-/home/dachuo/my_socket/src/Metrics.cpp:99
20260309 21:55:53.885350   8946 INFO    metrics active=0 accept/s=0 close/s=0 req/s=0 parse_err/s=0 in_kbps=0 out_kbps=0 rd_eagain/s=0 wr_eagain/s=0 rd_err/s=0 wr_err/s=0 sf_kbps=0 sf_eagain/s=0 sf_err/s=0-/home/dachuo/my_socket/src/Metrics.cpp:99
20260309 21:55:54.885948   8946 INFO    metrics active=0 accept/s=0 close/s=0 req/s=0 parse_err/s=0 in_kbps=0 out_kbps=0 rd_eagain/s=0 wr_eagain/s=0 rd_err/s=0 wr_err/s=0 sf_kbps=0 sf_eagain/s=0 sf_err/s=0-/home/dachuo/my_socket/src/Metrics.cpp:99
20260309 21:55:55.886432   8946 INFO    metrics active=0 accept/s=0 close/s=0 req/s=0 parse_err/s=0 in_kbps=0 out_kbps=0 rd_eagain/s=0 wr_eagain/s=0 rd_err/s=0 wr_err/s=0 sf_kbps=0 sf_eagain/s=0 sf_err/s=0-/home/dachuo/my_socket/src/Metrics.cpp:99
20260309 21:55:56.887306   8946 INFO    metrics active=0 accept/s=0 close/s=0 req/s=0 parse_err/s=0 in_kbps=0 out_kbps=0 rd_eagain/s=0 wr_eagain/s=0 rd_err/s=0 wr_err/s=0 sf_kbps=0 sf_eagain/s=0 sf_err/s=0-/home/dachuo/my_socket/src/Metrics.cpp:99
20260309 21:55:57.888394   8946 INFO    metrics active=0 accept/s=0 close/s=0 req/s=0 parse_err/s=0 in_kbps=0 out_kbps=0 rd_eagain/s=0 wr_eagain/s=0 rd_err/s=0 wr_err/s=0 sf_kbps=0 sf_eagain/s=0 sf_err/s=0-/home/dachuo/my_socket/src/Metrics.cpp:99
20260309 21:55:58.889850   8946 INFO    metrics active=0 accept/s=0 close/s=0 req/s=0 parse_err/s=0 in_kbps=0 out_kbps=0 rd_eagain/s=0 wr_eagain/s=0 rd_err/s=0 wr_err/s=0 sf_kbps=0 sf_eagain/s=0 sf_err/s=0-/home/dachuo/my_socket/src/Metrics.cpp:99
20260309 21:55:59.890679   8946 INFO    metrics active=0 accept/s=0 close/s=0 req/s=0 parse_err/s=0 in_kbps=0 out_kbps=0 rd_eagain/s=0 wr_eagain/s=0 rd_err/s=0 wr_err/s=0 sf_kbps=0 sf_eagain/s=0 sf_err/s=0-/home/dachuo/my_socket/src/Metrics.cpp:99
20260309 21:56:00.892115   8946 INFO    metrics active=0 accept/s=0 close/s=0 req/s=0 parse_err/s=0 in_kbps=0 out_kbps=0 rd_eagain/s=0 wr_eagain/s=0 rd_err/s=0 wr_err/s=0 sf_kbps=0 sf_eagain/s=0 sf_err/s=0-/home/dachuo/my_socket/src/Metrics.cpp:99
20260309 21:56:01.892408   8946 INFO    metrics active=0 accept/s=0 close/s=0 req/s=0 parse_err/s=0 in_kbps=0 out_kbps=0 rd_eagain/s=0 wr_eagain/s=0 rd_err/s=0 wr_err/s=0 sf_kbps=0 sf_eagain/s=0 sf_err/s=0-/home/dachuo/my_socket/src/Metrics.cpp:99
20260309 21:56:02.893141   8946 INFO    metrics active=0 accept/s=0 close/s=0 req/s=0 parse_err/s=0 in_kbps=0 out_kbps=0 rd_eagain/s=0 wr_eagain/s=0 rd_err/s=0 wr_err/s=0 sf_kbps=0 sf_eagain/s=0 sf_err/s=0-/home/dachuo/my_socket/src/Metrics.cpp:99
20260309 21:56:03.893669   8946 INFO    metrics active=0 accept/s=0 close/s=0 req/s=0 parse_err/s=0 in_kbps=0 out_kbps=0 rd_eagain/s=0 wr_eagain/s=0 rd_err/s=0 wr_err/s=0 sf_kbps=0 sf_eagain/s=0 sf_err/s=0-/home/dachuo/my_socket/src/Metrics.cpp:99
20260309 21:56:04.894672   8946 INFO    metrics active=0 accept/s=0 close/s=0 req/s=0 parse_err/s=0 in_kbps=0 out_kbps=0 rd_eagain/s=0 wr_eagain/s=0 rd_err/s=0 wr_err/s=0 sf_kbps=0 sf_eagain/s=0 sf_err/s=0-/home/dachuo/my_socket/src/Metrics.cpp:99
20260309 21:56:05.895558   8946 INFO    metrics active=0 accept/s=0 close/s=0 req/s=0 parse_err/s=0 in_kbps=0 out_kbps=0 rd_eagain/s=0 wr_eagain/s=0 rd_err/s=0 wr_err/s=0 sf_kbps=0 sf_eagain/s=0 sf_err/s=0-/home/dachuo/my_socket/src/Metrics.cpp:99
20260309 21:56:06.896063   8946 INFO    metrics active=0 accept/s=0 close/s=0 req/s=0 parse_err/s=0 in_kbps=0 out_kbps=0 rd_eagain/s=0 wr_eagain/s=0 rd_err/s=0 wr_err/s=0 sf_kbps=0 sf_eagain/s=0 sf_err/s=0-/home/dachuo/my_socket/src/Metrics.cpp:99
20260309 21:56:07.896562   8946 INFO    metrics active=0 accept/s=0 close/s=0 req/s=0 parse_err/s=0 in_kbps=0 out_kbps=0 rd_eagain/s=0 wr_eagain/s=0 rd_err/s=0 wr_err/s=0 sf_kbps=0 sf_eagain/s=0 sf_err/s=0-/home/dachuo/my_socket/src/Metrics.cpp:99
20260309 21:56:08.897054   8946 INFO    metrics active=0 accept/s=0 close/s=0 req/s=0 parse_err/s=0 in_kbps=0 out_kbps=0 rd_eagain/s=0 wr_eagain/s=0 rd_err/s=0 wr_err/s=0 sf_kbps=0 sf_eagain/s=0 sf_err/s=0-/home/dachuo/my_socket/src/Metrics.cpp:99
20260309 21:56:09.898000   8946 INFO    metrics active=0 accept/s=0 close/s=0 req/s=0 parse_err/s=0 in_kbps=0 out_kbps=0 rd_eagain/s=0 wr_eagain/s=0 rd_err/s=0 wr_err/s=0 sf_kbps=0 sf_eagain/s=0 sf_err/s=0-/home/dachuo/my_socket/src/Metrics.cpp:99
20260309 21:56:10.899473   8946 INFO    metrics active=0 accept/s=0 close/s=0 req/s=0 parse_err/s=0 in_kbps=0 out_kbps=0 rd_eagain/s=0 wr_eagain/s=0 rd_err/s=0 wr_err/s=0 sf_kbps=0 sf_eagain/s=0 sf_err/s=0-/home/dachuo/my_socket/src/Metrics.cpp:99
20260309 21:56:11.900040   8946 INFO    metrics active=0 accept/s=0 close/s=0 req/s=0 parse_err/s=0 in_kbps=0 out_kbps=0 rd_eagain/s=0 wr_eagain/s=0 rd_err/s=0 wr_err/s=0 sf_kbps=0 sf_eagain/s=0 sf_err/s=0-/home/dachuo/my_socket/src/Metrics.cpp:99
20260309 21:56:12.901121   8946 INFO    metrics active=0 accept/s=0 close/s=0 req/s=0 parse_err/s=0 in_kbps=0 out_kbps=0 rd_eagain/s=0 wr_eagain/s=0 rd_err/s=0 wr_err/s=0 sf_kbps=0 sf_eagain/s=0 sf_err/s=0-/home/dachuo/my_socket/src/Metrics.cpp:99
20260309 21:56:13.902129   8946 INFO    metrics active=0 accept/s=0 close/s=0 req/s=0 parse_err/s=0 in_kbps=0 out_kbps=0 rd_eagain/s=0 wr_eagain/s=0 rd_err/s=0 wr_err/s=0 sf_kbps=0 sf_eagain/s=0 sf_err/s=0-/home/dachuo/my_socket/src/Metrics.cpp:99
20260309 21:56:14.902697   8946 INFO    metrics active=0 accept/s=0 close/s=0 req/s=0 parse_err/s=0 in_kbps=0 out_kbps=0 rd_eagain/s=0 wr_eagain/s=0 rd_err/s=0 wr_err/s=0 sf_kbps=0 sf_eagain/s=0 sf_err/s=0-/home/dachuo/my_socket/src/Metrics.cpp:99
20260309 21:56:15.902974   8946 INFO    metrics active=0 accept/s=0 close/s=0 req/s=0 parse_err/s=0 in_kbps=0 out_kbps=0 rd_eagain/s=0 wr_eagain/s=0 rd_err/s=0 wr_err/s=0 sf_kbps=0 sf_eagain/s=0 sf_err/s=0-/home/dachuo/my_socket/src/Metrics.cpp:99
20260309 21:56:16.903737   8946 INFO    metrics active=0 accept/s=0 close/s=0 req/s=0 parse_err/s=0 in_kbps=0 out_kbps=0 rd_eagain/s=0 wr_eagain/s=0 rd_err/s=0 wr_err/s=0 sf_kbps=0 sf_eagain/s=0 sf_err/s=0-/home/dachuo/my_socket/src/Metrics.cpp:99
20260309 21:56:17.904592   8946 INFO    metrics active=0 accept/s=0 close/s=0 req/s=0 parse_err/s=0 in_kbps=0 out_kbps=0 rd_eagain/s=0 wr_eagain/s=0 rd_err/s=0 wr_err/s=0 sf_kbps=0 sf_eagain/s=0 sf_err/s=0-/home/dachuo/my_socket/src/Metrics.cpp:99
20260309 21:56:18.905651   8946 INFO    metrics active=0 accept/s=0 close/s=0 req/s=0 parse_err/s=0 in_kbps=0 out_kbps=0 rd_eagain/s=0 wr_eagain/s=0 rd_err/s=0 wr_err/s=0 sf_kbps=0 sf_eagain/s=0 sf_err/s=0-/home/dachuo/my_socket/src/Metrics.cpp:99
20260309 21:56:19.906890   8946 INFO    metrics active=0 accept/s=0 close/s=0 req/s=0 parse_err/s=0 in_kbps=0 out_kbps=0 rd_eagain/s=0 wr_eagain/s=0 rd_err/s=0 wr_err/s=0 sf_kbps=0 sf_eagain/s=0 sf_err/s=0-/home/dachuo/my_socket/src/Metrics.cpp:99
20260309 21:56:20.908058   8946 INFO    metrics active=0 accept/s=0 close/s=0 req/s=0 parse_err/s=0 in_kbps=0 out_kbps=0 rd_eagain/s=0 wr_eagain/s=0 rd_err/s=0 wr_err/s=0 sf_kbps=0 sf_eagain/s=0 sf_err/s=0-/home/dachuo/my_socket/src/Metrics.cpp:99
20260309 21:56:21.909153   8946 INFO    metrics active=0 accept/s=0 close/s=0 req/s=0 parse_err/s=0 in_kbps=0 out_kbps=0 rd_eagain/s=0 wr_eagain/s=0 rd_err/s=0 wr_err/s=0 sf_kbps=0 sf_eagain/s=0 sf_err/s=0-/home/dachuo/my_socket/src/Metrics.cpp:99
20260309 21:56:22.910649   8946 INFO    metrics active=0 accept/s=0 close/s=0 req/s=0 parse_err/s=0 in_kbps=0 out_kbps=0 rd_eagain/s=0 wr_eagain/s=0 rd_err/s=0 wr_err/s=0 sf_kbps=0 sf_eagain/s=0 sf_err/s=0-/home/dachuo/my_socket/src/Metrics.cpp:99
20260309 21:56:23.911228   8946 INFO    metrics active=0 accept/s=0 close/s=0 req/s=0 parse_err/s=0 in_kbps=0 out_kbps=0 rd_eagain/s=0 wr_eagain/s=0 rd_err/s=0 wr_err/s=0 sf_kbps=0 sf_eagain/s=0 sf_err/s=0-/home/dachuo/my_socket/src/Metrics.cpp:99
20260309 21:56:24.911574   8946 INFO    metrics active=0 accept/s=0 close/s=0 req/s=0 parse_err/s=0 in_kbps=0 out_kbps=0 rd_eagain/s=0 wr_eagain/s=0 rd_err/s=0 wr_err/s=0 sf_kbps=0 sf_eagain/s=0 sf_err/s=0-/home/dachuo/my_socket/src/Metrics.cpp:99
20260309 21:56:25.912616   8946 INFO    metrics active=0 accept/s=0 close/s=0 req/s=0 parse_err/s=0 in_kbps=0 out_kbps=0 rd_eagain/s=0 wr_eagain/s=0 rd_err/s=0 wr_err/s=0 sf_kbps=0 sf_eagain/s=0 sf_err/s=0-/home/dachuo/my_socket/src/Metrics.cpp:99
20260309 21:56:26.913657   8946 INFO    metrics active=0 accept/s=0 close/s=0 req/s=0 parse_err/s=0 in_kbps=0 out_kbps=0 rd_eagain/s=0 wr_eagain/s=0 rd_err/s=0 wr_err/s=0 sf_kbps=0 sf_eagain/s=0 sf_err/s=0-/home/dachuo/my_socket/src/Metrics.cpp:99
20260309 21:56:27.914149   8946 INFO    metrics active=0 accept/s=0 close/s=0 req/s=0 parse_err/s=0 in_kbps=0 out_kbps=0 rd_eagain/s=0 wr_eagain/s=0 rd_err/s=0 wr_err/s=0 sf_kbps=0 sf_eagain/s=0 sf_err/s=0-/home/dachuo/my_socket/src/Metrics.cpp:99
20260309 21:56:28.915002   8946 INFO    metrics active=0 accept/s=0 close/s=0 req/s=0 parse_err/s=0 in_kbps=0 out_kbps=0 rd_eagain/s=0 wr_eagain/s=0 rd_err/s=0 wr_err/s=0 sf_kbps=0 sf_eagain/s=0 sf_err/s=0-/home/dachuo/my_socket/src/Metrics.cpp:99
20260309 21:56:29.915914   8946 INFO    metrics active=0 accept/s=0 close/s=0 req/s=0 parse_err/s=0 in_kbps=0 out_kbps=0 rd_eagain/s=0 wr_eagain/s=0 rd_err/s=0 wr_err/s=0 sf_kbps=0 sf_eagain/s=0 sf_err/s=0-/home/dachuo/my_socket/src/Metrics.cpp:99
20260309 21:56:30.917000   8946 INFO    metrics active=0 accept/s=0 close/s=0 req/s=0 parse_err/s=0 in_kbps=0 out_kbps=0 rd_eagain/s=0 wr_eagain/s=0 rd_err/s=0 wr_err/s=0 sf_kbps=0 sf_eagain/s=0 sf_err/s=0-/home/dachuo/my_socket/src/Metrics.cpp:99
20260309 21:56:31.918094   8946 INFO    metrics active=0 accept/s=0 close/s=0 req/s=0 parse_err/s=0 in_kbps=0 out_kbps=0 rd_eagain/s=0 wr_eagain/s=0 rd_err/s=0 wr_err/s=0 sf_kbps=0 sf_eagain/s=0 sf_err/s=0-/home/dachuo/my_socket/src/Metrics.cpp:99
20260309 21:56:32.918487   8946 INFO    metrics active=0 accept/s=0 close/s=0 req/s=0 parse_err/s=0 in_kbps=0 out_kbps=0 rd_eagain/s=0 wr_eagain/s=0 rd_err/s=0 wr_err/s=0 sf_kbps=0 sf_eagain/s=0 sf_err/s=0-/home/dachuo/my_socket/src/Metrics.cpp:99
20260309 21:56:33.919249   8946 INFO    metrics active=0 accept/s=0 close/s=0 req/s=0 parse_err/s=0 in_kbps=0 out_kbps=0 rd_eagain/s=0 wr_eagain/s=0 rd_err/s=0 wr_err/s=0 sf_kbps=0 sf_eagain/s=0 sf_err/s=0-/home/dachuo/my_socket/src/Metrics.cpp:99
20260309 21:56:34.920168   8946 INFO    metrics active=0 accept/s=0 close/s=0 req/s=0 parse_err/s=0 in_kbps=0 out_kbps=0 rd_eagain/s=0 wr_eagain/s=0 rd_err/s=0 wr_err/s=0 sf_kbps=0 sf_eagain/s=0 sf_err/s=0-/home/dachuo/my_socket/src/Metrics.cpp:99
20260309 21:56:35.920385   8946 INFO    metrics active=0 accept/s=0 close/s=0 req/s=0 parse_err/s=0 in_kbps=0 out_kbps=0 rd_eagain/s=0 wr_eagain/s=0 rd_err/s=0 wr_err/s=0 sf_kbps=0 sf_eagain/s=0 sf_err/s=0-/home/dachuo/my_socket/src/Metrics.cpp:99
20260309 21:56:36.921664   8946 INFO    metrics active=0 accept/s=0 close/s=0 req/s=0 parse_err/s=0 in_kbps=0 out_kbps=0 rd_eagain/s=0 wr_eagain/s=0 rd_err/s=0 wr_err/s=0 sf_kbps=0 sf_eagain/s=0 sf_err/s=0-/home/dachuo/my_socket/src/Metrics.cpp:99
20260309 21:56:37.922093   8946 INFO    metrics active=0 accept/s=0 close/s=0 req/s=0 parse_err/s=0 in_kbps=0 out_kbps=0 rd_eagain/s=0 wr_eagain/s=0 rd_err/s=0 wr_err/s=0 sf_kbps=0 sf_eagain/s=0 sf_err/s=0-/home/dachuo/my_socket/src/Metrics.cpp:99
20260309 21:56:38.923267   8946 INFO    metrics active=0 accept/s=0 close/s=0 req/s=0 parse_err/s=0 in_kbps=0 out_kbps=0 rd_eagain/s=0 wr_eagain/s=0 rd_err/s=0 wr_err/s=0 sf_kbps=0 sf_eagain/s=0 sf_err/s=0-/home/dachuo/my_socket/src/Metrics.cpp:99
20260309 21:56:39.923732   8946 INFO    metrics active=0 accept/s=0 close/s=0 req/s=0 parse_err/s=0 in_kbps=0 out_kbps=0 rd_eagain/s=0 wr_eagain/s=0 rd_err/s=0 wr_err/s=0 sf_kbps=0 sf_eagain/s=0 sf_err/s=0-/home/dachuo/my_socket/src/Metrics.cpp:99
20260309 21:56:40.924854   8946 INFO    metrics active=0 accept/s=0 close/s=0 req/s=0 parse_err/s=0 in_kbps=0 out_kbps=0 rd_eagain/s=0 wr_eagain/s=0 rd_err/s=0 wr_err/s=0 sf_kbps=0 sf_eagain/s=0 sf_err/s=0-/home/dachuo/my_socket/src/Metrics.cpp:99
20260309 21:56:41.925333   8946 INFO    metrics active=0 accept/s=0 close/s=0 req/s=0 parse_err/s=0 in_kbps=0 out_kbps=0 rd_eagain/s=0 wr_eagain/s=0 rd_err/s=0 wr_err/s=0 sf_kbps=0 sf_eagain/s=0 sf_err/s=0-/home/dachuo/my_socket/src/Metrics.cpp:99
20260309 21:56:42.926383   8946 INFO    metrics active=0 accept/s=0 close/s=0 req/s=0 parse_err/s=0 in_kbps=0 out_kbps=0 rd_eagain/s=0 wr_eagain/s=0 rd_err/s=0 wr_err/s=0 sf_kbps=0 sf_eagain/s=0 sf_err/s=0-/home/dachuo/my_socket/src/Metrics.cpp:99
20260309 21:56:43.927499   8946 INFO    metrics active=0 accept/s=0 close/s=0 req/s=0 parse_err/s=0 in_kbps=0 out_kbps=0 rd_eagain/s=0 wr_eagain/s=0 rd_err/s=0 wr_err/s=0 sf_kbps=0 sf_eagain/s=0 sf_err/s=0-/home/dachuo/my_socket/src/Metrics.cpp:99
20260309 21:56:44.928275   8946 INFO    metrics active=0 accept/s=0 close/s=0 req/s=0 parse_err/s=0 in_kbps=0 out_kbps=0 rd_eagain/s=0 wr_eagain/s=0 rd_err/s=0 wr_err/s=0 sf_kbps=0 sf_eagain/s=0 sf_err/s=0-/home/dachuo/my_socket/src/Metrics.cpp:99
20260309 21:56:45.929289   8946 INFO    metrics active=0 accept/s=0 close/s=0 req/s=0 parse_err/s=0 in_kbps=0 out_kbps=0 rd_eagain/s=0 wr_eagain/s=0 rd_err/s=0 wr_err/s=0 sf_kbps=0 sf_eagain/s=0 sf_err/s=0-/home/dachuo/my_socket/src/Metrics.cpp:99
20260309 21:56:46.930051   8946 INFO    metrics active=0 accept/s=0 close/s=0 req/s=0 parse_err/s=0 in_kbps=0 out_kbps=0 rd_eagain/s=0 wr_eagain/s=0 rd_err/s=0 wr_err/s=0 sf_kbps=0 sf_eagain/s=0 sf_err/s=0-/home/dachuo/my_socket/src/Metrics.cpp:99
20260309 21:56:47.930586   8946 INFO    metrics active=0 accept/s=0 close/s=0 req/s=0 parse_err/s=0 in_kbps=0 out_kbps=0 rd_eagain/s=0 wr_eagain/s=0 rd_err/s=0 wr_err/s=0 sf_kbps=0 sf_eagain/s=0 sf_err/s=0-/home/dachuo/my_socket/src/Metrics.cpp:99
20260309 21:56:48.931370   8946 INFO    metrics active=0 accept/s=0 close/s=0 req/s=0 parse_err/s=0 in_kbps=0 out_kbps=0 rd_eagain/s=0 wr_eagain/s=0 rd_err/s=0 wr_err/s=0 sf_kbps=0 sf_eagain/s=0 sf_err/s=0-/home/dachuo/my_socket/src/Metrics.cpp:99
20260309 21:56:49.932398   8946 INFO    metrics active=0 accept/s=0 close/s=0 req/s=0 parse_err/s=0 in_kbps=0 out_kbps=0 rd_eagain/s=0 wr_eagain/s=0 rd_err/s=0 wr_err/s=0 sf_kbps=0 sf_eagain/s=0 sf_err/s=0-/home/dachuo/my_socket/src/Metrics.cpp:99
20260309 21:56:50.933713   8946 INFO    metrics active=0 accept/s=0 close/s=0 req/s=0 parse_err/s=0 in_kbps=0 out_kbps=0 rd_eagain/s=0 wr_eagain/s=0 rd_err/s=0 wr_err/s=0 sf_kbps=0 sf_eagain/s=0 sf_err/s=0-/home/dachuo/my_socket/src/Metrics.cpp:99
20260309 21:56:51.934543   8946 INFO    metrics active=0 accept/s=0 close/s=0 req/s=0 parse_err/s=0 in_kbps=0 out_kbps=0 rd_eagain/s=0 wr_eagain/s=0 rd_err/s=0 wr_err/s=0 sf_kbps=0 sf_eagain/s=0 sf_err/s=0-/home/dachuo/my_socket/src/Metrics.cpp:99
20260309 21:56:52.935389   8946 INFO    metrics active=0 accept/s=0 close/s=0 req/s=0 parse_err/s=0 in_kbps=0 out_kbps=0 rd_eagain/s=0 wr_eagain/s=0 rd_err/s=0 wr_err/s=0 sf_kbps=0 sf_eagain/s=0 sf_err/s=0-/home/dachuo/my_socket/src/Metrics.cpp:99
20260309 21:56:53.936604   8946 INFO    metrics active=0 accept/s=0 close/s=0 req/s=0 parse_err/s=0 in_kbps=0 out_kbps=0 rd_eagain/s=0 wr_eagain/s=0 rd_err/s=0 wr_err/s=0 sf_kbps=0 sf_eagain/s=0 sf_err/s=0-/home/dachuo/my_socket/src/Metrics.cpp:99
20260309 21:56:54.937076   8946 INFO    metrics active=0 accept/s=0 close/s=0 req/s=0 parse_err/s=0 in_kbps=0 out_kbps=0 rd_eagain/s=0 wr_eagain/s=0 rd_err/s=0 wr_err/s=0 sf_kbps=0 sf_eagain/s=0 sf_err/s=0-/home/dachuo/my_socket/src/Metrics.cpp:99
20260309 21:56:55.937923   8946 INFO    metrics active=0 accept/s=0 close/s=0 req/s=0 parse_err/s=0 in_kbps=0 out_kbps=0 rd_eagain/s=0 wr_eagain/s=0 rd_err/s=0 wr_err/s=0 sf_kbps=0 sf_eagain/s=0 sf_err/s=0-/home/dachuo/my_socket/src/Metrics.cpp:99
20260309 21:56:56.938840   8946 INFO    metrics active=0 accept/s=0 close/s=0 req/s=0 parse_err/s=0 in_kbps=0 out_kbps=0 rd_eagain/s=0 wr_eagain/s=0 rd_err/s=0 wr_err/s=0 sf_kbps=0 sf_eagain/s=0 sf_err/s=0-/home/dachuo/my_socket/src/Metrics.cpp:99
20260309 21:56:57.939890   8946 INFO    metrics active=0 accept/s=0 close/s=0 req/s=0 parse_err/s=0 in_kbps=0 out_kbps=0 rd_eagain/s=0 wr_eagain/s=0 rd_err/s=0 wr_err/s=0 sf_kbps=0 sf_eagain/s=0 sf_err/s=0-/home/dachuo/my_socket/src/Metrics.cpp:99
20260309 21:56:58.941178   8946 INFO    metrics active=0 accept/s=0 close/s=0 req/s=0 parse_err/s=0 in_kbps=0 out_kbps=0 rd_eagain/s=0 wr_eagain/s=0 rd_err/s=0 wr_err/s=0 sf_kbps=0 sf_eagain/s=0 sf_err/s=0-/home/dachuo/my_socket/src/Metrics.cpp:99
20260309 21:56:59.941510   8946 INFO    metrics active=0 accept/s=0 close/s=0 req/s=0 parse_err/s=0 in_kbps=0 out_kbps=0 rd_eagain/s=0 wr_eagain/s=0 rd_err/s=0 wr_err/s=0 sf_kbps=0 sf_eagain/s=0 sf_err/s=0-/home/dachuo/my_socket/src/Metrics.cpp:99
20260309 21:57:00.941883   8946 INFO    metrics active=0 accept/s=0 close/s=0 req/s=0 parse_err/s=0 in_kbps=0 out_kbps=0 rd_eagain/s=0 wr_eagain/s=0 rd_err/s=0 wr_err/s=0 sf_kbps=0 sf_eagain/s=0 sf_err/s=0-/home/dachuo/my_socket/src/Metrics.cpp:99
20260309 21:57:01.942539   8946 INFO    metrics active=0 accept/s=0 close/s=0 req/s=0 parse_err/s=0 in_kbps=0 out_kbps=0 rd_eagain/s=0 wr_eagain/s=0 rd_err/s=0 wr_err/s=0 sf_kbps=0 sf_eagain/s=0 sf_err/s=0-/home/dachuo/my_socket/src/Metrics.cpp:99
20260309 21:57:02.942888   8946 INFO    metrics active=0 accept/s=0 close/s=0 req/s=0 parse_err/s=0 in_kbps=0 out_kbps=0 rd_eagain/s=0 wr_eagain/s=0 rd_err/s=0 wr_err/s=0 sf_kbps=0 sf_eagain/s=0 sf_err/s=0-/home/dachuo/my_socket/src/Metrics.cpp:99
20260309 21:57:03.943585   8946 INFO    metrics active=0 accept/s=0 close/s=0 req/s=0 parse_err/s=0 in_kbps=0 out_kbps=0 rd_eagain/s=0 wr_eagain/s=0 rd_err/s=0 wr_err/s=0 sf_kbps=0 sf_eagain/s=0 sf_err/s=0-/home/dachuo/my_socket/src/Metrics.cpp:99
20260309 21:57:04.944433   8946 INFO    metrics active=0 accept/s=0 close/s=0 req/s=0 parse_err/s=0 in_kbps=0 out_kbps=0 rd_eagain/s=0 wr_eagain/s=0 rd_err/s=0 wr_err/s=0 sf_kbps=0 sf_eagain/s=0 sf_err/s=0-/home/dachuo/my_socket/src/Metrics.cpp:99
20260309 21:57:05.945418   8946 INFO    metrics active=0 accept/s=0 close/s=0 req/s=0 parse_err/s=0 in_kbps=0 out_kbps=0 rd_eagain/s=0 wr_eagain/s=0 rd_err/s=0 wr_err/s=0 sf_kbps=0 sf_eagain/s=0 sf_err/s=0-/home/dachuo/my_socket/src/Metrics.cpp:99
20260309 21:57:06.946723   8946 INFO    metrics active=0 accept/s=0 close/s=0 req/s=0 parse_err/s=0 in_kbps=0 out_kbps=0 rd_eagain/s=0 wr_eagain/s=0 rd_err/s=0 wr_err/s=0 sf_kbps=0 sf_eagain/s=0 sf_err/s=0-/home/dachuo/my_socket/src/Metrics.cpp:99
20260309 21:57:07.947341   8946 INFO    metrics active=0 accept/s=0 close/s=0 req/s=0 parse_err/s=0 in_kbps=0 out_kbps=0 rd_eagain/s=0 wr_eagain/s=0 rd_err/s=0 wr_err/s=0 sf_kbps=0 sf_eagain/s=0 sf_err/s=0-/home/dachuo/my_socket/src/Metrics.cpp:99
20260309 21:57:08.947640   8946 INFO    metrics active=0 accept/s=0 close/s=0 req/s=0 parse_err/s=0 in_kbps=0 out_kbps=0 rd_eagain/s=0 wr_eagain/s=0 rd_err/s=0 wr_err/s=0 sf_kbps=0 sf_eagain/s=0 sf_err/s=0-/home/dachuo/my_socket/src/Metrics.cpp:99
20260309 21:57:09.948802   8946 INFO    metrics active=0 accept/s=0 close/s=0 req/s=0 parse_err/s=0 in_kbps=0 out_kbps=0 rd_eagain/s=0 wr_eagain/s=0 rd_err/s=0 wr_err/s=0 sf_kbps=0 sf_eagain/s=0 sf_err/s=0-/home/dachuo/my_socket/src/Metrics.cpp:99
20260309 21:57:10.949586   8946 INFO    metrics active=0 accept/s=0 close/s=0 req/s=0 parse_err/s=0 in_kbps=0 out_kbps=0 rd_eagain/s=0 wr_eagain/s=0 rd_err/s=0 wr_err/s=0 sf_kbps=0 sf_eagain/s=0 sf_err/s=0-/home/dachuo/my_socket/src/Metrics.cpp:99
20260309 21:57:11.950898   8946 INFO    metrics active=0 accept/s=0 close/s=0 req/s=0 parse_err/s=0 in_kbps=0 out_kbps=0 rd_eagain/s=0 wr_eagain/s=0 rd_err/s=0 wr_err/s=0 sf_kbps=0 sf_eagain/s=0 sf_err/s=0-/home/dachuo/my_socket/src/Metrics.cpp:99
20260309 21:57:12.951580   8946 INFO    metrics active=0 accept/s=0 close/s=0 req/s=0 parse_err/s=0 in_kbps=0 out_kbps=0 rd_eagain/s=0 wr_eagain/s=0 rd_err/s=0 wr_err/s=0 sf_kbps=0 sf_eagain/s=0 sf_err/s=0-/home/dachuo/my_socket/src/Metrics.cpp:99
20260309 21:57:13.953010   8946 INFO    metrics active=0 accept/s=0 close/s=0 req/s=0 parse_err/s=0 in_kbps=0 out_kbps=0 rd_eagain/s=0 wr_eagain/s=0 rd_err/s=0 wr_err/s=0 sf_kbps=0 sf_eagain/s=0 sf_err/s=0-/home/dachuo/my_socket/src/Metrics.cpp:99
20260309 21:57:14.953315   8946 INFO    metrics active=0 accept/s=0 close/s=0 req/s=0 parse_err/s=0 in_kbps=0 out_kbps=0 rd_eagain/s=0 wr_eagain/s=0 rd_err/s=0 wr_err/s=0 sf_kbps=0 sf_eagain/s=0 sf_err/s=0-/home/dachuo/my_socket/src/Metrics.cpp:99
20260309 21:57:15.954582   8946 INFO    metrics active=0 accept/s=0 close/s=0 req/s=0 parse_err/s=0 in_kbps=0 out_kbps=0 rd_eagain/s=0 wr_eagain/s=0 rd_err/s=0 wr_err/s=0 sf_kbps=0 sf_eagain/s=0 sf_err/s=0-/home/dachuo/my_socket/src/Metrics.cpp:99
20260309 21:57:16.955506   8946 INFO    metrics active=0 accept/s=0 close/s=0 req/s=0 parse_err/s=0 in_kbps=0 out_kbps=0 rd_eagain/s=0 wr_eagain/s=0 rd_err/s=0 wr_err/s=0 sf_kbps=0 sf_eagain/s=0 sf_err/s=0-/home/dachuo/my_socket/src/Metrics.cpp:99
20260309 21:57:17.955849   8946 INFO    metrics active=0 accept/s=0 close/s=0 req/s=0 parse_err/s=0 in_kbps=0 out_kbps=0 rd_eagain/s=0 wr_eagain/s=0 rd_err/s=0 wr_err/s=0 sf_kbps=0 sf_eagain/s=0 sf_err/s=0-/home/dachuo/my_socket/src/Metrics.cpp:99
20260309 21:57:18.956945   8946 INFO    metrics active=0 accept/s=0 close/s=0 req/s=0 parse_err/s=0 in_kbps=0 out_kbps=0 rd_eagain/s=0 wr_eagain/s=0 rd_err/s=0 wr_err/s=0 sf_kbps=0 sf_eagain/s=0 sf_err/s=0-/home/dachuo/my_socket/src/Metrics.cpp:99
20260309 21:57:19.957675   8946 INFO    metrics active=0 accept/s=0 close/s=0 req/s=0 parse_err/s=0 in_kbps=0 out_kbps=0 rd_eagain/s=0 wr_eagain/s=0 rd_err/s=0 wr_err/s=0 sf_kbps=0 sf_eagain/s=0 sf_err/s=0-/home/dachuo/my_socket/src/Metrics.cpp:99
20260309 21:57:20.958057   8946 INFO    metrics active=0 accept/s=0 close/s=0 req/s=0 parse_err/s=0 in_kbps=0 out_kbps=0 rd_eagain/s=0 wr_eagain/s=0 rd_err/s=0 wr_err/s=0 sf_kbps=0 sf_eagain/s=0 sf_err/s=0-/home/dachuo/my_socket/src/Metrics.cpp:99
20260309 21:57:21.958822   8946 INFO    metrics active=0 accept/s=0 close/s=0 req/s=0 parse_err/s=0 in_kbps=0 out_kbps=0 rd_eagain/s=0 wr_eagain/s=0 rd_err/s=0 wr_err/s=0 sf_kbps=0 sf_eagain/s=0 sf_err/s=0-/home/dachuo/my_socket/src/Metrics.cpp:99
20260309 21:57:22.959148   8946 INFO    metrics active=0 accept/s=0 close/s=0 req/s=0 parse_err/s=0 in_kbps=0 out_kbps=0 rd_eagain/s=0 wr_eagain/s=0 rd_err/s=0 wr_err/s=0 sf_kbps=0 sf_eagain/s=0 sf_err/s=0-/home/dachuo/my_socket/src/Metrics.cpp:99
20260309 21:57:23.960110   8946 INFO    metrics active=0 accept/s=0 close/s=0 req/s=0 parse_err/s=0 in_kbps=0 out_kbps=0 rd_eagain/s=0 wr_eagain/s=0 rd_err/s=0 wr_err/s=0 sf_kbps=0 sf_eagain/s=0 sf_err/s=0-/home/dachuo/my_socket/src/Metrics.cpp:99
20260309 21:57:24.961220   8946 INFO    metrics active=0 accept/s=0 close/s=0 req/s=0 parse_err/s=0 in_kbps=0 out_kbps=0 rd_eagain/s=0 wr_eagain/s=0 rd_err/s=0 wr_err/s=0 sf_kbps=0 sf_eagain/s=0 sf_err/s=0-/home/dachuo/my_socket/src/Metrics.cpp:99
20260309 21:57:25.962248   8946 INFO    metrics active=0 accept/s=0 close/s=0 req/s=0 parse_err/s=0 in_kbps=0 out_kbps=0 rd_eagain/s=0 wr_eagain/s=0 rd_err/s=0 wr_err/s=0 sf_kbps=0 sf_eagain/s=0 sf_err/s=0-/home/dachuo/my_socket/src/Metrics.cpp:99
20260309 21:57:26.962580   8946 INFO    metrics active=0 accept/s=0 close/s=0 req/s=0 parse_err/s=0 in_kbps=0 out_kbps=0 rd_eagain/s=0 wr_eagain/s=0 rd_err/s=0 wr_err/s=0 sf_kbps=0 sf_eagain/s=0 sf_err/s=0-/home/dachuo/my_socket/src/Metrics.cpp:99
20260309 21:57:27.962893   8946 INFO    metrics active=0 accept/s=0 close/s=0 req/s=0 parse_err/s=0 in_kbps=0 out_kbps=0 rd_eagain/s=0 wr_eagain/s=0 rd_err/s=0 wr_err/s=0 sf_kbps=0 sf_eagain/s=0 sf_err/s=0-/home/dachuo/my_socket/src/Metrics.cpp:99
20260309 21:57:28.963639   8946 INFO    metrics active=0 accept/s=0 close/s=0 req/s=0 parse_err/s=0 in_kbps=0 out_kbps=0 rd_eagain/s=0 wr_eagain/s=0 rd_err/s=0 wr_err/s=0 sf_kbps=0 sf_eagain/s=0 sf_err/s=0-/home/dachuo/my_socket/src/Metrics.cpp:99
20260309 21:57:29.964588   8946 INFO    metrics active=0 accept/s=0 close/s=0 req/s=0 parse_err/s=0 in_kbps=0 out_kbps=0 rd_eagain/s=0 wr_eagain/s=0 rd_err/s=0 wr_err/s=0 sf_kbps=0 sf_eagain/s=0 sf_err/s=0-/home/dachuo/my_socket/src/Metrics.cpp:99
20260309 21:57:30.965302   8946 INFO    metrics active=0 accept/s=0 close/s=0 req/s=0 parse_err/s=0 in_kbps=0 out_kbps=0 rd_eagain/s=0 wr_eagain/s=0 rd_err/s=0 wr_err/s=0 sf_kbps=0 sf_eagain/s=0 sf_err/s=0-/home/dachuo/my_socket/src/Metrics.cpp:99
20260309 21:57:31.966461   8946 INFO    metrics active=0 accept/s=0 close/s=0 req/s=0 parse_err/s=0 in_kbps=0 out_kbps=0 rd_eagain/s=0 wr_eagain/s=0 rd_err/s=0 wr_err/s=0 sf_kbps=0 sf_eagain/s=0 sf_err/s=0-/home/dachuo/my_socket/src/Metrics.cpp:99
20260309 21:57:32.967229   8946 INFO    metrics active=0 accept/s=0 close/s=0 req/s=0 parse_err/s=0 in_kbps=0 out_kbps=0 rd_eagain/s=0 wr_eagain/s=0 rd_err/s=0 wr_err/s=0 sf_kbps=0 sf_eagain/s=0 sf_err/s=0-/home/dachuo/my_socket/src/Metrics.cpp:99
20260309 21:57:33.968028   8946 INFO    metrics active=0 accept/s=0 close/s=0 req/s=0 parse_err/s=0 in_kbps=0 out_kbps=0 rd_eagain/s=0 wr_eagain/s=0 rd_err/s=0 wr_err/s=0 sf_kbps=0 sf_eagain/s=0 sf_err/s=0-/home/dachuo/my_socket/src/Metrics.cpp:99
20260309 21:57:34.969061   8946 INFO    metrics active=0 accept/s=0 close/s=0 req/s=0 parse_err/s=0 in_kbps=0 out_kbps=0 rd_eagain/s=0 wr_eagain/s=0 rd_err/s=0 wr_err/s=0 sf_kbps=0 sf_eagain/s=0 sf_err/s=0-/home/dachuo/my_socket/src/Metrics.cpp:99
20260309 21:57:35.969870   8946 INFO    metrics active=0 accept/s=0 close/s=0 req/s=0 parse_err/s=0 in_kbps=0 out_kbps=0 rd_eagain/s=0 wr_eagain/s=0 rd_err/s=0 wr_err/s=0 sf_kbps=0 sf_eagain/s=0 sf_err/s=0-/home/dachuo/my_socket/src/Metrics.cpp:99
20260309 21:57:36.971020   8946 INFO    metrics active=0 accept/s=0 close/s=0 req/s=0 parse_err/s=0 in_kbps=0 out_kbps=0 rd_eagain/s=0 wr_eagain/s=0 rd_err/s=0 wr_err/s=0 sf_kbps=0 sf_eagain/s=0 sf_err/s=0-/home/dachuo/my_socket/src/Metrics.cpp:99
20260309 21:57:37.971429   8946 INFO    metrics active=0 accept/s=0 close/s=0 req/s=0 parse_err/s=0 in_kbps=0 out_kbps=0 rd_eagain/s=0 wr_eagain/s=0 rd_err/s=0 wr_err/s=0 sf_kbps=0 sf_eagain/s=0 sf_err/s=0-/home/dachuo/my_socket/src/Metrics.cpp:99
20260309 21:57:38.972624   8946 INFO    metrics active=0 accept/s=0 close/s=0 req/s=0 parse_err/s=0 in_kbps=0 out_kbps=0 rd_eagain/s=0 wr_eagain/s=0 rd_err/s=0 wr_err/s=0 sf_kbps=0 sf_eagain/s=0 sf_err/s=0-/home/dachuo/my_socket/src/Metrics.cpp:99
20260309 21:57:39.973372   8946 INFO    metrics active=0 accept/s=0 close/s=0 req/s=0 parse_err/s=0 in_kbps=0 out_kbps=0 rd_eagain/s=0 wr_eagain/s=0 rd_err/s=0 wr_err/s=0 sf_kbps=0 sf_eagain/s=0 sf_err/s=0-/home/dachuo/my_socket/src/Metrics.cpp:99
20260309 21:57:40.988519   8946 INFO    metrics active=0 accept/s=0 close/s=0 req/s=0 parse_err/s=0 in_kbps=0 out_kbps=0 rd_eagain/s=0 wr_eagain/s=0 rd_err/s=0 wr_err/s=0 sf_kbps=0 sf_eagain/s=0 sf_err/s=0-/home/dachuo/my_socket/src/Metrics.cpp:99
20260309 21:57:41.989200   8946 INFO    metrics active=0 accept/s=0 close/s=0 req/s=0 parse_err/s=0 in_kbps=0 out_kbps=0 rd_eagain/s=0 wr_eagain/s=0 rd_err/s=0 wr_err/s=0 sf_kbps=0 sf_eagain/s=0 sf_err/s=0-/home/dachuo/my_socket/src/Metrics.cpp:99
20260309 21:57:42.989797   8946 INFO    metrics active=0 accept/s=0 close/s=0 req/s=0 parse_err/s=0 in_kbps=0 out_kbps=0 rd_eagain/s=0 wr_eagain/s=0 rd_err/s=0 wr_err/s=0 sf_kbps=0 sf_eagain/s=0 sf_err/s=0-/home/dachuo/my_socket/src/Metrics.cpp:99
20260309 21:57:43.990241   8946 INFO    metrics active=0 accept/s=0 close/s=0 req/s=0 parse_err/s=0 in_kbps=0 out_kbps=0 rd_eagain/s=0 wr_eagain/s=0 rd_err/s=0 wr_err/s=0 sf_kbps=0 sf_eagain/s=0 sf_err/s=0-/home/dachuo/my_socket/src/Metrics.cpp:99
20260309 21:57:44.991423   8946 INFO    metrics active=0 accept/s=0 close/s=0 req/s=0 parse_err/s=0 in_kbps=0 out_kbps=0 rd_eagain/s=0 wr_eagain/s=0 rd_err/s=0 wr_err/s=0 sf_kbps=0 sf_eagain/s=0 sf_err/s=0-/home/dachuo/my_socket/src/Metrics.cpp:99
20260309 21:57:45.992133   8946 INFO    metrics active=0 accept/s=0 close/s=0 req/s=0 parse_err/s=0 in_kbps=0 out_kbps=0 rd_eagain/s=0 wr_eagain/s=0 rd_err/s=0 wr_err/s=0 sf_kbps=0 sf_eagain/s=0 sf_err/s=0-/home/dachuo/my_socket/src/Metrics.cpp:99
20260309 21:57:46.992992   8946 INFO    metrics active=0 accept/s=0 close/s=0 req/s=0 parse_err/s=0 in_kbps=0 out_kbps=0 rd_eagain/s=0 wr_eagain/s=0 rd_err/s=0 wr_err/s=0 sf_kbps=0 sf_eagain/s=0 sf_err/s=0-/home/dachuo/my_socket/src/Metrics.cpp:99
20260309 21:57:47.993430   8946 INFO    metrics active=0 accept/s=0 close/s=0 req/s=0 parse_err/s=0 in_kbps=0 out_kbps=0 rd_eagain/s=0 wr_eagain/s=0 rd_err/s=0 wr_err/s=0 sf_kbps=0 sf_eagain/s=0 sf_err/s=0-/home/dachuo/my_socket/src/Metrics.cpp:99
20260309 21:57:48.994299   8946 INFO    metrics active=0 accept/s=0 close/s=0 req/s=0 parse_err/s=0 in_kbps=0 out_kbps=0 rd_eagain/s=0 wr_eagain/s=0 rd_err/s=0 wr_err/s=0 sf_kbps=0 sf_eagain/s=0 sf_err/s=0-/home/dachuo/my_socket/src/Metrics.cpp:99
20260309 21:57:49.995282   8946 INFO    metrics active=0 accept/s=0 close/s=0 req/s=0 parse_err/s=0 in_kbps=0 out_kbps=0 rd_eagain/s=0 wr_eagain/s=0 rd_err/s=0 wr_err/s=0 sf_kbps=0 sf_eagain/s=0 sf_err/s=0-/home/dachuo/my_socket/src/Metrics.cpp:99
20260309 21:57:50.995917   8946 INFO    metrics active=0 accept/s=0 close/s=0 req/s=0 parse_err/s=0 in_kbps=0 out_kbps=0 rd_eagain/s=0 wr_eagain/s=0 rd_err/s=0 wr_err/s=0 sf_kbps=0 sf_eagain/s=0 sf_err/s=0-/home/dachuo/my_socket/src/Metrics.cpp:99
20260309 21:57:51.996900   8946 INFO    metrics active=0 accept/s=0 close/s=0 req/s=0 parse_err/s=0 in_kbps=0 out_kbps=0 rd_eagain/s=0 wr_eagain/s=0 rd_err/s=0 wr_err/s=0 sf_kbps=0 sf_eagain/s=0 sf_err/s=0-/home/dachuo/my_socket/src/Metrics.cpp:99
20260309 21:57:52.997566   8946 INFO    metrics active=0 accept/s=0 close/s=0 req/s=0 parse_err/s=0 in_kbps=0 out_kbps=0 rd_eagain/s=0 wr_eagain/s=0 rd_err/s=0 wr_err/s=0 sf_kbps=0 sf_eagain/s=0 sf_err/s=0-/home/dachuo/my_socket/src/Metrics.cpp:99
20260309 21:57:53.998488   8946 INFO    metrics active=0 accept/s=0 close/s=0 req/s=0 parse_err/s=0 in_kbps=0 out_kbps=0 rd_eagain/s=0 wr_eagain/s=0 rd_err/s=0 wr_err/s=0 sf_kbps=0 sf_eagain/s=0 sf_err/s=0-/home/dachuo/my_socket/src/Metrics.cpp:99
20260309 21:57:54.999296   8946 INFO    metrics active=0 accept/s=0 close/s=0 req/s=0 parse_err/s=0 in_kbps=0 out_kbps=0 rd_eagain/s=0 wr_eagain/s=0 rd_err/s=0 wr_err/s=0 sf_kbps=0 sf_eagain/s=0 sf_err/s=0-/home/dachuo/my_socket/src/Metrics.cpp:99
20260309 21:57:55.999686   8946 INFO    metrics active=0 accept/s=0 close/s=0 req/s=0 parse_err/s=0 in_kbps=0 out_kbps=0 rd_eagain/s=0 wr_eagain/s=0 rd_err/s=0 wr_err/s=0 sf_kbps=0 sf_eagain/s=0 sf_err/s=0-/home/dachuo/my_socket/src/Metrics.cpp:99
20260309 21:57:57.000278   8946 INFO    metrics active=0 accept/s=0 close/s=0 req/s=0 parse_err/s=0 in_kbps=0 out_kbps=0 rd_eagain/s=0 wr_eagain/s=0 rd_err/s=0 wr_err/s=0 sf_kbps=0 sf_eagain/s=0 sf_err/s=0-/home/dachuo/my_socket/src/Metrics.cpp:99
20260309 21:57:58.001967   8946 INFO    metrics active=0 accept/s=0 close/s=0 req/s=0 parse_err/s=0 in_kbps=0 out_kbps=0 rd_eagain/s=0 wr_eagain/s=0 rd_err/s=0 wr_err/s=0 sf_kbps=0 sf_eagain/s=0 sf_err/s=0-/home/dachuo/my_socket/src/Metrics.cpp:99
20260309 21:57:59.002538   8946 INFO    metrics active=0 accept/s=0 close/s=0 req/s=0 parse_err/s=0 in_kbps=0 out_kbps=0 rd_eagain/s=0 wr_eagain/s=0 rd_err/s=0 wr_err/s=0 sf_kbps=0 sf_eagain/s=0 sf_err/s=0-/home/dachuo/my_socket/src/Metrics.cpp:99
20260309 21:58:00.003269   8946 INFO    metrics active=0 accept/s=0 close/s=0 req/s=0 parse_err/s=0 in_kbps=0 out_kbps=0 rd_eagain/s=0 wr_eagain/s=0 rd_err/s=0 wr_err/s=0 sf_kbps=0 sf_eagain/s=0 sf_err/s=0-/home/dachuo/my_socket/src/Metrics.cpp:99
20260309 21:58:01.003823   8946 INFO    metrics active=0 accept/s=0 close/s=0 req/s=0 parse_err/s=0 in_kbps=0 out_kbps=0 rd_eagain/s=0 wr_eagain/s=0 rd_err/s=0 wr_err/s=0 sf_kbps=0 sf_eagain/s=0 sf_err/s=0-/home/dachuo/my_socket/src/Metrics.cpp:99
20260309 21:58:02.004313   8946 INFO    metrics active=0 accept/s=0 close/s=0 req/s=0 parse_err/s=0 in_kbps=0 out_kbps=0 rd_eagain/s=0 wr_eagain/s=0 rd_err/s=0 wr_err/s=0 sf_kbps=0 sf_eagain/s=0 sf_err/s=0-/home/dachuo/my_socket/src/Metrics.cpp:99
20260309 21:58:03.005232   8946 INFO    metrics active=0 accept/s=0 close/s=0 req/s=0 parse_err/s=0 in_kbps=0 out_kbps=0 rd_eagain/s=0 wr_eagain/s=0 rd_err/s=0 wr_err/s=0 sf_kbps=0 sf_eagain/s=0 sf_err/s=0-/home/dachuo/my_socket/src/Metrics.cpp:99
20260309 21:58:04.005918   8946 INFO    metrics active=0 accept/s=0 close/s=0 req/s=0 parse_err/s=0 in_kbps=0 out_kbps=0 rd_eagain/s=0 wr_eagain/s=0 rd_err/s=0 wr_err/s=0 sf_kbps=0 sf_eagain/s=0 sf_err/s=0-/home/dachuo/my_socket/src/Metrics.cpp:99
20260309 21:58:05.007111   8946 INFO    metrics active=0 accept/s=0 close/s=0 req/s=0 parse_err/s=0 in_kbps=0 out_kbps=0 rd_eagain/s=0 wr_eagain/s=0 rd_err/s=0 wr_err/s=0 sf_kbps=0 sf_eagain/s=0 sf_err/s=0-/home/dachuo/my_socket/src/Metrics.cpp:99
20260309 21:58:06.007394   8946 INFO    metrics active=0 accept/s=0 close/s=0 req/s=0 parse_err/s=0 in_kbps=0 out_kbps=0 rd_eagain/s=0 wr_eagain/s=0 rd_err/s=0 wr_err/s=0 sf_kbps=0 sf_eagain/s=0 sf_err/s=0-/home/dachuo/my_socket/src/Metrics.cpp:99
20260309 21:58:07.008395   8946 INFO    metrics active=0 accept/s=0 close/s=0 req/s=0 parse_err/s=0 in_kbps=0 out_kbps=0 rd_eagain/s=0 wr_eagain/s=0 rd_err/s=0 wr_err/s=0 sf_kbps=0 sf_eagain/s=0 sf_err/s=0-/home/dachuo/my_socket/src/Metrics.cpp:99
20260309 21:58:08.009205   8946 INFO    metrics active=0 accept/s=0 close/s=0 req/s=0 parse_err/s=0 in_kbps=0 out_kbps=0 rd_eagain/s=0 wr_eagain/s=0 rd_err/s=0 wr_err/s=0 sf_kbps=0 sf_eagain/s=0 sf_err/s=0-/home/dachuo/my_socket/src/Metrics.cpp:99
20260309 21:58:09.009887   8946 INFO    metrics active=0 accept/s=0 close/s=0 req/s=0 parse_err/s=0 in_kbps=0 out_kbps=0 rd_eagain/s=0 wr_eagain/s=0 rd_err/s=0 wr_err/s=0 sf_kbps=0 sf_eagain/s=0 sf_err/s=0-/home/dachuo/my_socket/src/Metrics.cpp:99
20260309 21:58:10.010598   8946 INFO    metrics active=0 accept/s=0 close/s=0 req/s=0 parse_err/s=0 in_kbps=0 out_kbps=0 rd_eagain/s=0 wr_eagain/s=0 rd_err/s=0 wr_err/s=0 sf_kbps=0 sf_eagain/s=0 sf_err/s=0-/home/dachuo/my_socket/src/Metrics.cpp:99
20260309 21:58:11.011281   8946 INFO    metrics active=0 accept/s=0 close/s=0 req/s=0 parse_err/s=0 in_kbps=0 out_kbps=0 rd_eagain/s=0 wr_eagain/s=0 rd_err/s=0 wr_err/s=0 sf_kbps=0 sf_eagain/s=0 sf_err/s=0-/home/dachuo/my_socket/src/Metrics.cpp:99
20260309 21:58:12.012128   8946 INFO    metrics active=0 accept/s=0 close/s=0 req/s=0 parse_err/s=0 in_kbps=0 out_kbps=0 rd_eagain/s=0 wr_eagain/s=0 rd_err/s=0 wr_err/s=0 sf_kbps=0 sf_eagain/s=0 sf_err/s=0-/home/dachuo/my_socket/src/Metrics.cpp:99
20260309 21:58:13.012908   8946 INFO    metrics active=0 accept/s=0 close/s=0 req/s=0 parse_err/s=0 in_kbps=0 out_kbps=0 rd_eagain/s=0 wr_eagain/s=0 rd_err/s=0 wr_err/s=0 sf_kbps=0 sf_eagain/s=0 sf_err/s=0-/home/dachuo/my_socket/src/Metrics.cpp:99
20260309 21:58:14.013248   8946 INFO    metrics active=0 accept/s=0 close/s=0 req/s=0 parse_err/s=0 in_kbps=0 out_kbps=0 rd_eagain/s=0 wr_eagain/s=0 rd_err/s=0 wr_err/s=0 sf_kbps=0 sf_eagain/s=0 sf_err/s=0-/home/dachuo/my_socket/src/Metrics.cpp:99
20260309 21:58:15.014285   8946 INFO    metrics active=0 accept/s=0 close/s=0 req/s=0 parse_err/s=0 in_kbps=0 out_kbps=0 rd_eagain/s=0 wr_eagain/s=0 rd_err/s=0 wr_err/s=0 sf_kbps=0 sf_eagain/s=0 sf_err/s=0-/home/dachuo/my_socket/src/Metrics.cpp:99
20260309 21:58:16.014989   8946 INFO    metrics active=0 accept/s=0 close/s=0 req/s=0 parse_err/s=0 in_kbps=0 out_kbps=0 rd_eagain/s=0 wr_eagain/s=0 rd_err/s=0 wr_err/s=0 sf_kbps=0 sf_eagain/s=0 sf_err/s=0-/home/dachuo/my_socket/src/Metrics.cpp:99
20260309 21:58:17.015927   8946 INFO    metrics active=0 accept/s=0 close/s=0 req/s=0 parse_err/s=0 in_kbps=0 out_kbps=0 rd_eagain/s=0 wr_eagain/s=0 rd_err/s=0 wr_err/s=0 sf_kbps=0 sf_eagain/s=0 sf_err/s=0-/home/dachuo/my_socket/src/Metrics.cpp:99
20260309 21:58:18.016361   8946 INFO    metrics active=0 accept/s=0 close/s=0 req/s=0 parse_err/s=0 in_kbps=0 out_kbps=0 rd_eagain/s=0 wr_eagain/s=0 rd_err/s=0 wr_err/s=0 sf_kbps=0 sf_eagain/s=0 sf_err/s=0-/home/dachuo/my_socket/src/Metrics.cpp:99
20260309 21:58:19.016726   8946 INFO    metrics active=0 accept/s=0 close/s=0 req/s=0 parse_err/s=0 in_kbps=0 out_kbps=0 rd_eagain/s=0 wr_eagain/s=0 rd_err/s=0 wr_err/s=0 sf_kbps=0 sf_eagain/s=0 sf_err/s=0-/home/dachuo/my_socket/src/Metrics.cpp:99
20260309 21:58:20.017855   8946 INFO    metrics active=0 accept/s=0 close/s=0 req/s=0 parse_err/s=0 in_kbps=0 out_kbps=0 rd_eagain/s=0 wr_eagain/s=0 rd_err/s=0 wr_err/s=0 sf_kbps=0 sf_eagain/s=0 sf_err/s=0-/home/dachuo/my_socket/src/Metrics.cpp:99
20260309 21:58:21.018528   8946 INFO    metrics active=0 accept/s=0 close/s=0 req/s=0 parse_err/s=0 in_kbps=0 out_kbps=0 rd_eagain/s=0 wr_eagain/s=0 rd_err/s=0 wr_err/s=0 sf_kbps=0 sf_eagain/s=0 sf_err/s=0-/home/dachuo/my_socket/src/Metrics.cpp:99
20260309 21:58:22.019184   8946 INFO    metrics active=0 accept/s=0 close/s=0 req/s=0 parse_err/s=0 in_kbps=0 out_kbps=0 rd_eagain/s=0 wr_eagain/s=0 rd_err/s=0 wr_err/s=0 sf_kbps=0 sf_eagain/s=0 sf_err/s=0-/home/dachuo/my_socket/src/Metrics.cpp:99
20260309 21:58:23.020001   8946 INFO    metrics active=0 accept/s=0 close/s=0 req/s=0 parse_err/s=0 in_kbps=0 out_kbps=0 rd_eagain/s=0 wr_eagain/s=0 rd_err/s=0 wr_err/s=0 sf_kbps=0 sf_eagain/s=0 sf_err/s=0-/home/dachuo/my_socket/src/Metrics.cpp:99
20260309 21:58:24.020295   8946 INFO    metrics active=0 accept/s=0 close/s=0 req/s=0 parse_err/s=0 in_kbps=0 out_kbps=0 rd_eagain/s=0 wr_eagain/s=0 rd_err/s=0 wr_err/s=0 sf_kbps=0 sf_eagain/s=0 sf_err/s=0-/home/dachuo/my_socket/src/Metrics.cpp:99
20260309 21:58:25.021175   8946 INFO    metrics active=0 accept/s=0 close/s=0 req/s=0 parse_err/s=0 in_kbps=0 out_kbps=0 rd_eagain/s=0 wr_eagain/s=0 rd_err/s=0 wr_err/s=0 sf_kbps=0 sf_eagain/s=0 sf_err/s=0-/home/dachuo/my_socket/src/Metrics.cpp:99
20260309 21:58:26.021969   8946 INFO    metrics active=0 accept/s=0 close/s=0 req/s=0 parse_err/s=0 in_kbps=0 out_kbps=0 rd_eagain/s=0 wr_eagain/s=0 rd_err/s=0 wr_err/s=0 sf_kbps=0 sf_eagain/s=0 sf_err/s=0-/home/dachuo/my_socket/src/Metrics.cpp:99
20260309 21:58:27.022179   8946 INFO    metrics active=0 accept/s=0 close/s=0 req/s=0 parse_err/s=0 in_kbps=0 out_kbps=0 rd_eagain/s=0 wr_eagain/s=0 rd_err/s=0 wr_err/s=0 sf_kbps=0 sf_eagain/s=0 sf_err/s=0-/home/dachuo/my_socket/src/Metrics.cpp:99
20260309 21:58:28.022811   8946 INFO    metrics active=0 accept/s=0 close/s=0 req/s=0 parse_err/s=0 in_kbps=0 out_kbps=0 rd_eagain/s=0 wr_eagain/s=0 rd_err/s=0 wr_err/s=0 sf_kbps=0 sf_eagain/s=0 sf_err/s=0-/home/dachuo/my_socket/src/Metrics.cpp:99
20260309 21:58:29.023698   8946 INFO    metrics active=0 accept/s=0 close/s=0 req/s=0 parse_err/s=0 in_kbps=0 out_kbps=0 rd_eagain/s=0 wr_eagain/s=0 rd_err/s=0 wr_err/s=0 sf_kbps=0 sf_eagain/s=0 sf_err/s=0-/home/dachuo/my_socket/src/Metrics.cpp:99
20260309 21:58:30.024440   8946 INFO    metrics active=0 accept/s=0 close/s=0 req/s=0 parse_err/s=0 in_kbps=0 out_kbps=0 rd_eagain/s=0 wr_eagain/s=0 rd_err/s=0 wr_err/s=0 sf_kbps=0 sf_eagain/s=0 sf_err/s=0-/home/dachuo/my_socket/src/Metrics.cpp:99
20260309 21:58:31.025204   8946 INFO    metrics active=0 accept/s=0 close/s=0 req/s=0 parse_err/s=0 in_kbps=0 out_kbps=0 rd_eagain/s=0 wr_eagain/s=0 rd_err/s=0 wr_err/s=0 sf_kbps=0 sf_eagain/s=0 sf_err/s=0-/home/dachuo/my_socket/src/Metrics.cpp:99
20260309 21:58:32.025681   8946 INFO    metrics active=0 accept/s=0 close/s=0 req/s=0 parse_err/s=0 in_kbps=0 out_kbps=0 rd_eagain/s=0 wr_eagain/s=0 rd_err/s=0 wr_err/s=0 sf_kbps=0 sf_eagain/s=0 sf_err/s=0-/home/dachuo/my_socket/src/Metrics.cpp:99
20260309 21:58:33.026224   8946 INFO    metrics active=0 accept/s=0 close/s=0 req/s=0 parse_err/s=0 in_kbps=0 out_kbps=0 rd_eagain/s=0 wr_eagain/s=0 rd_err/s=0 wr_err/s=0 sf_kbps=0 sf_eagain/s=0 sf_err/s=0-/home/dachuo/my_socket/src/Metrics.cpp:99
20260309 21:58:34.026976   8946 INFO    metrics active=0 accept/s=0 close/s=0 req/s=0 parse_err/s=0 in_kbps=0 out_kbps=0 rd_eagain/s=0 wr_eagain/s=0 rd_err/s=0 wr_err/s=0 sf_kbps=0 sf_eagain/s=0 sf_err/s=0-/home/dachuo/my_socket/src/Metrics.cpp:99
20260309 21:58:35.027922   8946 INFO    metrics active=0 accept/s=0 close/s=0 req/s=0 parse_err/s=0 in_kbps=0 out_kbps=0 rd_eagain/s=0 wr_eagain/s=0 rd_err/s=0 wr_err/s=0 sf_kbps=0 sf_eagain/s=0 sf_err/s=0-/home/dachuo/my_socket/src/Metrics.cpp:99
20260309 21:58:36.029112   8946 INFO    metrics active=0 accept/s=0 close/s=0 req/s=0 parse_err/s=0 in_kbps=0 out_kbps=0 rd_eagain/s=0 wr_eagain/s=0 rd_err/s=0 wr_err/s=0 sf_kbps=0 sf_eagain/s=0 sf_err/s=0-/home/dachuo/my_socket/src/Metrics.cpp:99
20260309 21:58:37.029569   8946 INFO    metrics active=0 accept/s=0 close/s=0 req/s=0 parse_err/s=0 in_kbps=0 out_kbps=0 rd_eagain/s=0 wr_eagain/s=0 rd_err/s=0 wr_err/s=0 sf_kbps=0 sf_eagain/s=0 sf_err/s=0-/home/dachuo/my_socket/src/Metrics.cpp:99
20260309 21:58:38.030315   8946 INFO    metrics active=0 accept/s=0 close/s=0 req/s=0 parse_err/s=0 in_kbps=0 out_kbps=0 rd_eagain/s=0 wr_eagain/s=0 rd_err/s=0 wr_err/s=0 sf_kbps=0 sf_eagain/s=0 sf_err/s=0-/home/dachuo/my_socket/src/Metrics.cpp:99
20260309 21:58:39.031396   8946 INFO    metrics active=0 accept/s=0 close/s=0 req/s=0 parse_err/s=0 in_kbps=0 out_kbps=0 rd_eagain/s=0 wr_eagain/s=0 rd_err/s=0 wr_err/s=0 sf_kbps=0 sf_eagain/s=0 sf_err/s=0-/home/dachuo/my_socket/src/Metrics.cpp:99
20260309 21:58:40.031972   8946 INFO    metrics active=0 accept/s=0 close/s=0 req/s=0 parse_err/s=0 in_kbps=0 out_kbps=0 rd_eagain/s=0 wr_eagain/s=0 rd_err/s=0 wr_err/s=0 sf_kbps=0 sf_eagain/s=0 sf_err/s=0-/home/dachuo/my_socket/src/Metrics.cpp:99
20260309 21:58:41.032891   8946 INFO    metrics active=0 accept/s=0 close/s=0 req/s=0 parse_err/s=0 in_kbps=0 out_kbps=0 rd_eagain/s=0 wr_eagain/s=0 rd_err/s=0 wr_err/s=0 sf_kbps=0 sf_eagain/s=0 sf_err/s=0-/home/dachuo/my_socket/src/Metrics.cpp:99
20260309 21:58:42.033895   8946 INFO    metrics active=0 accept/s=0 close/s=0 req/s=0 parse_err/s=0 in_kbps=0 out_kbps=0 rd_eagain/s=0 wr_eagain/s=0 rd_err/s=0 wr_err/s=0 sf_kbps=0 sf_eagain/s=0 sf_err/s=0-/home/dachuo/my_socket/src/Metrics.cpp:99
20260309 21:58:43.035312   8946 INFO    metrics active=0 accept/s=0 close/s=0 req/s=0 parse_err/s=0 in_kbps=0 out_kbps=0 rd_eagain/s=0 wr_eagain/s=0 rd_err/s=0 wr_err/s=0 sf_kbps=0 sf_eagain/s=0 sf_err/s=0-/home/dachuo/my_socket/src/Metrics.cpp:99
20260309 21:58:44.035819   8946 INFO    metrics active=0 accept/s=0 close/s=0 req/s=0 parse_err/s=0 in_kbps=0 out_kbps=0 rd_eagain/s=0 wr_eagain/s=0 rd_err/s=0 wr_err/s=0 sf_kbps=0 sf_eagain/s=0 sf_err/s=0-/home/dachuo/my_socket/src/Metrics.cpp:99
20260309 21:58:45.036196   8946 INFO    metrics active=0 accept/s=0 close/s=0 req/s=0 parse_err/s=0 in_kbps=0 out_kbps=0 rd_eagain/s=0 wr_eagain/s=0 rd_err/s=0 wr_err/s=0 sf_kbps=0 sf_eagain/s=0 sf_err/s=0-/home/dachuo/my_socket/src/Metrics.cpp:99
20260309 21:58:46.037164   8946 INFO    metrics active=0 accept/s=0 close/s=0 req/s=0 parse_err/s=0 in_kbps=0 out_kbps=0 rd_eagain/s=0 wr_eagain/s=0 rd_err/s=0 wr_err/s=0 sf_kbps=0 sf_eagain/s=0 sf_err/s=0-/home/dachuo/my_socket/src/Metrics.cpp:99
20260309 21:58:47.038181   8946 INFO    metrics active=0 accept/s=0 close/s=0 req/s=0 parse_err/s=0 in_kbps=0 out_kbps=0 rd_eagain/s=0 wr_eagain/s=0 rd_err/s=0 wr_err/s=0 sf_kbps=0 sf_eagain/s=0 sf_err/s=0-/home/dachuo/my_socket/src/Metrics.cpp:99
20260309 21:58:48.038418   8946 INFO    metrics active=0 accept/s=0 close/s=0 req/s=0 parse_err/s=0 in_kbps=0 out_kbps=0 rd_eagain/s=0 wr_eagain/s=0 rd_err/s=0 wr_err/s=0 sf_kbps=0 sf_eagain/s=0 sf_err/s=0-/home/dachuo/my_socket/src/Metrics.cpp:99
20260309 21:58:49.039040   8946 INFO    metrics active=0 accept/s=0 close/s=0 req/s=0 parse_err/s=0 in_kbps=0 out_kbps=0 rd_eagain/s=0 wr_eagain/s=0 rd_err/s=0 wr_err/s=0 sf_kbps=0 sf_eagain/s=0 sf_err/s=0-/home/dachuo/my_socket/src/Metrics.cpp:99
20260309 21:58:50.039774   8946 INFO    metrics active=0 accept/s=0 close/s=0 req/s=0 parse_err/s=0 in_kbps=0 out_kbps=0 rd_eagain/s=0 wr_eagain/s=0 rd_err/s=0 wr_err/s=0 sf_kbps=0 sf_eagain/s=0 sf_err/s=0-/home/dachuo/my_socket/src/Metrics.cpp:99
20260309 21:58:51.040394   8946 INFO    metrics active=0 accept/s=0 close/s=0 req/s=0 parse_err/s=0 in_kbps=0 out_kbps=0 rd_eagain/s=0 wr_eagain/s=0 rd_err/s=0 wr_err/s=0 sf_kbps=0 sf_eagain/s=0 sf_err/s=0-/home/dachuo/my_socket/src/Metrics.cpp:99
20260309 21:58:52.040979   8946 INFO    metrics active=0 accept/s=0 close/s=0 req/s=0 parse_err/s=0 in_kbps=0 out_kbps=0 rd_eagain/s=0 wr_eagain/s=0 rd_err/s=0 wr_err/s=0 sf_kbps=0 sf_eagain/s=0 sf_err/s=0-/home/dachuo/my_socket/src/Metrics.cpp:99
20260309 21:58:53.041444   8946 INFO    metrics active=0 accept/s=0 close/s=0 req/s=0 parse_err/s=0 in_kbps=0 out_kbps=0 rd_eagain/s=0 wr_eagain/s=0 rd_err/s=0 wr_err/s=0 sf_kbps=0 sf_eagain/s=0 sf_err/s=0-/home/dachuo/my_socket/src/Metrics.cpp:99
20260309 21:58:54.042284   8946 INFO    metrics active=0 accept/s=0 close/s=0 req/s=0 parse_err/s=0 in_kbps=0 out_kbps=0 rd_eagain/s=0 wr_eagain/s=0 rd_err/s=0 wr_err/s=0 sf_kbps=0 sf_eagain/s=0 sf_err/s=0-/home/dachuo/my_socket/src/Metrics.cpp:99
20260309 21:58:55.042999   8946 INFO    metrics active=0 accept/s=0 close/s=0 req/s=0 parse_err/s=0 in_kbps=0 out_kbps=0 rd_eagain/s=0 wr_eagain/s=0 rd_err/s=0 wr_err/s=0 sf_kbps=0 sf_eagain/s=0 sf_err/s=0-/home/dachuo/my_socket/src/Metrics.cpp:99
20260309 21:58:56.043489   8946 INFO    metrics active=0 accept/s=0 close/s=0 req/s=0 parse_err/s=0 in_kbps=0 out_kbps=0 rd_eagain/s=0 wr_eagain/s=0 rd_err/s=0 wr_err/s=0 sf_kbps=0 sf_eagain/s=0 sf_err/s=0-/home/dachuo/my_socket/src/Metrics.cpp:99
20260309 21:58:57.044597   8946 INFO    metrics active=0 accept/s=0 close/s=0 req/s=0 parse_err/s=0 in_kbps=0 out_kbps=0 rd_eagain/s=0 wr_eagain/s=0 rd_err/s=0 wr_err/s=0 sf_kbps=0 sf_eagain/s=0 sf_err/s=0-/home/dachuo/my_socket/src/Metrics.cpp:99
20260309 21:58:58.045516   8946 INFO    metrics active=0 accept/s=0 close/s=0 req/s=0 parse_err/s=0 in_kbps=0 out_kbps=0 rd_eagain/s=0 wr_eagain/s=0 rd_err/s=0 wr_err/s=0 sf_kbps=0 sf_eagain/s=0 sf_err/s=0-/home/dachuo/my_socket/src/Metrics.cpp:99
20260309 21:58:59.046289   8946 INFO    metrics active=0 accept/s=0 close/s=0 req/s=0 parse_err/s=0 in_kbps=0 out_kbps=0 rd_eagain/s=0 wr_eagain/s=0 rd_err/s=0 wr_err/s=0 sf_kbps=0 sf_eagain/s=0 sf_err/s=0-/home/dachuo/my_socket/src/Metrics.cpp:99
20260309 21:59:00.047399   8946 INFO    metrics active=0 accept/s=0 close/s=0 req/s=0 parse_err/s=0 in_kbps=0 out_kbps=0 rd_eagain/s=0 wr_eagain/s=0 rd_err/s=0 wr_err/s=0 sf_kbps=0 sf_eagain/s=0 sf_err/s=0-/home/dachuo/my_socket/src/Metrics.cpp:99
20260309 21:59:01.048000   8946 INFO    metrics active=0 accept/s=0 close/s=0 req/s=0 parse_err/s=0 in_kbps=0 out_kbps=0 rd_eagain/s=0 wr_eagain/s=0 rd_err/s=0 wr_err/s=0 sf_kbps=0 sf_eagain/s=0 sf_err/s=0-/home/dachuo/my_socket/src/Metrics.cpp:99
20260309 21:59:02.048258   8946 INFO    metrics active=0 accept/s=0 close/s=0 req/s=0 parse_err/s=0 in_kbps=0 out_kbps=0 rd_eagain/s=0 wr_eagain/s=0 rd_err/s=0 wr_err/s=0 sf_kbps=0 sf_eagain/s=0 sf_err/s=0-/home/dachuo/my_socket/src/Metrics.cpp:99
20260309 21:59:03.049351   8946 INFO    metrics active=0 accept/s=0 close/s=0 req/s=0 parse_err/s=0 in_kbps=0 out_kbps=0 rd_eagain/s=0 wr_eagain/s=0 rd_err/s=0 wr_err/s=0 sf_kbps=0 sf_eagain/s=0 sf_err/s=0-/home/dachuo/my_socket/src/Metrics.cpp:99
20260309 21:59:04.050581   8946 INFO    metrics active=0 accept/s=0 close/s=0 req/s=0 parse_err/s=0 in_kbps=0 out_kbps=0 rd_eagain/s=0 wr_eagain/s=0 rd_err/s=0 wr_err/s=0 sf_kbps=0 sf_eagain/s=0 sf_err/s=0-/home/dachuo/my_socket/src/Metrics.cpp:99
20260309 21:59:05.050859   8946 INFO    metrics active=0 accept/s=0 close/s=0 req/s=0 parse_err/s=0 in_kbps=0 out_kbps=0 rd_eagain/s=0 wr_eagain/s=0 rd_err/s=0 wr_err/s=0 sf_kbps=0 sf_eagain/s=0 sf_err/s=0-/home/dachuo/my_socket/src/Metrics.cpp:99
20260309 21:59:06.052375   8946 INFO    metrics active=0 accept/s=0 close/s=0 req/s=0 parse_err/s=0 in_kbps=0 out_kbps=0 rd_eagain/s=0 wr_eagain/s=0 rd_err/s=0 wr_err/s=0 sf_kbps=0 sf_eagain/s=0 sf_err/s=0-/home/dachuo/my_socket/src/Metrics.cpp:99
20260309 21:59:07.053026   8946 INFO    metrics active=0 accept/s=0 close/s=0 req/s=0 parse_err/s=0 in_kbps=0 out_kbps=0 rd_eagain/s=0 wr_eagain/s=0 rd_err/s=0 wr_err/s=0 sf_kbps=0 sf_eagain/s=0 sf_err/s=0-/home/dachuo/my_socket/src/Metrics.cpp:99
20260309 21:59:08.054154   8946 INFO    metrics active=0 accept/s=0 close/s=0 req/s=0 parse_err/s=0 in_kbps=0 out_kbps=0 rd_eagain/s=0 wr_eagain/s=0 rd_err/s=0 wr_err/s=0 sf_kbps=0 sf_eagain/s=0 sf_err/s=0-/home/dachuo/my_socket/src/Metrics.cpp:99
20260309 21:59:09.055272   8946 INFO    metrics active=0 accept/s=0 close/s=0 req/s=0 parse_err/s=0 in_kbps=0 out_kbps=0 rd_eagain/s=0 wr_eagain/s=0 rd_err/s=0 wr_err/s=0 sf_kbps=0 sf_eagain/s=0 sf_err/s=0-/home/dachuo/my_socket/src/Metrics.cpp:99
20260309 21:59:10.055861   8946 INFO    metrics active=0 accept/s=0 close/s=0 req/s=0 parse_err/s=0 in_kbps=0 out_kbps=0 rd_eagain/s=0 wr_eagain/s=0 rd_err/s=0 wr_err/s=0 sf_kbps=0 sf_eagain/s=0 sf_err/s=0-/home/dachuo/my_socket/src/Metrics.cpp:99
20260309 21:59:11.056602   8946 INFO    metrics active=0 accept/s=0 close/s=0 req/s=0 parse_err/s=0 in_kbps=0 out_kbps=0 rd_eagain/s=0 wr_eagain/s=0 rd_err/s=0 wr_err/s=0 sf_kbps=0 sf_eagain/s=0 sf_err/s=0-/home/dachuo/my_socket/src/Metrics.cpp:99
20260309 21:59:12.057096   8946 INFO    metrics active=0 accept/s=0 close/s=0 req/s=0 parse_err/s=0 in_kbps=0 out_kbps=0 rd_eagain/s=0 wr_eagain/s=0 rd_err/s=0 wr_err/s=0 sf_kbps=0 sf_eagain/s=0 sf_err/s=0-/home/dachuo/my_socket/src/Metrics.cpp:99
20260309 21:59:13.057561   8946 INFO    metrics active=0 accept/s=0 close/s=0 req/s=0 parse_err/s=0 in_kbps=0 out_kbps=0 rd_eagain/s=0 wr_eagain/s=0 rd_err/s=0 wr_err/s=0 sf_kbps=0 sf_eagain/s=0 sf_err/s=0-/home/dachuo/my_socket/src/Metrics.cpp:99
20260309 21:59:14.057961   8946 INFO    metrics active=0 accept/s=0 close/s=0 req/s=0 parse_err/s=0 in_kbps=0 out_kbps=0 rd_eagain/s=0 wr_eagain/s=0 rd_err/s=0 wr_err/s=0 sf_kbps=0 sf_eagain/s=0 sf_err/s=0-/home/dachuo/my_socket/src/Metrics.cpp:99
20260309 21:59:15.058365   8946 INFO    metrics active=0 accept/s=0 close/s=0 req/s=0 parse_err/s=0 in_kbps=0 out_kbps=0 rd_eagain/s=0 wr_eagain/s=0 rd_err/s=0 wr_err/s=0 sf_kbps=0 sf_eagain/s=0 sf_err/s=0-/home/dachuo/my_socket/src/Metrics.cpp:99
20260309 21:59:16.059042   8946 INFO    metrics active=0 accept/s=0 close/s=0 req/s=0 parse_err/s=0 in_kbps=0 out_kbps=0 rd_eagain/s=0 wr_eagain/s=0 rd_err/s=0 wr_err/s=0 sf_kbps=0 sf_eagain/s=0 sf_err/s=0-/home/dachuo/my_socket/src/Metrics.cpp:99
20260309 21:59:17.059490   8946 INFO    metrics active=0 accept/s=0 close/s=0 req/s=0 parse_err/s=0 in_kbps=0 out_kbps=0 rd_eagain/s=0 wr_eagain/s=0 rd_err/s=0 wr_err/s=0 sf_kbps=0 sf_eagain/s=0 sf_err/s=0-/home/dachuo/my_socket/src/Metrics.cpp:99
20260309 21:59:18.059935   8946 INFO    metrics active=0 accept/s=0 close/s=0 req/s=0 parse_err/s=0 in_kbps=0 out_kbps=0 rd_eagain/s=0 wr_eagain/s=0 rd_err/s=0 wr_err/s=0 sf_kbps=0 sf_eagain/s=0 sf_err/s=0-/home/dachuo/my_socket/src/Metrics.cpp:99
20260309 21:59:19.060837   8946 INFO    metrics active=0 accept/s=0 close/s=0 req/s=0 parse_err/s=0 in_kbps=0 out_kbps=0 rd_eagain/s=0 wr_eagain/s=0 rd_err/s=0 wr_err/s=0 sf_kbps=0 sf_eagain/s=0 sf_err/s=0-/home/dachuo/my_socket/src/Metrics.cpp:99
20260309 21:59:20.061978   8946 INFO    metrics active=0 accept/s=0 close/s=0 req/s=0 parse_err/s=0 in_kbps=0 out_kbps=0 rd_eagain/s=0 wr_eagain/s=0 rd_err/s=0 wr_err/s=0 sf_kbps=0 sf_eagain/s=0 sf_err/s=0-/home/dachuo/my_socket/src/Metrics.cpp:99
20260309 21:59:21.062500   8946 INFO    metrics active=0 accept/s=0 close/s=0 req/s=0 parse_err/s=0 in_kbps=0 out_kbps=0 rd_eagain/s=0 wr_eagain/s=0 rd_err/s=0 wr_err/s=0 sf_kbps=0 sf_eagain/s=0 sf_err/s=0-/home/dachuo/my_socket/src/Metrics.cpp:99
20260309 21:59:22.063355   8946 INFO    metrics active=0 accept/s=0 close/s=0 req/s=0 parse_err/s=0 in_kbps=0 out_kbps=0 rd_eagain/s=0 wr_eagain/s=0 rd_err/s=0 wr_err/s=0 sf_kbps=0 sf_eagain/s=0 sf_err/s=0-/home/dachuo/my_socket/src/Metrics.cpp:99
20260309 21:59:23.064846   8946 INFO    metrics active=0 accept/s=0 close/s=0 req/s=0 parse_err/s=0 in_kbps=0 out_kbps=0 rd_eagain/s=0 wr_eagain/s=0 rd_err/s=0 wr_err/s=0 sf_kbps=0 sf_eagain/s=0 sf_err/s=0-/home/dachuo/my_socket/src/Metrics.cpp:99
20260309 21:59:24.065207   8946 INFO    metrics active=0 accept/s=0 close/s=0 req/s=0 parse_err/s=0 in_kbps=0 out_kbps=0 rd_eagain/s=0 wr_eagain/s=0 rd_err/s=0 wr_err/s=0 sf_kbps=0 sf_eagain/s=0 sf_err/s=0-/home/dachuo/my_socket/src/Metrics.cpp:99
20260309 21:59:25.065904   8946 INFO    metrics active=0 accept/s=0 close/s=0 req/s=0 parse_err/s=0 in_kbps=0 out_kbps=0 rd_eagain/s=0 wr_eagain/s=0 rd_err/s=0 wr_err/s=0 sf_kbps=0 sf_eagain/s=0 sf_err/s=0-/home/dachuo/my_socket/src/Metrics.cpp:99
20260309 21:59:26.066706   8946 INFO    metrics active=0 accept/s=0 close/s=0 req/s=0 parse_err/s=0 in_kbps=0 out_kbps=0 rd_eagain/s=0 wr_eagain/s=0 rd_err/s=0 wr_err/s=0 sf_kbps=0 sf_eagain/s=0 sf_err/s=0-/home/dachuo/my_socket/src/Metrics.cpp:99
20260309 21:59:27.067290   8946 INFO    metrics active=0 accept/s=0 close/s=0 req/s=0 parse_err/s=0 in_kbps=0 out_kbps=0 rd_eagain/s=0 wr_eagain/s=0 rd_err/s=0 wr_err/s=0 sf_kbps=0 sf_eagain/s=0 sf_err/s=0-/home/dachuo/my_socket/src/Metrics.cpp:99
20260309 21:59:28.068454   8946 INFO    metrics active=0 accept/s=0 close/s=0 req/s=0 parse_err/s=0 in_kbps=0 out_kbps=0 rd_eagain/s=0 wr_eagain/s=0 rd_err/s=0 wr_err/s=0 sf_kbps=0 sf_eagain/s=0 sf_err/s=0-/home/dachuo/my_socket/src/Metrics.cpp:99
20260309 21:59:29.069353   8946 INFO    metrics active=0 accept/s=0 close/s=0 req/s=0 parse_err/s=0 in_kbps=0 out_kbps=0 rd_eagain/s=0 wr_eagain/s=0 rd_err/s=0 wr_err/s=0 sf_kbps=0 sf_eagain/s=0 sf_err/s=0-/home/dachuo/my_socket/src/Metrics.cpp:99
20260309 21:59:30.069768   8946 INFO    metrics active=0 accept/s=0 close/s=0 req/s=0 parse_err/s=0 in_kbps=0 out_kbps=0 rd_eagain/s=0 wr_eagain/s=0 rd_err/s=0 wr_err/s=0 sf_kbps=0 sf_eagain/s=0 sf_err/s=0-/home/dachuo/my_socket/src/Metrics.cpp:99
20260309 21:59:31.070913   8946 INFO    metrics active=0 accept/s=0 close/s=0 req/s=0 parse_err/s=0 in_kbps=0 out_kbps=0 rd_eagain/s=0 wr_eagain/s=0 rd_err/s=0 wr_err/s=0 sf_kbps=0 sf_eagain/s=0 sf_err/s=0-/home/dachuo/my_socket/src/Metrics.cpp:99
20260309 21:59:32.072050   8946 INFO    metrics active=0 accept/s=0 close/s=0 req/s=0 parse_err/s=0 in_kbps=0 out_kbps=0 rd_eagain/s=0 wr_eagain/s=0 rd_err/s=0 wr_err/s=0 sf_kbps=0 sf_eagain/s=0 sf_err/s=0-/home/dachuo/my_socket/src/Metrics.cpp:99
20260309 21:59:33.072943   8946 INFO    metrics active=0 accept/s=0 close/s=0 req/s=0 parse_err/s=0 in_kbps=0 out_kbps=0 rd_eagain/s=0 wr_eagain/s=0 rd_err/s=0 wr_err/s=0 sf_kbps=0 sf_eagain/s=0 sf_err/s=0-/home/dachuo/my_socket/src/Metrics.cpp:99
20260309 21:59:34.073236   8946 INFO    metrics active=0 accept/s=0 close/s=0 req/s=0 parse_err/s=0 in_kbps=0 out_kbps=0 rd_eagain/s=0 wr_eagain/s=0 rd_err/s=0 wr_err/s=0 sf_kbps=0 sf_eagain/s=0 sf_err/s=0-/home/dachuo/my_socket/src/Metrics.cpp:99
20260309 21:59:35.074221   8946 INFO    metrics active=0 accept/s=0 close/s=0 req/s=0 parse_err/s=0 in_kbps=0 out_kbps=0 rd_eagain/s=0 wr_eagain/s=0 rd_err/s=0 wr_err/s=0 sf_kbps=0 sf_eagain/s=0 sf_err/s=0-/home/dachuo/my_socket/src/Metrics.cpp:99
20260309 21:59:36.075349   8946 INFO    metrics active=0 accept/s=0 close/s=0 req/s=0 parse_err/s=0 in_kbps=0 out_kbps=0 rd_eagain/s=0 wr_eagain/s=0 rd_err/s=0 wr_err/s=0 sf_kbps=0 sf_eagain/s=0 sf_err/s=0-/home/dachuo/my_socket/src/Metrics.cpp:99
20260309 21:59:37.076536   8946 INFO    metrics active=0 accept/s=0 close/s=0 req/s=0 parse_err/s=0 in_kbps=0 out_kbps=0 rd_eagain/s=0 wr_eagain/s=0 rd_err/s=0 wr_err/s=0 sf_kbps=0 sf_eagain/s=0 sf_err/s=0-/home/dachuo/my_socket/src/Metrics.cpp:99
20260309 21:59:38.077333   8946 INFO    metrics active=0 accept/s=0 close/s=0 req/s=0 parse_err/s=0 in_kbps=0 out_kbps=0 rd_eagain/s=0 wr_eagain/s=0 rd_err/s=0 wr_err/s=0 sf_kbps=0 sf_eagain/s=0 sf_err/s=0-/home/dachuo/my_socket/src/Metrics.cpp:99
20260309 21:59:39.078193   8946 INFO    metrics active=0 accept/s=0 close/s=0 req/s=0 parse_err/s=0 in_kbps=0 out_kbps=0 rd_eagain/s=0 wr_eagain/s=0 rd_err/s=0 wr_err/s=0 sf_kbps=0 sf_eagain/s=0 sf_err/s=0-/home/dachuo/my_socket/src/Metrics.cpp:99
20260309 21:59:40.079144   8946 INFO    metrics active=0 accept/s=0 close/s=0 req/s=0 parse_err/s=0 in_kbps=0 out_kbps=0 rd_eagain/s=0 wr_eagain/s=0 rd_err/s=0 wr_err/s=0 sf_kbps=0 sf_eagain/s=0 sf_err/s=0-/home/dachuo/my_socket/src/Metrics.cpp:99
20260309 21:59:41.083971   8946 INFO    metrics active=0 accept/s=0 close/s=0 req/s=0 parse_err/s=0 in_kbps=0 out_kbps=0 rd_eagain/s=0 wr_eagain/s=0 rd_err/s=0 wr_err/s=0 sf_kbps=0 sf_eagain/s=0 sf_err/s=0-/home/dachuo/my_socket/src/Metrics.cpp:99
20260309 21:59:42.084534   8946 INFO    metrics active=0 accept/s=0 close/s=0 req/s=0 parse_err/s=0 in_kbps=0 out_kbps=0 rd_eagain/s=0 wr_eagain/s=0 rd_err/s=0 wr_err/s=0 sf_kbps=0 sf_eagain/s=0 sf_err/s=0-/home/dachuo/my_socket/src/Metrics.cpp:99
20260309 21:59:43.086056   8946 INFO    metrics active=0 accept/s=0 close/s=0 req/s=0 parse_err/s=0 in_kbps=0 out_kbps=0 rd_eagain/s=0 wr_eagain/s=0 rd_err/s=0 wr_err/s=0 sf_kbps=0 sf_eagain/s=0 sf_err/s=0-/home/dachuo/my_socket/src/Metrics.cpp:99
20260309 21:59:44.087282   8946 INFO    metrics active=0 accept/s=0 close/s=0 req/s=0 parse_err/s=0 in_kbps=0 out_kbps=0 rd_eagain/s=0 wr_eagain/s=0 rd_err/s=0 wr_err/s=0 sf_kbps=0 sf_eagain/s=0 sf_err/s=0-/home/dachuo/my_socket/src/Metrics.cpp:99
20260309 21:59:45.088250   8946 INFO    metrics active=0 accept/s=0 close/s=0 req/s=0 parse_err/s=0 in_kbps=0 out_kbps=0 rd_eagain/s=0 wr_eagain/s=0 rd_err/s=0 wr_err/s=0 sf_kbps=0 sf_eagain/s=0 sf_err/s=0-/home/dachuo/my_socket/src/Metrics.cpp:99
20260309 21:59:46.088925   8946 INFO    metrics active=0 accept/s=0 close/s=0 req/s=0 parse_err/s=0 in_kbps=0 out_kbps=0 rd_eagain/s=0 wr_eagain/s=0 rd_err/s=0 wr_err/s=0 sf_kbps=0 sf_eagain/s=0 sf_err/s=0-/home/dachuo/my_socket/src/Metrics.cpp:99
20260309 21:59:47.089123   8946 INFO    metrics active=0 accept/s=0 close/s=0 req/s=0 parse_err/s=0 in_kbps=0 out_kbps=0 rd_eagain/s=0 wr_eagain/s=0 rd_err/s=0 wr_err/s=0 sf_kbps=0 sf_eagain/s=0 sf_err/s=0-/home/dachuo/my_socket/src/Metrics.cpp:99
20260309 21:59:48.089618   8946 INFO    metrics active=0 accept/s=0 close/s=0 req/s=0 parse_err/s=0 in_kbps=0 out_kbps=0 rd_eagain/s=0 wr_eagain/s=0 rd_err/s=0 wr_err/s=0 sf_kbps=0 sf_eagain/s=0 sf_err/s=0-/home/dachuo/my_socket/src/Metrics.cpp:99
20260309 21:59:49.091126   8946 INFO    metrics active=0 accept/s=0 close/s=0 req/s=0 parse_err/s=0 in_kbps=0 out_kbps=0 rd_eagain/s=0 wr_eagain/s=0 rd_err/s=0 wr_err/s=0 sf_kbps=0 sf_eagain/s=0 sf_err/s=0-/home/dachuo/my_socket/src/Metrics.cpp:99
20260309 21:59:50.091502   8946 INFO    metrics active=0 accept/s=0 close/s=0 req/s=0 parse_err/s=0 in_kbps=0 out_kbps=0 rd_eagain/s=0 wr_eagain/s=0 rd_err/s=0 wr_err/s=0 sf_kbps=0 sf_eagain/s=0 sf_err/s=0-/home/dachuo/my_socket/src/Metrics.cpp:99
20260309 21:59:51.093171   8946 INFO    metrics active=0 accept/s=0 close/s=0 req/s=0 parse_err/s=0 in_kbps=0 out_kbps=0 rd_eagain/s=0 wr_eagain/s=0 rd_err/s=0 wr_err/s=0 sf_kbps=0 sf_eagain/s=0 sf_err/s=0-/home/dachuo/my_socket/src/Metrics.cpp:99
20260309 21:59:52.094000   8946 INFO    metrics active=0 accept/s=0 close/s=0 req/s=0 parse_err/s=0 in_kbps=0 out_kbps=0 rd_eagain/s=0 wr_eagain/s=0 rd_err/s=0 wr_err/s=0 sf_kbps=0 sf_eagain/s=0 sf_err/s=0-/home/dachuo/my_socket/src/Metrics.cpp:99
20260309 21:59:53.094279   8946 INFO    metrics active=0 accept/s=0 close/s=0 req/s=0 parse_err/s=0 in_kbps=0 out_kbps=0 rd_eagain/s=0 wr_eagain/s=0 rd_err/s=0 wr_err/s=0 sf_kbps=0 sf_eagain/s=0 sf_err/s=0-/home/dachuo/my_socket/src/Metrics.cpp:99
20260309 21:59:54.094524   8946 INFO    metrics active=0 accept/s=0 close/s=0 req/s=0 parse_err/s=0 in_kbps=0 out_kbps=0 rd_eagain/s=0 wr_eagain/s=0 rd_err/s=0 wr_err/s=0 sf_kbps=0 sf_eagain/s=0 sf_err/s=0-/home/dachuo/my_socket/src/Metrics.cpp:99
20260309 21:59:55.095161   8946 INFO    metrics active=0 accept/s=0 close/s=0 req/s=0 parse_err/s=0 in_kbps=0 out_kbps=0 rd_eagain/s=0 wr_eagain/s=0 rd_err/s=0 wr_err/s=0 sf_kbps=0 sf_eagain/s=0 sf_err/s=0-/home/dachuo/my_socket/src/Metrics.cpp:99
20260309 21:59:56.096250   8946 INFO    metrics active=0 accept/s=0 close/s=0 req/s=0 parse_err/s=0 in_kbps=0 out_kbps=0 rd_eagain/s=0 wr_eagain/s=0 rd_err/s=0 wr_err/s=0 sf_kbps=0 sf_eagain/s=0 sf_err/s=0-/home/dachuo/my_socket/src/Metrics.cpp:99
20260309 21:59:57.097003   8946 INFO    metrics active=0 accept/s=0 close/s=0 req/s=0 parse_err/s=0 in_kbps=0 out_kbps=0 rd_eagain/s=0 wr_eagain/s=0 rd_err/s=0 wr_err/s=0 sf_kbps=0 sf_eagain/s=0 sf_err/s=0-/home/dachuo/my_socket/src/Metrics.cpp:99
20260309 21:59:58.097542   8946 INFO    metrics active=0 accept/s=0 close/s=0 req/s=0 parse_err/s=0 in_kbps=0 out_kbps=0 rd_eagain/s=0 wr_eagain/s=0 rd_err/s=0 wr_err/s=0 sf_kbps=0 sf_eagain/s=0 sf_err/s=0-/home/dachuo/my_socket/src/Metrics.cpp:99
20260309 21:59:59.098126   8946 INFO    metrics active=0 accept/s=0 close/s=0 req/s=0 parse_err/s=0 in_kbps=0 out_kbps=0 rd_eagain/s=0 wr_eagain/s=0 rd_err/s=0 wr_err/s=0 sf_kbps=0 sf_eagain/s=0 sf_err/s=0-/home/dachuo/my_socket/src/Metrics.cpp:99
20260309 22:00:00.098786   8946 INFO    metrics active=0 accept/s=0 close/s=0 req/s=0 parse_err/s=0 in_kbps=0 out_kbps=0 rd_eagain/s=0 wr_eagain/s=0 rd_err/s=0 wr_err/s=0 sf_kbps=0 sf_eagain/s=0 sf_err/s=0-/home/dachuo/my_socket/src/Metrics.cpp:99
20260309 22:00:01.099886   8946 INFO    metrics active=0 accept/s=0 close/s=0 req/s=0 parse_err/s=0 in_kbps=0 out_kbps=0 rd_eagain/s=0 wr_eagain/s=0 rd_err/s=0 wr_err/s=0 sf_kbps=0 sf_eagain/s=0 sf_err/s=0-/home/dachuo/my_socket/src/Metrics.cpp:99
20260309 22:00:02.100859   8946 INFO    metrics active=0 accept/s=0 close/s=0 req/s=0 parse_err/s=0 in_kbps=0 out_kbps=0 rd_eagain/s=0 wr_eagain/s=0 rd_err/s=0 wr_err/s=0 sf_kbps=0 sf_eagain/s=0 sf_err/s=0-/home/dachuo/my_socket/src/Metrics.cpp:99
20260309 22:00:03.101877   8946 INFO    metrics active=0 accept/s=0 close/s=0 req/s=0 parse_err/s=0 in_kbps=0 out_kbps=0 rd_eagain/s=0 wr_eagain/s=0 rd_err/s=0 wr_err/s=0 sf_kbps=0 sf_eagain/s=0 sf_err/s=0-/home/dachuo/my_socket/src/Metrics.cpp:99
20260309 22:00:04.102419   8946 INFO    metrics active=0 accept/s=0 close/s=0 req/s=0 parse_err/s=0 in_kbps=0 out_kbps=0 rd_eagain/s=0 wr_eagain/s=0 rd_err/s=0 wr_err/s=0 sf_kbps=0 sf_eagain/s=0 sf_err/s=0-/home/dachuo/my_socket/src/Metrics.cpp:99
20260309 22:00:05.103679   8946 INFO    metrics active=0 accept/s=0 close/s=0 req/s=0 parse_err/s=0 in_kbps=0 out_kbps=0 rd_eagain/s=0 wr_eagain/s=0 rd_err/s=0 wr_err/s=0 sf_kbps=0 sf_eagain/s=0 sf_err/s=0-/home/dachuo/my_socket/src/Metrics.cpp:99
20260309 22:00:06.104137   8946 INFO    metrics active=0 accept/s=0 close/s=0 req/s=0 parse_err/s=0 in_kbps=0 out_kbps=0 rd_eagain/s=0 wr_eagain/s=0 rd_err/s=0 wr_err/s=0 sf_kbps=0 sf_eagain/s=0 sf_err/s=0-/home/dachuo/my_socket/src/Metrics.cpp:99
20260309 22:00:07.104535   8946 INFO    metrics active=0 accept/s=0 close/s=0 req/s=0 parse_err/s=0 in_kbps=0 out_kbps=0 rd_eagain/s=0 wr_eagain/s=0 rd_err/s=0 wr_err/s=0 sf_kbps=0 sf_eagain/s=0 sf_err/s=0-/home/dachuo/my_socket/src/Metrics.cpp:99
20260309 22:00:08.104786   8946 INFO    metrics active=0 accept/s=0 close/s=0 req/s=0 parse_err/s=0 in_kbps=0 out_kbps=0 rd_eagain/s=0 wr_eagain/s=0 rd_err/s=0 wr_err/s=0 sf_kbps=0 sf_eagain/s=0 sf_err/s=0-/home/dachuo/my_socket/src/Metrics.cpp:99
20260309 22:00:09.105292   8946 INFO    metrics active=0 accept/s=0 close/s=0 req/s=0 parse_err/s=0 in_kbps=0 out_kbps=0 rd_eagain/s=0 wr_eagain/s=0 rd_err/s=0 wr_err/s=0 sf_kbps=0 sf_eagain/s=0 sf_err/s=0-/home/dachuo/my_socket/src/Metrics.cpp:99
20260309 22:00:10.106779   8946 INFO    metrics active=0 accept/s=0 close/s=0 req/s=0 parse_err/s=0 in_kbps=0 out_kbps=0 rd_eagain/s=0 wr_eagain/s=0 rd_err/s=0 wr_err/s=0 sf_kbps=0 sf_eagain/s=0 sf_err/s=0-/home/dachuo/my_socket/src/Metrics.cpp:99
20260309 22:00:11.107240   8946 INFO    metrics active=0 accept/s=0 close/s=0 req/s=0 parse_err/s=0 in_kbps=0 out_kbps=0 rd_eagain/s=0 wr_eagain/s=0 rd_err/s=0 wr_err/s=0 sf_kbps=0 sf_eagain/s=0 sf_err/s=0-/home/dachuo/my_socket/src/Metrics.cpp:99
20260309 22:00:12.108452   8946 INFO    metrics active=0 accept/s=0 close/s=0 req/s=0 parse_err/s=0 in_kbps=0 out_kbps=0 rd_eagain/s=0 wr_eagain/s=0 rd_err/s=0 wr_err/s=0 sf_kbps=0 sf_eagain/s=0 sf_err/s=0-/home/dachuo/my_socket/src/Metrics.cpp:99
20260309 22:00:13.109536   8946 INFO    metrics active=0 accept/s=0 close/s=0 req/s=0 parse_err/s=0 in_kbps=0 out_kbps=0 rd_eagain/s=0 wr_eagain/s=0 rd_err/s=0 wr_err/s=0 sf_kbps=0 sf_eagain/s=0 sf_err/s=0-/home/dachuo/my_socket/src/Metrics.cpp:99
20260309 22:00:14.110653   8946 INFO    metrics active=0 accept/s=0 close/s=0 req/s=0 parse_err/s=0 in_kbps=0 out_kbps=0 rd_eagain/s=0 wr_eagain/s=0 rd_err/s=0 wr_err/s=0 sf_kbps=0 sf_eagain/s=0 sf_err/s=0-/home/dachuo/my_socket/src/Metrics.cpp:99
20260309 22:00:15.111337   8946 INFO    metrics active=0 accept/s=0 close/s=0 req/s=0 parse_err/s=0 in_kbps=0 out_kbps=0 rd_eagain/s=0 wr_eagain/s=0 rd_err/s=0 wr_err/s=0 sf_kbps=0 sf_eagain/s=0 sf_err/s=0-/home/dachuo/my_socket/src/Metrics.cpp:99
20260309 22:00:16.113726   8946 INFO    metrics active=0 accept/s=0 close/s=0 req/s=0 parse_err/s=0 in_kbps=0 out_kbps=0 rd_eagain/s=0 wr_eagain/s=0 rd_err/s=0 wr_err/s=0 sf_kbps=0 sf_eagain/s=0 sf_err/s=0-/home/dachuo/my_socket/src/Metrics.cpp:99
20260309 22:00:17.114485   8946 INFO    metrics active=0 accept/s=0 close/s=0 req/s=0 parse_err/s=0 in_kbps=0 out_kbps=0 rd_eagain/s=0 wr_eagain/s=0 rd_err/s=0 wr_err/s=0 sf_kbps=0 sf_eagain/s=0 sf_err/s=0-/home/dachuo/my_socket/src/Metrics.cpp:99
20260309 22:00:18.114877   8946 INFO    metrics active=0 accept/s=0 close/s=0 req/s=0 parse_err/s=0 in_kbps=0 out_kbps=0 rd_eagain/s=0 wr_eagain/s=0 rd_err/s=0 wr_err/s=0 sf_kbps=0 sf_eagain/s=0 sf_err/s=0-/home/dachuo/my_socket/src/Metrics.cpp:99
20260309 22:00:19.115864   8946 INFO    metrics active=0 accept/s=0 close/s=0 req/s=0 parse_err/s=0 in_kbps=0 out_kbps=0 rd_eagain/s=0 wr_eagain/s=0 rd_err/s=0 wr_err/s=0 sf_kbps=0 sf_eagain/s=0 sf_err/s=0-/home/dachuo/my_socket/src/Metrics.cpp:99
20260309 22:00:20.116880   8946 INFO    metrics active=0 accept/s=0 close/s=0 req/s=0 parse_err/s=0 in_kbps=0 out_kbps=0 rd_eagain/s=0 wr_eagain/s=0 rd_err/s=0 wr_err/s=0 sf_kbps=0 sf_eagain/s=0 sf_err/s=0-/home/dachuo/my_socket/src/Metrics.cpp:99
20260309 22:00:21.117722   8946 INFO    metrics active=0 accept/s=0 close/s=0 req/s=0 parse_err/s=0 in_kbps=0 out_kbps=0 rd_eagain/s=0 wr_eagain/s=0 rd_err/s=0 wr_err/s=0 sf_kbps=0 sf_eagain/s=0 sf_err/s=0-/home/dachuo/my_socket/src/Metrics.cpp:99
20260309 22:00:22.118827   8946 INFO    metrics active=0 accept/s=0 close/s=0 req/s=0 parse_err/s=0 in_kbps=0 out_kbps=0 rd_eagain/s=0 wr_eagain/s=0 rd_err/s=0 wr_err/s=0 sf_kbps=0 sf_eagain/s=0 sf_err/s=0-/home/dachuo/my_socket/src/Metrics.cpp:99
20260309 22:00:23.120166   8946 INFO    metrics active=0 accept/s=0 close/s=0 req/s=0 parse_err/s=0 in_kbps=0 out_kbps=0 rd_eagain/s=0 wr_eagain/s=0 rd_err/s=0 wr_err/s=0 sf_kbps=0 sf_eagain/s=0 sf_err/s=0-/home/dachuo/my_socket/src/Metrics.cpp:99
20260309 22:00:24.120444   8946 INFO    metrics active=0 accept/s=0 close/s=0 req/s=0 parse_err/s=0 in_kbps=0 out_kbps=0 rd_eagain/s=0 wr_eagain/s=0 rd_err/s=0 wr_err/s=0 sf_kbps=0 sf_eagain/s=0 sf_err/s=0-/home/dachuo/my_socket/src/Metrics.cpp:99
20260309 22:00:25.120711   8946 INFO    metrics active=0 accept/s=0 close/s=0 req/s=0 parse_err/s=0 in_kbps=0 out_kbps=0 rd_eagain/s=0 wr_eagain/s=0 rd_err/s=0 wr_err/s=0 sf_kbps=0 sf_eagain/s=0 sf_err/s=0-/home/dachuo/my_socket/src/Metrics.cpp:99
20260309 22:00:26.121762   8946 INFO    metrics active=0 accept/s=0 close/s=0 req/s=0 parse_err/s=0 in_kbps=0 out_kbps=0 rd_eagain/s=0 wr_eagain/s=0 rd_err/s=0 wr_err/s=0 sf_kbps=0 sf_eagain/s=0 sf_err/s=0-/home/dachuo/my_socket/src/Metrics.cpp:99
20260309 22:00:27.122598   8946 INFO    metrics active=0 accept/s=0 close/s=0 req/s=0 parse_err/s=0 in_kbps=0 out_kbps=0 rd_eagain/s=0 wr_eagain/s=0 rd_err/s=0 wr_err/s=0 sf_kbps=0 sf_eagain/s=0 sf_err/s=0-/home/dachuo/my_socket/src/Metrics.cpp:99
20260309 22:00:28.123655   8946 INFO    metrics active=0 accept/s=0 close/s=0 req/s=0 parse_err/s=0 in_kbps=0 out_kbps=0 rd_eagain/s=0 wr_eagain/s=0 rd_err/s=0 wr_err/s=0 sf_kbps=0 sf_eagain/s=0 sf_err/s=0-/home/dachuo/my_socket/src/Metrics.cpp:99
20260309 22:00:29.123944   8946 INFO    metrics active=0 accept/s=0 close/s=0 req/s=0 parse_err/s=0 in_kbps=0 out_kbps=0 rd_eagain/s=0 wr_eagain/s=0 rd_err/s=0 wr_err/s=0 sf_kbps=0 sf_eagain/s=0 sf_err/s=0-/home/dachuo/my_socket/src/Metrics.cpp:99
20260309 22:00:30.124245   8946 INFO    metrics active=0 accept/s=0 close/s=0 req/s=0 parse_err/s=0 in_kbps=0 out_kbps=0 rd_eagain/s=0 wr_eagain/s=0 rd_err/s=0 wr_err/s=0 sf_kbps=0 sf_eagain/s=0 sf_err/s=0-/home/dachuo/my_socket/src/Metrics.cpp:99
20260309 22:00:31.124638   8946 INFO    metrics active=0 accept/s=0 close/s=0 req/s=0 parse_err/s=0 in_kbps=0 out_kbps=0 rd_eagain/s=0 wr_eagain/s=0 rd_err/s=0 wr_err/s=0 sf_kbps=0 sf_eagain/s=0 sf_err/s=0-/home/dachuo/my_socket/src/Metrics.cpp:99
20260309 22:00:32.125176   8946 INFO    metrics active=0 accept/s=0 close/s=0 req/s=0 parse_err/s=0 in_kbps=0 out_kbps=0 rd_eagain/s=0 wr_eagain/s=0 rd_err/s=0 wr_err/s=0 sf_kbps=0 sf_eagain/s=0 sf_err/s=0-/home/dachuo/my_socket/src/Metrics.cpp:99
20260309 22:00:33.126091   8946 INFO    metrics active=0 accept/s=0 close/s=0 req/s=0 parse_err/s=0 in_kbps=0 out_kbps=0 rd_eagain/s=0 wr_eagain/s=0 rd_err/s=0 wr_err/s=0 sf_kbps=0 sf_eagain/s=0 sf_err/s=0-/home/dachuo/my_socket/src/Metrics.cpp:99
20260309 22:00:34.126893   8946 INFO    metrics active=0 accept/s=0 close/s=0 req/s=0 parse_err/s=0 in_kbps=0 out_kbps=0 rd_eagain/s=0 wr_eagain/s=0 rd_err/s=0 wr_err/s=0 sf_kbps=0 sf_eagain/s=0 sf_err/s=0-/home/dachuo/my_socket/src/Metrics.cpp:99
20260309 22:00:35.127325   8946 INFO    metrics active=0 accept/s=0 close/s=0 req/s=0 parse_err/s=0 in_kbps=0 out_kbps=0 rd_eagain/s=0 wr_eagain/s=0 rd_err/s=0 wr_err/s=0 sf_kbps=0 sf_eagain/s=0 sf_err/s=0-/home/dachuo/my_socket/src/Metrics.cpp:99
20260309 22:00:36.127949   8946 INFO    metrics active=0 accept/s=0 close/s=0 req/s=0 parse_err/s=0 in_kbps=0 out_kbps=0 rd_eagain/s=0 wr_eagain/s=0 rd_err/s=0 wr_err/s=0 sf_kbps=0 sf_eagain/s=0 sf_err/s=0-/home/dachuo/my_socket/src/Metrics.cpp:99
20260309 22:00:37.128691   8946 INFO    metrics active=0 accept/s=0 close/s=0 req/s=0 parse_err/s=0 in_kbps=0 out_kbps=0 rd_eagain/s=0 wr_eagain/s=0 rd_err/s=0 wr_err/s=0 sf_kbps=0 sf_eagain/s=0 sf_err/s=0-/home/dachuo/my_socket/src/Metrics.cpp:99
20260309 22:00:38.129018   8946 INFO    metrics active=0 accept/s=0 close/s=0 req/s=0 parse_err/s=0 in_kbps=0 out_kbps=0 rd_eagain/s=0 wr_eagain/s=0 rd_err/s=0 wr_err/s=0 sf_kbps=0 sf_eagain/s=0 sf_err/s=0-/home/dachuo/my_socket/src/Metrics.cpp:99
20260309 22:00:39.130059   8946 INFO    metrics active=0 accept/s=0 close/s=0 req/s=0 parse_err/s=0 in_kbps=0 out_kbps=0 rd_eagain/s=0 wr_eagain/s=0 rd_err/s=0 wr_err/s=0 sf_kbps=0 sf_eagain/s=0 sf_err/s=0-/home/dachuo/my_socket/src/Metrics.cpp:99
20260309 22:00:40.131052   8946 INFO    metrics active=0 accept/s=0 close/s=0 req/s=0 parse_err/s=0 in_kbps=0 out_kbps=0 rd_eagain/s=0 wr_eagain/s=0 rd_err/s=0 wr_err/s=0 sf_kbps=0 sf_eagain/s=0 sf_err/s=0-/home/dachuo/my_socket/src/Metrics.cpp:99
20260309 22:00:41.131711   8946 INFO    metrics active=0 accept/s=0 close/s=0 req/s=0 parse_err/s=0 in_kbps=0 out_kbps=0 rd_eagain/s=0 wr_eagain/s=0 rd_err/s=0 wr_err/s=0 sf_kbps=0 sf_eagain/s=0 sf_err/s=0-/home/dachuo/my_socket/src/Metrics.cpp:99
20260309 22:00:42.132091   8946 INFO    metrics active=0 accept/s=0 close/s=0 req/s=0 parse_err/s=0 in_kbps=0 out_kbps=0 rd_eagain/s=0 wr_eagain/s=0 rd_err/s=0 wr_err/s=0 sf_kbps=0 sf_eagain/s=0 sf_err/s=0-/home/dachuo/my_socket/src/Metrics.cpp:99
20260309 22:00:43.132794   8946 INFO    metrics active=0 accept/s=0 close/s=0 req/s=0 parse_err/s=0 in_kbps=0 out_kbps=0 rd_eagain/s=0 wr_eagain/s=0 rd_err/s=0 wr_err/s=0 sf_kbps=0 sf_eagain/s=0 sf_err/s=0-/home/dachuo/my_socket/src/Metrics.cpp:99
20260309 22:00:44.133313   8946 INFO    metrics active=0 accept/s=0 close/s=0 req/s=0 parse_err/s=0 in_kbps=0 out_kbps=0 rd_eagain/s=0 wr_eagain/s=0 rd_err/s=0 wr_err/s=0 sf_kbps=0 sf_eagain/s=0 sf_err/s=0-/home/dachuo/my_socket/src/Metrics.cpp:99
20260309 22:00:45.134726   8946 INFO    metrics active=0 accept/s=0 close/s=0 req/s=0 parse_err/s=0 in_kbps=0 out_kbps=0 rd_eagain/s=0 wr_eagain/s=0 rd_err/s=0 wr_err/s=0 sf_kbps=0 sf_eagain/s=0 sf_err/s=0-/home/dachuo/my_socket/src/Metrics.cpp:99
20260309 22:00:46.135152   8946 INFO    metrics active=0 accept/s=0 close/s=0 req/s=0 parse_err/s=0 in_kbps=0 out_kbps=0 rd_eagain/s=0 wr_eagain/s=0 rd_err/s=0 wr_err/s=0 sf_kbps=0 sf_eagain/s=0 sf_err/s=0-/home/dachuo/my_socket/src/Metrics.cpp:99
20260309 22:00:47.135507   8946 INFO    metrics active=0 accept/s=0 close/s=0 req/s=0 parse_err/s=0 in_kbps=0 out_kbps=0 rd_eagain/s=0 wr_eagain/s=0 rd_err/s=0 wr_err/s=0 sf_kbps=0 sf_eagain/s=0 sf_err/s=0-/home/dachuo/my_socket/src/Metrics.cpp:99
20260309 22:00:48.136310   8946 INFO    metrics active=0 accept/s=0 close/s=0 req/s=0 parse_err/s=0 in_kbps=0 out_kbps=0 rd_eagain/s=0 wr_eagain/s=0 rd_err/s=0 wr_err/s=0 sf_kbps=0 sf_eagain/s=0 sf_err/s=0-/home/dachuo/my_socket/src/Metrics.cpp:99
20260309 22:00:49.137233   8946 INFO    metrics active=0 accept/s=0 close/s=0 req/s=0 parse_err/s=0 in_kbps=0 out_kbps=0 rd_eagain/s=0 wr_eagain/s=0 rd_err/s=0 wr_err/s=0 sf_kbps=0 sf_eagain/s=0 sf_err/s=0-/home/dachuo/my_socket/src/Metrics.cpp:99
20260309 22:00:50.138019   8946 INFO    metrics active=0 accept/s=0 close/s=0 req/s=0 parse_err/s=0 in_kbps=0 out_kbps=0 rd_eagain/s=0 wr_eagain/s=0 rd_err/s=0 wr_err/s=0 sf_kbps=0 sf_eagain/s=0 sf_err/s=0-/home/dachuo/my_socket/src/Metrics.cpp:99
20260309 22:00:51.139230   8946 INFO    metrics active=0 accept/s=0 close/s=0 req/s=0 parse_err/s=0 in_kbps=0 out_kbps=0 rd_eagain/s=0 wr_eagain/s=0 rd_err/s=0 wr_err/s=0 sf_kbps=0 sf_eagain/s=0 sf_err/s=0-/home/dachuo/my_socket/src/Metrics.cpp:99
20260309 22:00:52.139424   8946 INFO    metrics active=0 accept/s=0 close/s=0 req/s=0 parse_err/s=0 in_kbps=0 out_kbps=0 rd_eagain/s=0 wr_eagain/s=0 rd_err/s=0 wr_err/s=0 sf_kbps=0 sf_eagain/s=0 sf_err/s=0-/home/dachuo/my_socket/src/Metrics.cpp:99
20260309 22:00:53.140123   8946 INFO    metrics active=0 accept/s=0 close/s=0 req/s=0 parse_err/s=0 in_kbps=0 out_kbps=0 rd_eagain/s=0 wr_eagain/s=0 rd_err/s=0 wr_err/s=0 sf_kbps=0 sf_eagain/s=0 sf_err/s=0-/home/dachuo/my_socket/src/Metrics.cpp:99
20260309 22:00:54.140617   8946 INFO    metrics active=0 accept/s=0 close/s=0 req/s=0 parse_err/s=0 in_kbps=0 out_kbps=0 rd_eagain/s=0 wr_eagain/s=0 rd_err/s=0 wr_err/s=0 sf_kbps=0 sf_eagain/s=0 sf_err/s=0-/home/dachuo/my_socket/src/Metrics.cpp:99
20260309 22:00:55.141620   8946 INFO    metrics active=0 accept/s=0 close/s=0 req/s=0 parse_err/s=0 in_kbps=0 out_kbps=0 rd_eagain/s=0 wr_eagain/s=0 rd_err/s=0 wr_err/s=0 sf_kbps=0 sf_eagain/s=0 sf_err/s=0-/home/dachuo/my_socket/src/Metrics.cpp:99
20260309 22:00:56.142599   8946 INFO    metrics active=0 accept/s=0 close/s=0 req/s=0 parse_err/s=0 in_kbps=0 out_kbps=0 rd_eagain/s=0 wr_eagain/s=0 rd_err/s=0 wr_err/s=0 sf_kbps=0 sf_eagain/s=0 sf_err/s=0-/home/dachuo/my_socket/src/Metrics.cpp:99
20260309 22:00:57.143076   8946 INFO    metrics active=0 accept/s=0 close/s=0 req/s=0 parse_err/s=0 in_kbps=0 out_kbps=0 rd_eagain/s=0 wr_eagain/s=0 rd_err/s=0 wr_err/s=0 sf_kbps=0 sf_eagain/s=0 sf_err/s=0-/home/dachuo/my_socket/src/Metrics.cpp:99
20260309 22:00:58.143631   8946 INFO    metrics active=0 accept/s=0 close/s=0 req/s=0 parse_err/s=0 in_kbps=0 out_kbps=0 rd_eagain/s=0 wr_eagain/s=0 rd_err/s=0 wr_err/s=0 sf_kbps=0 sf_eagain/s=0 sf_err/s=0-/home/dachuo/my_socket/src/Metrics.cpp:99
20260309 22:00:59.144523   8946 INFO    metrics active=0 accept/s=0 close/s=0 req/s=0 parse_err/s=0 in_kbps=0 out_kbps=0 rd_eagain/s=0 wr_eagain/s=0 rd_err/s=0 wr_err/s=0 sf_kbps=0 sf_eagain/s=0 sf_err/s=0-/home/dachuo/my_socket/src/Metrics.cpp:99
20260309 22:01:00.145433   8946 INFO    metrics active=0 accept/s=0 close/s=0 req/s=0 parse_err/s=0 in_kbps=0 out_kbps=0 rd_eagain/s=0 wr_eagain/s=0 rd_err/s=0 wr_err/s=0 sf_kbps=0 sf_eagain/s=0 sf_err/s=0-/home/dachuo/my_socket/src/Metrics.cpp:99
20260309 22:01:01.145999   8946 INFO    metrics active=0 accept/s=0 close/s=0 req/s=0 parse_err/s=0 in_kbps=0 out_kbps=0 rd_eagain/s=0 wr_eagain/s=0 rd_err/s=0 wr_err/s=0 sf_kbps=0 sf_eagain/s=0 sf_err/s=0-/home/dachuo/my_socket/src/Metrics.cpp:99
20260309 22:01:02.146361   8946 INFO    metrics active=0 accept/s=0 close/s=0 req/s=0 parse_err/s=0 in_kbps=0 out_kbps=0 rd_eagain/s=0 wr_eagain/s=0 rd_err/s=0 wr_err/s=0 sf_kbps=0 sf_eagain/s=0 sf_err/s=0-/home/dachuo/my_socket/src/Metrics.cpp:99
20260309 22:01:03.147366   8946 INFO    metrics active=0 accept/s=0 close/s=0 req/s=0 parse_err/s=0 in_kbps=0 out_kbps=0 rd_eagain/s=0 wr_eagain/s=0 rd_err/s=0 wr_err/s=0 sf_kbps=0 sf_eagain/s=0 sf_err/s=0-/home/dachuo/my_socket/src/Metrics.cpp:99
20260309 22:01:04.147948   8946 INFO    metrics active=0 accept/s=0 close/s=0 req/s=0 parse_err/s=0 in_kbps=0 out_kbps=0 rd_eagain/s=0 wr_eagain/s=0 rd_err/s=0 wr_err/s=0 sf_kbps=0 sf_eagain/s=0 sf_err/s=0-/home/dachuo/my_socket/src/Metrics.cpp:99
20260309 22:01:05.160848   8946 INFO    metrics active=0 accept/s=0 close/s=0 req/s=0 parse_err/s=0 in_kbps=0 out_kbps=0 rd_eagain/s=0 wr_eagain/s=0 rd_err/s=0 wr_err/s=0 sf_kbps=0 sf_eagain/s=0 sf_err/s=0-/home/dachuo/my_socket/src/Metrics.cpp:99
20260309 22:01:06.161291   8946 INFO    metrics active=0 accept/s=0 close/s=0 req/s=0 parse_err/s=0 in_kbps=0 out_kbps=0 rd_eagain/s=0 wr_eagain/s=0 rd_err/s=0 wr_err/s=0 sf_kbps=0 sf_eagain/s=0 sf_err/s=0-/home/dachuo/my_socket/src/Metrics.cpp:99
20260309 22:01:07.162271   8946 INFO    metrics active=0 accept/s=0 close/s=0 req/s=0 parse_err/s=0 in_kbps=0 out_kbps=0 rd_eagain/s=0 wr_eagain/s=0 rd_err/s=0 wr_err/s=0 sf_kbps=0 sf_eagain/s=0 sf_err/s=0-/home/dachuo/my_socket/src/Metrics.cpp:99
20260309 22:01:08.163414   8946 INFO    metrics active=0 accept/s=0 close/s=0 req/s=0 parse_err/s=0 in_kbps=0 out_kbps=0 rd_eagain/s=0 wr_eagain/s=0 rd_err/s=0 wr_err/s=0 sf_kbps=0 sf_eagain/s=0 sf_err/s=0-/home/dachuo/my_socket/src/Metrics.cpp:99
20260309 22:01:09.163929   8946 INFO    metrics active=0 accept/s=0 close/s=0 req/s=0 parse_err/s=0 in_kbps=0 out_kbps=0 rd_eagain/s=0 wr_eagain/s=0 rd_err/s=0 wr_err/s=0 sf_kbps=0 sf_eagain/s=0 sf_err/s=0-/home/dachuo/my_socket/src/Metrics.cpp:99
20260309 22:01:10.164877   8946 INFO    metrics active=0 accept/s=0 close/s=0 req/s=0 parse_err/s=0 in_kbps=0 out_kbps=0 rd_eagain/s=0 wr_eagain/s=0 rd_err/s=0 wr_err/s=0 sf_kbps=0 sf_eagain/s=0 sf_err/s=0-/home/dachuo/my_socket/src/Metrics.cpp:99
20260309 22:01:11.165776   8946 INFO    metrics active=0 accept/s=0 close/s=0 req/s=0 parse_err/s=0 in_kbps=0 out_kbps=0 rd_eagain/s=0 wr_eagain/s=0 rd_err/s=0 wr_err/s=0 sf_kbps=0 sf_eagain/s=0 sf_err/s=0-/home/dachuo/my_socket/src/Metrics.cpp:99
20260309 22:01:12.166588   8946 INFO    metrics active=0 accept/s=0 close/s=0 req/s=0 parse_err/s=0 in_kbps=0 out_kbps=0 rd_eagain/s=0 wr_eagain/s=0 rd_err/s=0 wr_err/s=0 sf_kbps=0 sf_eagain/s=0 sf_err/s=0-/home/dachuo/my_socket/src/Metrics.cpp:99
20260309 22:01:13.167550   8946 INFO    metrics active=0 accept/s=0 close/s=0 req/s=0 parse_err/s=0 in_kbps=0 out_kbps=0 rd_eagain/s=0 wr_eagain/s=0 rd_err/s=0 wr_err/s=0 sf_kbps=0 sf_eagain/s=0 sf_err/s=0-/home/dachuo/my_socket/src/Metrics.cpp:99
20260309 22:01:14.168589   8946 INFO    metrics active=0 accept/s=0 close/s=0 req/s=0 parse_err/s=0 in_kbps=0 out_kbps=0 rd_eagain/s=0 wr_eagain/s=0 rd_err/s=0 wr_err/s=0 sf_kbps=0 sf_eagain/s=0 sf_err/s=0-/home/dachuo/my_socket/src/Metrics.cpp:99
20260309 22:01:15.169383   8946 INFO    metrics active=0 accept/s=0 close/s=0 req/s=0 parse_err/s=0 in_kbps=0 out_kbps=0 rd_eagain/s=0 wr_eagain/s=0 rd_err/s=0 wr_err/s=0 sf_kbps=0 sf_eagain/s=0 sf_err/s=0-/home/dachuo/my_socket/src/Metrics.cpp:99
20260309 22:01:16.169830   8946 INFO    metrics active=0 accept/s=0 close/s=0 req/s=0 parse_err/s=0 in_kbps=0 out_kbps=0 rd_eagain/s=0 wr_eagain/s=0 rd_err/s=0 wr_err/s=0 sf_kbps=0 sf_eagain/s=0 sf_err/s=0-/home/dachuo/my_socket/src/Metrics.cpp:99
20260309 22:01:17.170748   8946 INFO    metrics active=0 accept/s=0 close/s=0 req/s=0 parse_err/s=0 in_kbps=0 out_kbps=0 rd_eagain/s=0 wr_eagain/s=0 rd_err/s=0 wr_err/s=0 sf_kbps=0 sf_eagain/s=0 sf_err/s=0-/home/dachuo/my_socket/src/Metrics.cpp:99
20260309 22:01:18.171551   8946 INFO    metrics active=0 accept/s=0 close/s=0 req/s=0 parse_err/s=0 in_kbps=0 out_kbps=0 rd_eagain/s=0 wr_eagain/s=0 rd_err/s=0 wr_err/s=0 sf_kbps=0 sf_eagain/s=0 sf_err/s=0-/home/dachuo/my_socket/src/Metrics.cpp:99
20260309 22:01:19.172498   8946 INFO    metrics active=0 accept/s=0 close/s=0 req/s=0 parse_err/s=0 in_kbps=0 out_kbps=0 rd_eagain/s=0 wr_eagain/s=0 rd_err/s=0 wr_err/s=0 sf_kbps=0 sf_eagain/s=0 sf_err/s=0-/home/dachuo/my_socket/src/Metrics.cpp:99
20260309 22:01:20.173590   8946 INFO    metrics active=0 accept/s=0 close/s=0 req/s=0 parse_err/s=0 in_kbps=0 out_kbps=0 rd_eagain/s=0 wr_eagain/s=0 rd_err/s=0 wr_err/s=0 sf_kbps=0 sf_eagain/s=0 sf_err/s=0-/home/dachuo/my_socket/src/Metrics.cpp:99
20260309 22:01:21.174228   8946 INFO    metrics active=0 accept/s=0 close/s=0 req/s=0 parse_err/s=0 in_kbps=0 out_kbps=0 rd_eagain/s=0 wr_eagain/s=0 rd_err/s=0 wr_err/s=0 sf_kbps=0 sf_eagain/s=0 sf_err/s=0-/home/dachuo/my_socket/src/Metrics.cpp:99
20260309 22:01:22.175144   8946 INFO    metrics active=0 accept/s=0 close/s=0 req/s=0 parse_err/s=0 in_kbps=0 out_kbps=0 rd_eagain/s=0 wr_eagain/s=0 rd_err/s=0 wr_err/s=0 sf_kbps=0 sf_eagain/s=0 sf_err/s=0-/home/dachuo/my_socket/src/Metrics.cpp:99
20260309 22:01:23.175798   8946 INFO    metrics active=0 accept/s=0 close/s=0 req/s=0 parse_err/s=0 in_kbps=0 out_kbps=0 rd_eagain/s=0 wr_eagain/s=0 rd_err/s=0 wr_err/s=0 sf_kbps=0 sf_eagain/s=0 sf_err/s=0-/home/dachuo/my_socket/src/Metrics.cpp:99
20260309 22:01:24.177022   8946 INFO    metrics active=0 accept/s=0 close/s=0 req/s=0 parse_err/s=0 in_kbps=0 out_kbps=0 rd_eagain/s=0 wr_eagain/s=0 rd_err/s=0 wr_err/s=0 sf_kbps=0 sf_eagain/s=0 sf_err/s=0-/home/dachuo/my_socket/src/Metrics.cpp:99
20260309 22:01:25.177832   8946 INFO    metrics active=0 accept/s=0 close/s=0 req/s=0 parse_err/s=0 in_kbps=0 out_kbps=0 rd_eagain/s=0 wr_eagain/s=0 rd_err/s=0 wr_err/s=0 sf_kbps=0 sf_eagain/s=0 sf_err/s=0-/home/dachuo/my_socket/src/Metrics.cpp:99
20260309 22:01:26.179049   8946 INFO    metrics active=0 accept/s=0 close/s=0 req/s=0 parse_err/s=0 in_kbps=0 out_kbps=0 rd_eagain/s=0 wr_eagain/s=0 rd_err/s=0 wr_err/s=0 sf_kbps=0 sf_eagain/s=0 sf_err/s=0-/home/dachuo/my_socket/src/Metrics.cpp:99
20260309 22:01:27.179955   8946 INFO    metrics active=0 accept/s=0 close/s=0 req/s=0 parse_err/s=0 in_kbps=0 out_kbps=0 rd_eagain/s=0 wr_eagain/s=0 rd_err/s=0 wr_err/s=0 sf_kbps=0 sf_eagain/s=0 sf_err/s=0-/home/dachuo/my_socket/src/Metrics.cpp:99
20260309 22:01:28.181109   8946 INFO    metrics active=0 accept/s=0 close/s=0 req/s=0 parse_err/s=0 in_kbps=0 out_kbps=0 rd_eagain/s=0 wr_eagain/s=0 rd_err/s=0 wr_err/s=0 sf_kbps=0 sf_eagain/s=0 sf_err/s=0-/home/dachuo/my_socket/src/Metrics.cpp:99
20260309 22:01:29.182139   8946 INFO    metrics active=0 accept/s=0 close/s=0 req/s=0 parse_err/s=0 in_kbps=0 out_kbps=0 rd_eagain/s=0 wr_eagain/s=0 rd_err/s=0 wr_err/s=0 sf_kbps=0 sf_eagain/s=0 sf_err/s=0-/home/dachuo/my_socket/src/Metrics.cpp:99
20260309 22:01:30.182562   8946 INFO    metrics active=0 accept/s=0 close/s=0 req/s=0 parse_err/s=0 in_kbps=0 out_kbps=0 rd_eagain/s=0 wr_eagain/s=0 rd_err/s=0 wr_err/s=0 sf_kbps=0 sf_eagain/s=0 sf_err/s=0-/home/dachuo/my_socket/src/Metrics.cpp:99
20260309 22:01:31.183592   8946 INFO    metrics active=0 accept/s=0 close/s=0 req/s=0 parse_err/s=0 in_kbps=0 out_kbps=0 rd_eagain/s=0 wr_eagain/s=0 rd_err/s=0 wr_err/s=0 sf_kbps=0 sf_eagain/s=0 sf_err/s=0-/home/dachuo/my_socket/src/Metrics.cpp:99
20260309 22:01:32.184268   8946 INFO    metrics active=0 accept/s=0 close/s=0 req/s=0 parse_err/s=0 in_kbps=0 out_kbps=0 rd_eagain/s=0 wr_eagain/s=0 rd_err/s=0 wr_err/s=0 sf_kbps=0 sf_eagain/s=0 sf_err/s=0-/home/dachuo/my_socket/src/Metrics.cpp:99
20260309 22:01:33.184801   8946 INFO    metrics active=0 accept/s=0 close/s=0 req/s=0 parse_err/s=0 in_kbps=0 out_kbps=0 rd_eagain/s=0 wr_eagain/s=0 rd_err/s=0 wr_err/s=0 sf_kbps=0 sf_eagain/s=0 sf_err/s=0-/home/dachuo/my_socket/src/Metrics.cpp:99
20260309 22:01:34.185550   8946 INFO    metrics active=0 accept/s=0 close/s=0 req/s=0 parse_err/s=0 in_kbps=0 out_kbps=0 rd_eagain/s=0 wr_eagain/s=0 rd_err/s=0 wr_err/s=0 sf_kbps=0 sf_eagain/s=0 sf_err/s=0-/home/dachuo/my_socket/src/Metrics.cpp:99
20260309 22:01:35.186720   8946 INFO    metrics active=0 accept/s=0 close/s=0 req/s=0 parse_err/s=0 in_kbps=0 out_kbps=0 rd_eagain/s=0 wr_eagain/s=0 rd_err/s=0 wr_err/s=0 sf_kbps=0 sf_eagain/s=0 sf_err/s=0-/home/dachuo/my_socket/src/Metrics.cpp:99
20260309 22:01:36.187492   8946 INFO    metrics active=0 accept/s=0 close/s=0 req/s=0 parse_err/s=0 in_kbps=0 out_kbps=0 rd_eagain/s=0 wr_eagain/s=0 rd_err/s=0 wr_err/s=0 sf_kbps=0 sf_eagain/s=0 sf_err/s=0-/home/dachuo/my_socket/src/Metrics.cpp:99
20260309 22:01:37.188508   8946 INFO    metrics active=0 accept/s=0 close/s=0 req/s=0 parse_err/s=0 in_kbps=0 out_kbps=0 rd_eagain/s=0 wr_eagain/s=0 rd_err/s=0 wr_err/s=0 sf_kbps=0 sf_eagain/s=0 sf_err/s=0-/home/dachuo/my_socket/src/Metrics.cpp:99
20260309 22:01:38.189119   8946 INFO    metrics active=0 accept/s=0 close/s=0 req/s=0 parse_err/s=0 in_kbps=0 out_kbps=0 rd_eagain/s=0 wr_eagain/s=0 rd_err/s=0 wr_err/s=0 sf_kbps=0 sf_eagain/s=0 sf_err/s=0-/home/dachuo/my_socket/src/Metrics.cpp:99
20260309 22:01:39.189529   8946 INFO    metrics active=0 accept/s=0 close/s=0 req/s=0 parse_err/s=0 in_kbps=0 out_kbps=0 rd_eagain/s=0 wr_eagain/s=0 rd_err/s=0 wr_err/s=0 sf_kbps=0 sf_eagain/s=0 sf_err/s=0-/home/dachuo/my_socket/src/Metrics.cpp:99
20260309 22:01:40.190498   8946 INFO    metrics active=0 accept/s=0 close/s=0 req/s=0 parse_err/s=0 in_kbps=0 out_kbps=0 rd_eagain/s=0 wr_eagain/s=0 rd_err/s=0 wr_err/s=0 sf_kbps=0 sf_eagain/s=0 sf_err/s=0-/home/dachuo/my_socket/src/Metrics.cpp:99
20260309 22:01:41.191120   8946 INFO    metrics active=0 accept/s=0 close/s=0 req/s=0 parse_err/s=0 in_kbps=0 out_kbps=0 rd_eagain/s=0 wr_eagain/s=0 rd_err/s=0 wr_err/s=0 sf_kbps=0 sf_eagain/s=0 sf_err/s=0-/home/dachuo/my_socket/src/Metrics.cpp:99
20260309 22:01:42.191659   8946 INFO    metrics active=0 accept/s=0 close/s=0 req/s=0 parse_err/s=0 in_kbps=0 out_kbps=0 rd_eagain/s=0 wr_eagain/s=0 rd_err/s=0 wr_err/s=0 sf_kbps=0 sf_eagain/s=0 sf_err/s=0-/home/dachuo/my_socket/src/Metrics.cpp:99
20260309 22:01:43.192063   8946 INFO    metrics active=0 accept/s=0 close/s=0 req/s=0 parse_err/s=0 in_kbps=0 out_kbps=0 rd_eagain/s=0 wr_eagain/s=0 rd_err/s=0 wr_err/s=0 sf_kbps=0 sf_eagain/s=0 sf_err/s=0-/home/dachuo/my_socket/src/Metrics.cpp:99
20260309 22:01:44.192670   8946 INFO    metrics active=0 accept/s=0 close/s=0 req/s=0 parse_err/s=0 in_kbps=0 out_kbps=0 rd_eagain/s=0 wr_eagain/s=0 rd_err/s=0 wr_err/s=0 sf_kbps=0 sf_eagain/s=0 sf_err/s=0-/home/dachuo/my_socket/src/Metrics.cpp:99
20260309 22:01:45.192966   8946 INFO    metrics active=0 accept/s=0 close/s=0 req/s=0 parse_err/s=0 in_kbps=0 out_kbps=0 rd_eagain/s=0 wr_eagain/s=0 rd_err/s=0 wr_err/s=0 sf_kbps=0 sf_eagain/s=0 sf_err/s=0-/home/dachuo/my_socket/src/Metrics.cpp:99
20260309 22:01:46.193889   8946 INFO    metrics active=0 accept/s=0 close/s=0 req/s=0 parse_err/s=0 in_kbps=0 out_kbps=0 rd_eagain/s=0 wr_eagain/s=0 rd_err/s=0 wr_err/s=0 sf_kbps=0 sf_eagain/s=0 sf_err/s=0-/home/dachuo/my_socket/src/Metrics.cpp:99
20260309 22:01:47.194857   8946 INFO    metrics active=0 accept/s=0 close/s=0 req/s=0 parse_err/s=0 in_kbps=0 out_kbps=0 rd_eagain/s=0 wr_eagain/s=0 rd_err/s=0 wr_err/s=0 sf_kbps=0 sf_eagain/s=0 sf_err/s=0-/home/dachuo/my_socket/src/Metrics.cpp:99
20260309 22:01:48.195444   8946 INFO    metrics active=0 accept/s=0 close/s=0 req/s=0 parse_err/s=0 in_kbps=0 out_kbps=0 rd_eagain/s=0 wr_eagain/s=0 rd_err/s=0 wr_err/s=0 sf_kbps=0 sf_eagain/s=0 sf_err/s=0-/home/dachuo/my_socket/src/Metrics.cpp:99
20260309 22:01:49.196844   8946 INFO    metrics active=0 accept/s=0 close/s=0 req/s=0 parse_err/s=0 in_kbps=0 out_kbps=0 rd_eagain/s=0 wr_eagain/s=0 rd_err/s=0 wr_err/s=0 sf_kbps=0 sf_eagain/s=0 sf_err/s=0-/home/dachuo/my_socket/src/Metrics.cpp:99
20260309 22:01:50.198012   8946 INFO    metrics active=0 accept/s=0 close/s=0 req/s=0 parse_err/s=0 in_kbps=0 out_kbps=0 rd_eagain/s=0 wr_eagain/s=0 rd_err/s=0 wr_err/s=0 sf_kbps=0 sf_eagain/s=0 sf_err/s=0-/home/dachuo/my_socket/src/Metrics.cpp:99
20260309 22:01:51.198574   8946 INFO    metrics active=0 accept/s=0 close/s=0 req/s=0 parse_err/s=0 in_kbps=0 out_kbps=0 rd_eagain/s=0 wr_eagain/s=0 rd_err/s=0 wr_err/s=0 sf_kbps=0 sf_eagain/s=0 sf_err/s=0-/home/dachuo/my_socket/src/Metrics.cpp:99
20260309 22:01:52.199367   8946 INFO    metrics active=0 accept/s=0 close/s=0 req/s=0 parse_err/s=0 in_kbps=0 out_kbps=0 rd_eagain/s=0 wr_eagain/s=0 rd_err/s=0 wr_err/s=0 sf_kbps=0 sf_eagain/s=0 sf_err/s=0-/home/dachuo/my_socket/src/Metrics.cpp:99
20260309 22:01:53.200192   8946 INFO    metrics active=0 accept/s=0 close/s=0 req/s=0 parse_err/s=0 in_kbps=0 out_kbps=0 rd_eagain/s=0 wr_eagain/s=0 rd_err/s=0 wr_err/s=0 sf_kbps=0 sf_eagain/s=0 sf_err/s=0-/home/dachuo/my_socket/src/Metrics.cpp:99
20260309 22:01:54.200875   8946 INFO    metrics active=0 accept/s=0 close/s=0 req/s=0 parse_err/s=0 in_kbps=0 out_kbps=0 rd_eagain/s=0 wr_eagain/s=0 rd_err/s=0 wr_err/s=0 sf_kbps=0 sf_eagain/s=0 sf_err/s=0-/home/dachuo/my_socket/src/Metrics.cpp:99
20260309 22:01:55.202593   8946 INFO    metrics active=0 accept/s=0 close/s=0 req/s=0 parse_err/s=0 in_kbps=0 out_kbps=0 rd_eagain/s=0 wr_eagain/s=0 rd_err/s=0 wr_err/s=0 sf_kbps=0 sf_eagain/s=0 sf_err/s=0-/home/dachuo/my_socket/src/Metrics.cpp:99
20260309 22:01:56.203050   8946 INFO    metrics active=0 accept/s=0 close/s=0 req/s=0 parse_err/s=0 in_kbps=0 out_kbps=0 rd_eagain/s=0 wr_eagain/s=0 rd_err/s=0 wr_err/s=0 sf_kbps=0 sf_eagain/s=0 sf_err/s=0-/home/dachuo/my_socket/src/Metrics.cpp:99
20260309 22:01:57.203499   8946 INFO    metrics active=0 accept/s=0 close/s=0 req/s=0 parse_err/s=0 in_kbps=0 out_kbps=0 rd_eagain/s=0 wr_eagain/s=0 rd_err/s=0 wr_err/s=0 sf_kbps=0 sf_eagain/s=0 sf_err/s=0-/home/dachuo/my_socket/src/Metrics.cpp:99
20260309 22:01:58.204118   8946 INFO    metrics active=0 accept/s=0 close/s=0 req/s=0 parse_err/s=0 in_kbps=0 out_kbps=0 rd_eagain/s=0 wr_eagain/s=0 rd_err/s=0 wr_err/s=0 sf_kbps=0 sf_eagain/s=0 sf_err/s=0-/home/dachuo/my_socket/src/Metrics.cpp:99
20260309 22:01:59.205187   8946 INFO    metrics active=0 accept/s=0 close/s=0 req/s=0 parse_err/s=0 in_kbps=0 out_kbps=0 rd_eagain/s=0 wr_eagain/s=0 rd_err/s=0 wr_err/s=0 sf_kbps=0 sf_eagain/s=0 sf_err/s=0-/home/dachuo/my_socket/src/Metrics.cpp:99
20260309 22:02:00.206358   8946 INFO    metrics active=0 accept/s=0 close/s=0 req/s=0 parse_err/s=0 in_kbps=0 out_kbps=0 rd_eagain/s=0 wr_eagain/s=0 rd_err/s=0 wr_err/s=0 sf_kbps=0 sf_eagain/s=0 sf_err/s=0-/home/dachuo/my_socket/src/Metrics.cpp:99
20260309 22:02:01.207543   8946 INFO    metrics active=0 accept/s=0 close/s=0 req/s=0 parse_err/s=0 in_kbps=0 out_kbps=0 rd_eagain/s=0 wr_eagain/s=0 rd_err/s=0 wr_err/s=0 sf_kbps=0 sf_eagain/s=0 sf_err/s=0-/home/dachuo/my_socket/src/Metrics.cpp:99
20260309 22:02:02.208196   8946 INFO    metrics active=0 accept/s=0 close/s=0 req/s=0 parse_err/s=0 in_kbps=0 out_kbps=0 rd_eagain/s=0 wr_eagain/s=0 rd_err/s=0 wr_err/s=0 sf_kbps=0 sf_eagain/s=0 sf_err/s=0-/home/dachuo/my_socket/src/Metrics.cpp:99
20260309 22:02:03.209066   8946 INFO    metrics active=0 accept/s=0 close/s=0 req/s=0 parse_err/s=0 in_kbps=0 out_kbps=0 rd_eagain/s=0 wr_eagain/s=0 rd_err/s=0 wr_err/s=0 sf_kbps=0 sf_eagain/s=0 sf_err/s=0-/home/dachuo/my_socket/src/Metrics.cpp:99
20260309 22:02:04.209584   8946 INFO    metrics active=0 accept/s=0 close/s=0 req/s=0 parse_err/s=0 in_kbps=0 out_kbps=0 rd_eagain/s=0 wr_eagain/s=0 rd_err/s=0 wr_err/s=0 sf_kbps=0 sf_eagain/s=0 sf_err/s=0-/home/dachuo/my_socket/src/Metrics.cpp:99
20260309 22:02:05.210464   8946 INFO    metrics active=0 accept/s=0 close/s=0 req/s=0 parse_err/s=0 in_kbps=0 out_kbps=0 rd_eagain/s=0 wr_eagain/s=0 rd_err/s=0 wr_err/s=0 sf_kbps=0 sf_eagain/s=0 sf_err/s=0-/home/dachuo/my_socket/src/Metrics.cpp:99
20260309 22:02:06.211378   8946 INFO    metrics active=0 accept/s=0 close/s=0 req/s=0 parse_err/s=0 in_kbps=0 out_kbps=0 rd_eagain/s=0 wr_eagain/s=0 rd_err/s=0 wr_err/s=0 sf_kbps=0 sf_eagain/s=0 sf_err/s=0-/home/dachuo/my_socket/src/Metrics.cpp:99
20260309 22:02:07.212351   8946 INFO    metrics active=0 accept/s=0 close/s=0 req/s=0 parse_err/s=0 in_kbps=0 out_kbps=0 rd_eagain/s=0 wr_eagain/s=0 rd_err/s=0 wr_err/s=0 sf_kbps=0 sf_eagain/s=0 sf_err/s=0-/home/dachuo/my_socket/src/Metrics.cpp:99
20260309 22:02:08.213167   8946 INFO    metrics active=0 accept/s=0 close/s=0 req/s=0 parse_err/s=0 in_kbps=0 out_kbps=0 rd_eagain/s=0 wr_eagain/s=0 rd_err/s=0 wr_err/s=0 sf_kbps=0 sf_eagain/s=0 sf_err/s=0-/home/dachuo/my_socket/src/Metrics.cpp:99
20260309 22:02:09.214166   8946 INFO    metrics active=0 accept/s=0 close/s=0 req/s=0 parse_err/s=0 in_kbps=0 out_kbps=0 rd_eagain/s=0 wr_eagain/s=0 rd_err/s=0 wr_err/s=0 sf_kbps=0 sf_eagain/s=0 sf_err/s=0-/home/dachuo/my_socket/src/Metrics.cpp:99
20260309 22:02:10.215399   8946 INFO    metrics active=0 accept/s=0 close/s=0 req/s=0 parse_err/s=0 in_kbps=0 out_kbps=0 rd_eagain/s=0 wr_eagain/s=0 rd_err/s=0 wr_err/s=0 sf_kbps=0 sf_eagain/s=0 sf_err/s=0-/home/dachuo/my_socket/src/Metrics.cpp:99
20260309 22:02:11.216483   8946 INFO    metrics active=0 accept/s=0 close/s=0 req/s=0 parse_err/s=0 in_kbps=0 out_kbps=0 rd_eagain/s=0 wr_eagain/s=0 rd_err/s=0 wr_err/s=0 sf_kbps=0 sf_eagain/s=0 sf_err/s=0-/home/dachuo/my_socket/src/Metrics.cpp:99
20260309 22:02:12.217669   8946 INFO    metrics active=0 accept/s=0 close/s=0 req/s=0 parse_err/s=0 in_kbps=0 out_kbps=0 rd_eagain/s=0 wr_eagain/s=0 rd_err/s=0 wr_err/s=0 sf_kbps=0 sf_eagain/s=0 sf_err/s=0-/home/dachuo/my_socket/src/Metrics.cpp:99
20260309 22:02:13.218500   8946 INFO    metrics active=0 accept/s=0 close/s=0 req/s=0 parse_err/s=0 in_kbps=0 out_kbps=0 rd_eagain/s=0 wr_eagain/s=0 rd_err/s=0 wr_err/s=0 sf_kbps=0 sf_eagain/s=0 sf_err/s=0-/home/dachuo/my_socket/src/Metrics.cpp:99
20260309 22:02:14.219667   8946 INFO    metrics active=0 accept/s=0 close/s=0 req/s=0 parse_err/s=0 in_kbps=0 out_kbps=0 rd_eagain/s=0 wr_eagain/s=0 rd_err/s=0 wr_err/s=0 sf_kbps=0 sf_eagain/s=0 sf_err/s=0-/home/dachuo/my_socket/src/Metrics.cpp:99
20260309 22:02:15.220601   8946 INFO    metrics active=0 accept/s=0 close/s=0 req/s=0 parse_err/s=0 in_kbps=0 out_kbps=0 rd_eagain/s=0 wr_eagain/s=0 rd_err/s=0 wr_err/s=0 sf_kbps=0 sf_eagain/s=0 sf_err/s=0-/home/dachuo/my_socket/src/Metrics.cpp:99
20260309 22:02:16.221245   8946 INFO    metrics active=0 accept/s=0 close/s=0 req/s=0 parse_err/s=0 in_kbps=0 out_kbps=0 rd_eagain/s=0 wr_eagain/s=0 rd_err/s=0 wr_err/s=0 sf_kbps=0 sf_eagain/s=0 sf_err/s=0-/home/dachuo/my_socket/src/Metrics.cpp:99
20260309 22:02:17.222229   8946 INFO    metrics active=0 accept/s=0 close/s=0 req/s=0 parse_err/s=0 in_kbps=0 out_kbps=0 rd_eagain/s=0 wr_eagain/s=0 rd_err/s=0 wr_err/s=0 sf_kbps=0 sf_eagain/s=0 sf_err/s=0-/home/dachuo/my_socket/src/Metrics.cpp:99
20260309 22:02:18.223675   8946 INFO    metrics active=0 accept/s=0 close/s=0 req/s=0 parse_err/s=0 in_kbps=0 out_kbps=0 rd_eagain/s=0 wr_eagain/s=0 rd_err/s=0 wr_err/s=0 sf_kbps=0 sf_eagain/s=0 sf_err/s=0-/home/dachuo/my_socket/src/Metrics.cpp:99
20260309 22:02:19.223978   8946 INFO    metrics active=0 accept/s=0 close/s=0 req/s=0 parse_err/s=0 in_kbps=0 out_kbps=0 rd_eagain/s=0 wr_eagain/s=0 rd_err/s=0 wr_err/s=0 sf_kbps=0 sf_eagain/s=0 sf_err/s=0-/home/dachuo/my_socket/src/Metrics.cpp:99
20260309 22:02:20.224497   8946 INFO    metrics active=0 accept/s=0 close/s=0 req/s=0 parse_err/s=0 in_kbps=0 out_kbps=0 rd_eagain/s=0 wr_eagain/s=0 rd_err/s=0 wr_err/s=0 sf_kbps=0 sf_eagain/s=0 sf_err/s=0-/home/dachuo/my_socket/src/Metrics.cpp:99
20260309 22:02:21.224751   8946 INFO    metrics active=0 accept/s=0 close/s=0 req/s=0 parse_err/s=0 in_kbps=0 out_kbps=0 rd_eagain/s=0 wr_eagain/s=0 rd_err/s=0 wr_err/s=0 sf_kbps=0 sf_eagain/s=0 sf_err/s=0-/home/dachuo/my_socket/src/Metrics.cpp:99
20260309 22:02:22.225062   8946 INFO    metrics active=0 accept/s=0 close/s=0 req/s=0 parse_err/s=0 in_kbps=0 out_kbps=0 rd_eagain/s=0 wr_eagain/s=0 rd_err/s=0 wr_err/s=0 sf_kbps=0 sf_eagain/s=0 sf_err/s=0-/home/dachuo/my_socket/src/Metrics.cpp:99
20260309 22:02:23.225407   8946 INFO    metrics active=0 accept/s=0 close/s=0 req/s=0 parse_err/s=0 in_kbps=0 out_kbps=0 rd_eagain/s=0 wr_eagain/s=0 rd_err/s=0 wr_err/s=0 sf_kbps=0 sf_eagain/s=0 sf_err/s=0-/home/dachuo/my_socket/src/Metrics.cpp:99
20260309 22:02:24.225764   8946 INFO    metrics active=0 accept/s=0 close/s=0 req/s=0 parse_err/s=0 in_kbps=0 out_kbps=0 rd_eagain/s=0 wr_eagain/s=0 rd_err/s=0 wr_err/s=0 sf_kbps=0 sf_eagain/s=0 sf_err/s=0-/home/dachuo/my_socket/src/Metrics.cpp:99
20260309 22:02:25.226448   8946 INFO    metrics active=0 accept/s=0 close/s=0 req/s=0 parse_err/s=0 in_kbps=0 out_kbps=0 rd_eagain/s=0 wr_eagain/s=0 rd_err/s=0 wr_err/s=0 sf_kbps=0 sf_eagain/s=0 sf_err/s=0-/home/dachuo/my_socket/src/Metrics.cpp:99
20260309 22:02:26.226904   8946 INFO    metrics active=0 accept/s=0 close/s=0 req/s=0 parse_err/s=0 in_kbps=0 out_kbps=0 rd_eagain/s=0 wr_eagain/s=0 rd_err/s=0 wr_err/s=0 sf_kbps=0 sf_eagain/s=0 sf_err/s=0-/home/dachuo/my_socket/src/Metrics.cpp:99
20260309 22:02:27.228096   8946 INFO    metrics active=0 accept/s=0 close/s=0 req/s=0 parse_err/s=0 in_kbps=0 out_kbps=0 rd_eagain/s=0 wr_eagain/s=0 rd_err/s=0 wr_err/s=0 sf_kbps=0 sf_eagain/s=0 sf_err/s=0-/home/dachuo/my_socket/src/Metrics.cpp:99
20260309 22:02:28.228837   8946 INFO    metrics active=0 accept/s=0 close/s=0 req/s=0 parse_err/s=0 in_kbps=0 out_kbps=0 rd_eagain/s=0 wr_eagain/s=0 rd_err/s=0 wr_err/s=0 sf_kbps=0 sf_eagain/s=0 sf_err/s=0-/home/dachuo/my_socket/src/Metrics.cpp:99
20260309 22:02:29.230186   8946 INFO    metrics active=0 accept/s=0 close/s=0 req/s=0 parse_err/s=0 in_kbps=0 out_kbps=0 rd_eagain/s=0 wr_eagain/s=0 rd_err/s=0 wr_err/s=0 sf_kbps=0 sf_eagain/s=0 sf_err/s=0-/home/dachuo/my_socket/src/Metrics.cpp:99
20260309 22:02:30.231267   8946 INFO    metrics active=0 accept/s=0 close/s=0 req/s=0 parse_err/s=0 in_kbps=0 out_kbps=0 rd_eagain/s=0 wr_eagain/s=0 rd_err/s=0 wr_err/s=0 sf_kbps=0 sf_eagain/s=0 sf_err/s=0-/home/dachuo/my_socket/src/Metrics.cpp:99
20260309 22:02:31.231944   8946 INFO    metrics active=0 accept/s=0 close/s=0 req/s=0 parse_err/s=0 in_kbps=0 out_kbps=0 rd_eagain/s=0 wr_eagain/s=0 rd_err/s=0 wr_err/s=0 sf_kbps=0 sf_eagain/s=0 sf_err/s=0-/home/dachuo/my_socket/src/Metrics.cpp:99
20260309 22:02:32.232232   8946 INFO    metrics active=0 accept/s=0 close/s=0 req/s=0 parse_err/s=0 in_kbps=0 out_kbps=0 rd_eagain/s=0 wr_eagain/s=0 rd_err/s=0 wr_err/s=0 sf_kbps=0 sf_eagain/s=0 sf_err/s=0-/home/dachuo/my_socket/src/Metrics.cpp:99
20260309 22:02:33.232441   8946 INFO    metrics active=0 accept/s=0 close/s=0 req/s=0 parse_err/s=0 in_kbps=0 out_kbps=0 rd_eagain/s=0 wr_eagain/s=0 rd_err/s=0 wr_err/s=0 sf_kbps=0 sf_eagain/s=0 sf_err/s=0-/home/dachuo/my_socket/src/Metrics.cpp:99
20260309 22:02:34.233928   8946 INFO    metrics active=0 accept/s=0 close/s=0 req/s=0 parse_err/s=0 in_kbps=0 out_kbps=0 rd_eagain/s=0 wr_eagain/s=0 rd_err/s=0 wr_err/s=0 sf_kbps=0 sf_eagain/s=0 sf_err/s=0-/home/dachuo/my_socket/src/Metrics.cpp:99
20260309 22:02:35.234727   8946 INFO    metrics active=0 accept/s=0 close/s=0 req/s=0 parse_err/s=0 in_kbps=0 out_kbps=0 rd_eagain/s=0 wr_eagain/s=0 rd_err/s=0 wr_err/s=0 sf_kbps=0 sf_eagain/s=0 sf_err/s=0-/home/dachuo/my_socket/src/Metrics.cpp:99
20260309 22:02:36.236117   8946 INFO    metrics active=0 accept/s=0 close/s=0 req/s=0 parse_err/s=0 in_kbps=0 out_kbps=0 rd_eagain/s=0 wr_eagain/s=0 rd_err/s=0 wr_err/s=0 sf_kbps=0 sf_eagain/s=0 sf_err/s=0-/home/dachuo/my_socket/src/Metrics.cpp:99
20260309 22:02:37.236522   8946 INFO    metrics active=0 accept/s=0 close/s=0 req/s=0 parse_err/s=0 in_kbps=0 out_kbps=0 rd_eagain/s=0 wr_eagain/s=0 rd_err/s=0 wr_err/s=0 sf_kbps=0 sf_eagain/s=0 sf_err/s=0-/home/dachuo/my_socket/src/Metrics.cpp:99
20260309 22:02:38.237136   8946 INFO    metrics active=0 accept/s=0 close/s=0 req/s=0 parse_err/s=0 in_kbps=0 out_kbps=0 rd_eagain/s=0 wr_eagain/s=0 rd_err/s=0 wr_err/s=0 sf_kbps=0 sf_eagain/s=0 sf_err/s=0-/home/dachuo/my_socket/src/Metrics.cpp:99
20260309 22:02:39.238650   8946 INFO    metrics active=0 accept/s=0 close/s=0 req/s=0 parse_err/s=0 in_kbps=0 out_kbps=0 rd_eagain/s=0 wr_eagain/s=0 rd_err/s=0 wr_err/s=0 sf_kbps=0 sf_eagain/s=0 sf_err/s=0-/home/dachuo/my_socket/src/Metrics.cpp:99
20260309 22:02:40.240726   8946 INFO    metrics active=0 accept/s=0 close/s=0 req/s=0 parse_err/s=0 in_kbps=0 out_kbps=0 rd_eagain/s=0 wr_eagain/s=0 rd_err/s=0 wr_err/s=0 sf_kbps=0 sf_eagain/s=0 sf_err/s=0-/home/dachuo/my_socket/src/Metrics.cpp:99
20260309 22:02:41.241848   8946 INFO    metrics active=0 accept/s=0 close/s=0 req/s=0 parse_err/s=0 in_kbps=0 out_kbps=0 rd_eagain/s=0 wr_eagain/s=0 rd_err/s=0 wr_err/s=0 sf_kbps=0 sf_eagain/s=0 sf_err/s=0-/home/dachuo/my_socket/src/Metrics.cpp:99
20260309 22:02:42.242714   8946 INFO    metrics active=0 accept/s=0 close/s=0 req/s=0 parse_err/s=0 in_kbps=0 out_kbps=0 rd_eagain/s=0 wr_eagain/s=0 rd_err/s=0 wr_err/s=0 sf_kbps=0 sf_eagain/s=0 sf_err/s=0-/home/dachuo/my_socket/src/Metrics.cpp:99
20260309 22:02:43.243652   8946 INFO    metrics active=0 accept/s=0 close/s=0 req/s=0 parse_err/s=0 in_kbps=0 out_kbps=0 rd_eagain/s=0 wr_eagain/s=0 rd_err/s=0 wr_err/s=0 sf_kbps=0 sf_eagain/s=0 sf_err/s=0-/home/dachuo/my_socket/src/Metrics.cpp:99
20260309 22:02:44.244290   8946 INFO    metrics active=0 accept/s=0 close/s=0 req/s=0 parse_err/s=0 in_kbps=0 out_kbps=0 rd_eagain/s=0 wr_eagain/s=0 rd_err/s=0 wr_err/s=0 sf_kbps=0 sf_eagain/s=0 sf_err/s=0-/home/dachuo/my_socket/src/Metrics.cpp:99
20260309 22:02:45.244869   8946 INFO    metrics active=0 accept/s=0 close/s=0 req/s=0 parse_err/s=0 in_kbps=0 out_kbps=0 rd_eagain/s=0 wr_eagain/s=0 rd_err/s=0 wr_err/s=0 sf_kbps=0 sf_eagain/s=0 sf_err/s=0-/home/dachuo/my_socket/src/Metrics.cpp:99
20260309 22:02:46.245320   8946 INFO    metrics active=0 accept/s=0 close/s=0 req/s=0 parse_err/s=0 in_kbps=0 out_kbps=0 rd_eagain/s=0 wr_eagain/s=0 rd_err/s=0 wr_err/s=0 sf_kbps=0 sf_eagain/s=0 sf_err/s=0-/home/dachuo/my_socket/src/Metrics.cpp:99
20260309 22:02:47.246758   8946 INFO    metrics active=0 accept/s=0 close/s=0 req/s=0 parse_err/s=0 in_kbps=0 out_kbps=0 rd_eagain/s=0 wr_eagain/s=0 rd_err/s=0 wr_err/s=0 sf_kbps=0 sf_eagain/s=0 sf_err/s=0-/home/dachuo/my_socket/src/Metrics.cpp:99
20260309 22:02:48.247459   8946 INFO    metrics active=0 accept/s=0 close/s=0 req/s=0 parse_err/s=0 in_kbps=0 out_kbps=0 rd_eagain/s=0 wr_eagain/s=0 rd_err/s=0 wr_err/s=0 sf_kbps=0 sf_eagain/s=0 sf_err/s=0-/home/dachuo/my_socket/src/Metrics.cpp:99
20260309 22:02:49.247981   8946 INFO    metrics active=0 accept/s=0 close/s=0 req/s=0 parse_err/s=0 in_kbps=0 out_kbps=0 rd_eagain/s=0 wr_eagain/s=0 rd_err/s=0 wr_err/s=0 sf_kbps=0 sf_eagain/s=0 sf_err/s=0-/home/dachuo/my_socket/src/Metrics.cpp:99
20260309 22:02:50.248802   8946 INFO    metrics active=0 accept/s=0 close/s=0 req/s=0 parse_err/s=0 in_kbps=0 out_kbps=0 rd_eagain/s=0 wr_eagain/s=0 rd_err/s=0 wr_err/s=0 sf_kbps=0 sf_eagain/s=0 sf_err/s=0-/home/dachuo/my_socket/src/Metrics.cpp:99
20260309 22:02:51.249609   8946 INFO    metrics active=0 accept/s=0 close/s=0 req/s=0 parse_err/s=0 in_kbps=0 out_kbps=0 rd_eagain/s=0 wr_eagain/s=0 rd_err/s=0 wr_err/s=0 sf_kbps=0 sf_eagain/s=0 sf_err/s=0-/home/dachuo/my_socket/src/Metrics.cpp:99
20260309 22:02:52.250607   8946 INFO    metrics active=0 accept/s=0 close/s=0 req/s=0 parse_err/s=0 in_kbps=0 out_kbps=0 rd_eagain/s=0 wr_eagain/s=0 rd_err/s=0 wr_err/s=0 sf_kbps=0 sf_eagain/s=0 sf_err/s=0-/home/dachuo/my_socket/src/Metrics.cpp:99
20260309 22:02:53.251602   8946 INFO    metrics active=0 accept/s=0 close/s=0 req/s=0 parse_err/s=0 in_kbps=0 out_kbps=0 rd_eagain/s=0 wr_eagain/s=0 rd_err/s=0 wr_err/s=0 sf_kbps=0 sf_eagain/s=0 sf_err/s=0-/home/dachuo/my_socket/src/Metrics.cpp:99
20260309 22:02:54.252600   8946 INFO    metrics active=0 accept/s=0 close/s=0 req/s=0 parse_err/s=0 in_kbps=0 out_kbps=0 rd_eagain/s=0 wr_eagain/s=0 rd_err/s=0 wr_err/s=0 sf_kbps=0 sf_eagain/s=0 sf_err/s=0-/home/dachuo/my_socket/src/Metrics.cpp:99
20260309 22:02:55.252886   8946 INFO    metrics active=0 accept/s=0 close/s=0 req/s=0 parse_err/s=0 in_kbps=0 out_kbps=0 rd_eagain/s=0 wr_eagain/s=0 rd_err/s=0 wr_err/s=0 sf_kbps=0 sf_eagain/s=0 sf_err/s=0-/home/dachuo/my_socket/src/Metrics.cpp:99
20260309 22:02:56.253510   8946 INFO    metrics active=0 accept/s=0 close/s=0 req/s=0 parse_err/s=0 in_kbps=0 out_kbps=0 rd_eagain/s=0 wr_eagain/s=0 rd_err/s=0 wr_err/s=0 sf_kbps=0 sf_eagain/s=0 sf_err/s=0-/home/dachuo/my_socket/src/Metrics.cpp:99
20260309 22:02:57.254029   8946 INFO    metrics active=0 accept/s=0 close/s=0 req/s=0 parse_err/s=0 in_kbps=0 out_kbps=0 rd_eagain/s=0 wr_eagain/s=0 rd_err/s=0 wr_err/s=0 sf_kbps=0 sf_eagain/s=0 sf_err/s=0-/home/dachuo/my_socket/src/Metrics.cpp:99
20260309 22:02:58.255105   8946 INFO    metrics active=0 accept/s=0 close/s=0 req/s=0 parse_err/s=0 in_kbps=0 out_kbps=0 rd_eagain/s=0 wr_eagain/s=0 rd_err/s=0 wr_err/s=0 sf_kbps=0 sf_eagain/s=0 sf_err/s=0-/home/dachuo/my_socket/src/Metrics.cpp:99
20260309 22:02:59.255927   8946 INFO    metrics active=0 accept/s=0 close/s=0 req/s=0 parse_err/s=0 in_kbps=0 out_kbps=0 rd_eagain/s=0 wr_eagain/s=0 rd_err/s=0 wr_err/s=0 sf_kbps=0 sf_eagain/s=0 sf_err/s=0-/home/dachuo/my_socket/src/Metrics.cpp:99
20260309 22:03:00.256653   8946 INFO    metrics active=0 accept/s=0 close/s=0 req/s=0 parse_err/s=0 in_kbps=0 out_kbps=0 rd_eagain/s=0 wr_eagain/s=0 rd_err/s=0 wr_err/s=0 sf_kbps=0 sf_eagain/s=0 sf_err/s=0-/home/dachuo/my_socket/src/Metrics.cpp:99
20260309 22:03:01.257514   8946 INFO    metrics active=0 accept/s=0 close/s=0 req/s=0 parse_err/s=0 in_kbps=0 out_kbps=0 rd_eagain/s=0 wr_eagain/s=0 rd_err/s=0 wr_err/s=0 sf_kbps=0 sf_eagain/s=0 sf_err/s=0-/home/dachuo/my_socket/src/Metrics.cpp:99
20260309 22:03:02.258795   8946 INFO    metrics active=0 accept/s=0 close/s=0 req/s=0 parse_err/s=0 in_kbps=0 out_kbps=0 rd_eagain/s=0 wr_eagain/s=0 rd_err/s=0 wr_err/s=0 sf_kbps=0 sf_eagain/s=0 sf_err/s=0-/home/dachuo/my_socket/src/Metrics.cpp:99
20260309 22:03:03.259777   8946 INFO    metrics active=0 accept/s=0 close/s=0 req/s=0 parse_err/s=0 in_kbps=0 out_kbps=0 rd_eagain/s=0 wr_eagain/s=0 rd_err/s=0 wr_err/s=0 sf_kbps=0 sf_eagain/s=0 sf_err/s=0-/home/dachuo/my_socket/src/Metrics.cpp:99
20260309 22:03:04.260968   8946 INFO    metrics active=0 accept/s=0 close/s=0 req/s=0 parse_err/s=0 in_kbps=0 out_kbps=0 rd_eagain/s=0 wr_eagain/s=0 rd_err/s=0 wr_err/s=0 sf_kbps=0 sf_eagain/s=0 sf_err/s=0-/home/dachuo/my_socket/src/Metrics.cpp:99
20260309 22:03:05.262541   8946 INFO    metrics active=0 accept/s=0 close/s=0 req/s=0 parse_err/s=0 in_kbps=0 out_kbps=0 rd_eagain/s=0 wr_eagain/s=0 rd_err/s=0 wr_err/s=0 sf_kbps=0 sf_eagain/s=0 sf_err/s=0-/home/dachuo/my_socket/src/Metrics.cpp:99
20260309 22:03:06.263489   8946 INFO    metrics active=0 accept/s=0 close/s=0 req/s=0 parse_err/s=0 in_kbps=0 out_kbps=0 rd_eagain/s=0 wr_eagain/s=0 rd_err/s=0 wr_err/s=0 sf_kbps=0 sf_eagain/s=0 sf_err/s=0-/home/dachuo/my_socket/src/Metrics.cpp:99
20260309 22:03:07.264627   8946 INFO    metrics active=0 accept/s=0 close/s=0 req/s=0 parse_err/s=0 in_kbps=0 out_kbps=0 rd_eagain/s=0 wr_eagain/s=0 rd_err/s=0 wr_err/s=0 sf_kbps=0 sf_eagain/s=0 sf_err/s=0-/home/dachuo/my_socket/src/Metrics.cpp:99
20260309 22:03:08.266205   8946 INFO    metrics active=0 accept/s=0 close/s=0 req/s=0 parse_err/s=0 in_kbps=0 out_kbps=0 rd_eagain/s=0 wr_eagain/s=0 rd_err/s=0 wr_err/s=0 sf_kbps=0 sf_eagain/s=0 sf_err/s=0-/home/dachuo/my_socket/src/Metrics.cpp:99
20260309 22:03:09.266930   8946 INFO    metrics active=0 accept/s=0 close/s=0 req/s=0 parse_err/s=0 in_kbps=0 out_kbps=0 rd_eagain/s=0 wr_eagain/s=0 rd_err/s=0 wr_err/s=0 sf_kbps=0 sf_eagain/s=0 sf_err/s=0-/home/dachuo/my_socket/src/Metrics.cpp:99
20260309 22:03:10.268176   8946 INFO    metrics active=0 accept/s=0 close/s=0 req/s=0 parse_err/s=0 in_kbps=0 out_kbps=0 rd_eagain/s=0 wr_eagain/s=0 rd_err/s=0 wr_err/s=0 sf_kbps=0 sf_eagain/s=0 sf_err/s=0-/home/dachuo/my_socket/src/Metrics.cpp:99
20260309 22:03:11.269339   8946 INFO    metrics active=0 accept/s=0 close/s=0 req/s=0 parse_err/s=0 in_kbps=0 out_kbps=0 rd_eagain/s=0 wr_eagain/s=0 rd_err/s=0 wr_err/s=0 sf_kbps=0 sf_eagain/s=0 sf_err/s=0-/home/dachuo/my_socket/src/Metrics.cpp:99
20260309 22:03:12.270206   8946 INFO    metrics active=0 accept/s=0 close/s=0 req/s=0 parse_err/s=0 in_kbps=0 out_kbps=0 rd_eagain/s=0 wr_eagain/s=0 rd_err/s=0 wr_err/s=0 sf_kbps=0 sf_eagain/s=0 sf_err/s=0-/home/dachuo/my_socket/src/Metrics.cpp:99
20260309 22:03:13.271202   8946 INFO    metrics active=0 accept/s=0 close/s=0 req/s=0 parse_err/s=0 in_kbps=0 out_kbps=0 rd_eagain/s=0 wr_eagain/s=0 rd_err/s=0 wr_err/s=0 sf_kbps=0 sf_eagain/s=0 sf_err/s=0-/home/dachuo/my_socket/src/Metrics.cpp:99
20260309 22:03:14.271979   8946 INFO    metrics active=0 accept/s=0 close/s=0 req/s=0 parse_err/s=0 in_kbps=0 out_kbps=0 rd_eagain/s=0 wr_eagain/s=0 rd_err/s=0 wr_err/s=0 sf_kbps=0 sf_eagain/s=0 sf_err/s=0-/home/dachuo/my_socket/src/Metrics.cpp:99
20260309 22:03:15.272196   8946 INFO    metrics active=0 accept/s=0 close/s=0 req/s=0 parse_err/s=0 in_kbps=0 out_kbps=0 rd_eagain/s=0 wr_eagain/s=0 rd_err/s=0 wr_err/s=0 sf_kbps=0 sf_eagain/s=0 sf_err/s=0-/home/dachuo/my_socket/src/Metrics.cpp:99
20260309 22:03:16.273131   8946 INFO    metrics active=0 accept/s=0 close/s=0 req/s=0 parse_err/s=0 in_kbps=0 out_kbps=0 rd_eagain/s=0 wr_eagain/s=0 rd_err/s=0 wr_err/s=0 sf_kbps=0 sf_eagain/s=0 sf_err/s=0-/home/dachuo/my_socket/src/Metrics.cpp:99
20260309 22:03:17.273469   8946 INFO    metrics active=0 accept/s=0 close/s=0 req/s=0 parse_err/s=0 in_kbps=0 out_kbps=0 rd_eagain/s=0 wr_eagain/s=0 rd_err/s=0 wr_err/s=0 sf_kbps=0 sf_eagain/s=0 sf_err/s=0-/home/dachuo/my_socket/src/Metrics.cpp:99
20260309 22:03:18.274500   8946 INFO    metrics active=0 accept/s=0 close/s=0 req/s=0 parse_err/s=0 in_kbps=0 out_kbps=0 rd_eagain/s=0 wr_eagain/s=0 rd_err/s=0 wr_err/s=0 sf_kbps=0 sf_eagain/s=0 sf_err/s=0-/home/dachuo/my_socket/src/Metrics.cpp:99
20260309 22:03:19.274969   8946 INFO    metrics active=0 accept/s=0 close/s=0 req/s=0 parse_err/s=0 in_kbps=0 out_kbps=0 rd_eagain/s=0 wr_eagain/s=0 rd_err/s=0 wr_err/s=0 sf_kbps=0 sf_eagain/s=0 sf_err/s=0-/home/dachuo/my_socket/src/Metrics.cpp:99
20260309 22:03:20.276074   8946 INFO    metrics active=0 accept/s=0 close/s=0 req/s=0 parse_err/s=0 in_kbps=0 out_kbps=0 rd_eagain/s=0 wr_eagain/s=0 rd_err/s=0 wr_err/s=0 sf_kbps=0 sf_eagain/s=0 sf_err/s=0-/home/dachuo/my_socket/src/Metrics.cpp:99
20260309 22:03:21.276731   8946 INFO    metrics active=0 accept/s=0 close/s=0 req/s=0 parse_err/s=0 in_kbps=0 out_kbps=0 rd_eagain/s=0 wr_eagain/s=0 rd_err/s=0 wr_err/s=0 sf_kbps=0 sf_eagain/s=0 sf_err/s=0-/home/dachuo/my_socket/src/Metrics.cpp:99
20260309 22:03:22.277566   8946 INFO    metrics active=0 accept/s=0 close/s=0 req/s=0 parse_err/s=0 in_kbps=0 out_kbps=0 rd_eagain/s=0 wr_eagain/s=0 rd_err/s=0 wr_err/s=0 sf_kbps=0 sf_eagain/s=0 sf_err/s=0-/home/dachuo/my_socket/src/Metrics.cpp:99
20260309 22:03:23.278519   8946 INFO    metrics active=0 accept/s=0 close/s=0 req/s=0 parse_err/s=0 in_kbps=0 out_kbps=0 rd_eagain/s=0 wr_eagain/s=0 rd_err/s=0 wr_err/s=0 sf_kbps=0 sf_eagain/s=0 sf_err/s=0-/home/dachuo/my_socket/src/Metrics.cpp:99
20260309 22:03:24.280046   8946 INFO    metrics active=0 accept/s=0 close/s=0 req/s=0 parse_err/s=0 in_kbps=0 out_kbps=0 rd_eagain/s=0 wr_eagain/s=0 rd_err/s=0 wr_err/s=0 sf_kbps=0 sf_eagain/s=0 sf_err/s=0-/home/dachuo/my_socket/src/Metrics.cpp:99
20260309 22:03:25.280905   8946 INFO    metrics active=0 accept/s=0 close/s=0 req/s=0 parse_err/s=0 in_kbps=0 out_kbps=0 rd_eagain/s=0 wr_eagain/s=0 rd_err/s=0 wr_err/s=0 sf_kbps=0 sf_eagain/s=0 sf_err/s=0-/home/dachuo/my_socket/src/Metrics.cpp:99
20260309 22:03:26.282117   8946 INFO    metrics active=0 accept/s=0 close/s=0 req/s=0 parse_err/s=0 in_kbps=0 out_kbps=0 rd_eagain/s=0 wr_eagain/s=0 rd_err/s=0 wr_err/s=0 sf_kbps=0 sf_eagain/s=0 sf_err/s=0-/home/dachuo/my_socket/src/Metrics.cpp:99
20260309 22:03:26.876005   8946 INFO    HttpServer::OnNewConnection : Add connection [ fd#34 ] from 127.0.0.1:63746-/home/dachuo/my_socket/src/HttpServer.cpp:281
20260309 22:03:26.876845   8949 INFO    /query.php, request successfully. Method:GET-/home/dachuo/my_socket/src/HttpServer.cpp:306
20260309 22:03:27.282736   8946 INFO    metrics active=0 accept/s=0.999377 close/s=0.999377 req/s=0.999377 parse_err/s=0 in_kbps=1.45509 out_kbps=0.943412 rd_eagain/s=0.999377 wr_eagain/s=0 rd_err/s=0 wr_err/s=0 sf_kbps=0 sf_eagain/s=0 sf_err/s=0-/home/dachuo/my_socket/src/Metrics.cpp:99
20260309 22:03:28.283588   8946 INFO    metrics active=0 accept/s=0 close/s=0 req/s=0 parse_err/s=0 in_kbps=0 out_kbps=0 rd_eagain/s=0 wr_eagain/s=0 rd_err/s=0 wr_err/s=0 sf_kbps=0 sf_eagain/s=0 sf_err/s=0-/home/dachuo/my_socket/src/Metrics.cpp:99
20260309 22:03:29.284243   8946 INFO    metrics active=0 accept/s=0 close/s=0 req/s=0 parse_err/s=0 in_kbps=0 out_kbps=0 rd_eagain/s=0 wr_eagain/s=0 rd_err/s=0 wr_err/s=0 sf_kbps=0 sf_eagain/s=0 sf_err/s=0-/home/dachuo/my_socket/src/Metrics.cpp:99
20260309 22:03:30.284574   8946 INFO    metrics active=0 accept/s=0 close/s=0 req/s=0 parse_err/s=0 in_kbps=0 out_kbps=0 rd_eagain/s=0 wr_eagain/s=0 rd_err/s=0 wr_err/s=0 sf_kbps=0 sf_eagain/s=0 sf_err/s=0-/home/dachuo/my_socket/src/Metrics.cpp:99
20260309 22:03:31.285184   8946 INFO    metrics active=0 accept/s=0 close/s=0 req/s=0 parse_err/s=0 in_kbps=0 out_kbps=0 rd_eagain/s=0 wr_eagain/s=0 rd_err/s=0 wr_err/s=0 sf_kbps=0 sf_eagain/s=0 sf_err/s=0-/home/dachuo/my_socket/src/Metrics.cpp:99
20260309 22:03:32.286278   8946 INFO    metrics active=0 accept/s=0 close/s=0 req/s=0 parse_err/s=0 in_kbps=0 out_kbps=0 rd_eagain/s=0 wr_eagain/s=0 rd_err/s=0 wr_err/s=0 sf_kbps=0 sf_eagain/s=0 sf_err/s=0-/home/dachuo/my_socket/src/Metrics.cpp:99
20260309 22:03:33.287217   8946 INFO    metrics active=0 accept/s=0 close/s=0 req/s=0 parse_err/s=0 in_kbps=0 out_kbps=0 rd_eagain/s=0 wr_eagain/s=0 rd_err/s=0 wr_err/s=0 sf_kbps=0 sf_eagain/s=0 sf_err/s=0-/home/dachuo/my_socket/src/Metrics.cpp:99
20260309 22:03:34.288155   8946 INFO    metrics active=0 accept/s=0 close/s=0 req/s=0 parse_err/s=0 in_kbps=0 out_kbps=0 rd_eagain/s=0 wr_eagain/s=0 rd_err/s=0 wr_err/s=0 sf_kbps=0 sf_eagain/s=0 sf_err/s=0-/home/dachuo/my_socket/src/Metrics.cpp:99
20260309 22:03:35.288444   8946 INFO    metrics active=0 accept/s=0 close/s=0 req/s=0 parse_err/s=0 in_kbps=0 out_kbps=0 rd_eagain/s=0 wr_eagain/s=0 rd_err/s=0 wr_err/s=0 sf_kbps=0 sf_eagain/s=0 sf_err/s=0-/home/dachuo/my_socket/src/Metrics.cpp:99
20260309 22:03:36.289444   8946 INFO    metrics active=0 accept/s=0 close/s=0 req/s=0 parse_err/s=0 in_kbps=0 out_kbps=0 rd_eagain/s=0 wr_eagain/s=0 rd_err/s=0 wr_err/s=0 sf_kbps=0 sf_eagain/s=0 sf_err/s=0-/home/dachuo/my_socket/src/Metrics.cpp:99
20260309 22:03:37.290592   8946 INFO    metrics active=0 accept/s=0 close/s=0 req/s=0 parse_err/s=0 in_kbps=0 out_kbps=0 rd_eagain/s=0 wr_eagain/s=0 rd_err/s=0 wr_err/s=0 sf_kbps=0 sf_eagain/s=0 sf_err/s=0-/home/dachuo/my_socket/src/Metrics.cpp:99
20260309 22:03:38.291611   8946 INFO    metrics active=0 accept/s=0 close/s=0 req/s=0 parse_err/s=0 in_kbps=0 out_kbps=0 rd_eagain/s=0 wr_eagain/s=0 rd_err/s=0 wr_err/s=0 sf_kbps=0 sf_eagain/s=0 sf_err/s=0-/home/dachuo/my_socket/src/Metrics.cpp:99
20260309 22:03:39.292426   8946 INFO    metrics active=0 accept/s=0 close/s=0 req/s=0 parse_err/s=0 in_kbps=0 out_kbps=0 rd_eagain/s=0 wr_eagain/s=0 rd_err/s=0 wr_err/s=0 sf_kbps=0 sf_eagain/s=0 sf_err/s=0-/home/dachuo/my_socket/src/Metrics.cpp:99
20260309 22:03:40.292857   8946 INFO    metrics active=0 accept/s=0 close/s=0 req/s=0 parse_err/s=0 in_kbps=0 out_kbps=0 rd_eagain/s=0 wr_eagain/s=0 rd_err/s=0 wr_err/s=0 sf_kbps=0 sf_eagain/s=0 sf_err/s=0-/home/dachuo/my_socket/src/Metrics.cpp:99
20260309 22:03:41.293486   8946 INFO    metrics active=0 accept/s=0 close/s=0 req/s=0 parse_err/s=0 in_kbps=0 out_kbps=0 rd_eagain/s=0 wr_eagain/s=0 rd_err/s=0 wr_err/s=0 sf_kbps=0 sf_eagain/s=0 sf_err/s=0-/home/dachuo/my_socket/src/Metrics.cpp:99
20260309 22:03:42.294276   8946 INFO    metrics active=0 accept/s=0 close/s=0 req/s=0 parse_err/s=0 in_kbps=0 out_kbps=0 rd_eagain/s=0 wr_eagain/s=0 rd_err/s=0 wr_err/s=0 sf_kbps=0 sf_eagain/s=0 sf_err/s=0-/home/dachuo/my_socket/src/Metrics.cpp:99
20260309 22:03:43.294583   8946 INFO    metrics active=0 accept/s=0 close/s=0 req/s=0 parse_err/s=0 in_kbps=0 out_kbps=0 rd_eagain/s=0 wr_eagain/s=0 rd_err/s=0 wr_err/s=0 sf_kbps=0 sf_eagain/s=0 sf_err/s=0-/home/dachuo/my_socket/src/Metrics.cpp:99
20260309 22:03:44.295029   8946 INFO    metrics active=0 accept/s=0 close/s=0 req/s=0 parse_err/s=0 in_kbps=0 out_kbps=0 rd_eagain/s=0 wr_eagain/s=0 rd_err/s=0 wr_err/s=0 sf_kbps=0 sf_eagain/s=0 sf_err/s=0-/home/dachuo/my_socket/src/Metrics.cpp:99
20260309 22:03:45.295653   8946 INFO    metrics active=0 accept/s=0 close/s=0 req/s=0 parse_err/s=0 in_kbps=0 out_kbps=0 rd_eagain/s=0 wr_eagain/s=0 rd_err/s=0 wr_err/s=0 sf_kbps=0 sf_eagain/s=0 sf_err/s=0-/home/dachuo/my_socket/src/Metrics.cpp:99
20260309 22:03:46.295992   8946 INFO    metrics active=0 accept/s=0 close/s=0 req/s=0 parse_err/s=0 in_kbps=0 out_kbps=0 rd_eagain/s=0 wr_eagain/s=0 rd_err/s=0 wr_err/s=0 sf_kbps=0 sf_eagain/s=0 sf_err/s=0-/home/dachuo/my_socket/src/Metrics.cpp:99
20260309 22:03:47.297245   8946 INFO    metrics active=0 accept/s=0 close/s=0 req/s=0 parse_err/s=0 in_kbps=0 out_kbps=0 rd_eagain/s=0 wr_eagain/s=0 rd_err/s=0 wr_err/s=0 sf_kbps=0 sf_eagain/s=0 sf_err/s=0-/home/dachuo/my_socket/src/Metrics.cpp:99
20260309 22:03:48.297712   8946 INFO    metrics active=0 accept/s=0 close/s=0 req/s=0 parse_err/s=0 in_kbps=0 out_kbps=0 rd_eagain/s=0 wr_eagain/s=0 rd_err/s=0 wr_err/s=0 sf_kbps=0 sf_eagain/s=0 sf_err/s=0-/home/dachuo/my_socket/src/Metrics.cpp:99
20260309 22:03:49.298785   8946 INFO    metrics active=0 accept/s=0 close/s=0 req/s=0 parse_err/s=0 in_kbps=0 out_kbps=0 rd_eagain/s=0 wr_eagain/s=0 rd_err/s=0 wr_err/s=0 sf_kbps=0 sf_eagain/s=0 sf_err/s=0-/home/dachuo/my_socket/src/Metrics.cpp:99
20260309 22:03:50.299792   8946 INFO    metrics active=0 accept/s=0 close/s=0 req/s=0 parse_err/s=0 in_kbps=0 out_kbps=0 rd_eagain/s=0 wr_eagain/s=0 rd_err/s=0 wr_err/s=0 sf_kbps=0 sf_eagain/s=0 sf_err/s=0-/home/dachuo/my_socket/src/Metrics.cpp:99
20260309 22:03:51.300762   8946 INFO    metrics active=0 accept/s=0 close/s=0 req/s=0 parse_err/s=0 in_kbps=0 out_kbps=0 rd_eagain/s=0 wr_eagain/s=0 rd_err/s=0 wr_err/s=0 sf_kbps=0 sf_eagain/s=0 sf_err/s=0-/home/dachuo/my_socket/src/Metrics.cpp:99
20260309 22:03:52.301362   8946 INFO    metrics active=0 accept/s=0 close/s=0 req/s=0 parse_err/s=0 in_kbps=0 out_kbps=0 rd_eagain/s=0 wr_eagain/s=0 rd_err/s=0 wr_err/s=0 sf_kbps=0 sf_eagain/s=0 sf_err/s=0-/home/dachuo/my_socket/src/Metrics.cpp:99
20260309 22:03:53.302356   8946 INFO    metrics active=0 accept/s=0 close/s=0 req/s=0 parse_err/s=0 in_kbps=0 out_kbps=0 rd_eagain/s=0 wr_eagain/s=0 rd_err/s=0 wr_err/s=0 sf_kbps=0 sf_eagain/s=0 sf_err/s=0-/home/dachuo/my_socket/src/Metrics.cpp:99
20260309 22:03:54.303140   8946 INFO    metrics active=0 accept/s=0 close/s=0 req/s=0 parse_err/s=0 in_kbps=0 out_kbps=0 rd_eagain/s=0 wr_eagain/s=0 rd_err/s=0 wr_err/s=0 sf_kbps=0 sf_eagain/s=0 sf_err/s=0-/home/dachuo/my_socket/src/Metrics.cpp:99
20260309 22:03:55.303760   8946 INFO    metrics active=0 accept/s=0 close/s=0 req/s=0 parse_err/s=0 in_kbps=0 out_kbps=0 rd_eagain/s=0 wr_eagain/s=0 rd_err/s=0 wr_err/s=0 sf_kbps=0 sf_eagain/s=0 sf_err/s=0-/home/dachuo/my_socket/src/Metrics.cpp:99
20260309 22:03:56.304165   8946 INFO    metrics active=0 accept/s=0 close/s=0 req/s=0 parse_err/s=0 in_kbps=0 out_kbps=0 rd_eagain/s=0 wr_eagain/s=0 rd_err/s=0 wr_err/s=0 sf_kbps=0 sf_eagain/s=0 sf_err/s=0-/home/dachuo/my_socket/src/Metrics.cpp:99
20260309 22:03:57.304920   8946 INFO    metrics active=0 accept/s=0 close/s=0 req/s=0 parse_err/s=0 in_kbps=0 out_kbps=0 rd_eagain/s=0 wr_eagain/s=0 rd_err/s=0 wr_err/s=0 sf_kbps=0 sf_eagain/s=0 sf_err/s=0-/home/dachuo/my_socket/src/Metrics.cpp:99
